ok,status,iters,U_peak,effort,J,d_s,d_f,phi_l,phi_c,t_l,U_catch,U_imp,req_cap_N,req_cap_BW,U_swing,U_hold,U_catchphase,vrel_x,vrel_y,vrel_norm,wall_min_S,joint_margin_S_deg,wall_min_F,joint_margin_F_deg,wall_min_C,joint_margin_C_deg,wall_min_H,joint_margin_H_deg,wall_min,joint_margin_deg,u_max,task_key,ref,variant,plan_file,solve_s,U_peak_base,effort_base
True,Solve_Succeeded,262.0,1.0163755114555284,3.2021873360489383,13.369912073687532,7.610846375380331,0.4790064891979368,0.2499999999999972,0.2766114716221047,22.49999999999995,1.0163754716745228,0.0659057979116317,1321.2881648921868,2.244798105491313,1.0163750414255492,1.016375415593519,1.0163754716745228,1.2725400210390478,-1.662126605365456,2.093328201073533,-2.9691405165677143e-05,-1.1969078831096409e-23,0.0299999999999993,5.067055348910944,0.026681677555512,2.9562870599031465e-06,-0.0256311535087089,2.9562870599031465e-06,-0.0256311535087089,-1.1969078831096409e-23,0.9999963960724392,sol_comp_T18_m60_phi0.250.pkl_B_wall5mm,sol_comp_T18_m60_phi0.250.pkl,B_wall5mm,results/suite/exp3/plans/sol_comp_T18_m60_phi0.250_B_wall5mm.pkl,429.9100675582886,1.0728837600309664,3.125042250479033
True,Solve_Succeeded,423.0,0.9890676725484332,3.199967600967028,13.094753343160964,7.985322676805324,0.4792885241204626,0.2499999999999972,0.2766271402289118,22.49999999999995,0.989067428492034,0.0617635393930858,1285.7879743129631,2.184485175523213,0.9890673649947556,0.9890676054086252,0.989067428492034,1.757687857916289,-2.608400625926772,3.1453490158011923,-0.000619502327587,-3.739679497990469e-23,0.0299999999999998,5.084229584731562,0.0262668980370239,1.6136835706047254e-06,-0.0250366469955332,2.4041869451056053e-06,-0.0250366469955332,-3.739679497990469e-23,0.999988609477718,sol_comp_T18_m60_phi0.250.pkl_A_base,sol_comp_T18_m60_phi0.250.pkl,A_base,results/suite/exp3/plans/sol_comp_T18_m60_phi0.250_A_base.pkl,573.0376410484314,1.0728837600309664,3.125042250479033
True,Solved_To_Acceptable_Level,1308.0,0.9852185419533224,2.8902219455806364,12.746468909277247,6.40944883972101,0.467485010514719,0.2499999999999972,0.2759713894730371,22.49999999999995,0.9852185464423456,0.0604649247847128,1280.7841045393193,2.175983867718857,0.98521854681406,0.9852185468723516,0.9852185464423456,1.2682491894599337,-1.713393034896351,2.131706288069984,-2.503248526825041e-05,-1.273542311666963e-06,0.0299999999999998,-1.1835897114991873e-06,0.0266361453113348,-1.2022962074693086e-06,-0.0250647069473826,-5.726506836497561e-07,-0.0250647069473826,-1.273542311666963e-06,1.000000009242927,sol_comp_T18_m60_phi0.250.pkl_B_wall2mm,sol_comp_T18_m60_phi0.250.pkl,B_wall2mm,results/suite/exp3/plans/sol_comp_T18_m60_phi0.250_B_wall2mm.pkl,1377.263471364975,1.0728837600309664,3.125042250479033
True,Solve_Succeeded,441.0,1.0942057028376215,3.3854880274141217,14.331538675333922,5.751770858529732,0.4709113443112462,0.25,0.2761617413506248,22.5,1.0942054814967863,0.0760627690695768,1422.467413688908,2.1969965923592314,1.0942043682029194,1.0942054610501737,1.094205481496786,1.7562375070145055,-2.545308003659517,3.092404083320568,-3.0252332498204023e-05,0.0,0.0299999999999998,5.695554684573892,0.0260024108536094,6.988281235787515e-06,-0.0275945369303705,6.988281235787515e-06,-0.0275945369303705,0.0,0.9999933088292654,sol_comp_T18_m66_phi0.250.pkl_B_wall5mm,sol_comp_T18_m66_phi0.250.pkl,B_wall5mm,results/suite/exp3/plans/sol_comp_T18_m66_phi0.250_B_wall5mm.pkl,603.3637566566467,1.167664579275231,3.396230153630529
True,Solved_To_Acceptable_Level,1252.0,1.071616937259421,3.22464474683566,13.945312488650844,5.330606826826001,0.4644552010285704,0.25,0.2758030667238095,22.5,1.0716169413445895,0.0729617203575244,1393.1020184372474,2.151641828741926,1.0716169425343212,1.0716169427015882,1.0716169413445895,1.5045596144668658,-2.1554792839389325,2.628648051180412,-2.674499098070937e-05,-1.3467540749910743e-06,0.0299999999999998,3.990695402027436,0.0261242910178598,-1.202255114702824e-06,-0.0271882845065086,-5.726707974775617e-07,-0.0271882845065086,-1.3467540749910743e-06,1.0000000094510408,sol_comp_T18_m66_phi0.250.pkl_B_wall2mm,sol_comp_T18_m66_phi0.250.pkl,B_wall2mm,results/suite/exp3/plans/sol_comp_T18_m66_phi0.250_B_wall2mm.pkl,1360.4104006290436,1.167664579275231,3.396230153630529
True,Solve_Succeeded,2174.0,1.047992512655458,3.0381226961408223,13.523120566255049,4.643836684881678,0.4587469273307837,0.25,0.2754859404072657,22.5,1.047991972208025,0.0672315526107307,1362.3902664520954,2.1042076212462475,1.0479880871608889,1.047991242392409,1.047991972208025,1.688865896079977,-2.5341013411153823,3.0453140432449333,-0.0006191922913665,5.935484650402849e-23,0.0299999999999998,5.000135475384703,0.0258449628816723,3.214421082042336e-05,-0.0267053853173083,3.214421082042336e-05,-0.0267053853173083,5.935484650402849e-23,0.9999274713286308,sol_comp_T18_m66_phi0.250.pkl_A_base,sol_comp_T18_m66_phi0.250.pkl,A_base,results/suite/exp3/plans/sol_comp_T18_m66_phi0.250_A_base.pkl,2231.892258644104,1.167664579275231,3.396230153630529
True,Solved_To_Acceptable_Level,1169.0,0.9973907021377172,2.8798538080813003,12.85821421298568,6.36404248090219,0.4741451702142812,0.2499999999999972,0.2763413983452351,22.49999999999995,0.9973907067564436,0.0617226286543521,1296.6079127790324,2.20286767376662,0.9973907071377988,0.9973907076965643,0.9973907067564438,1.087711417498772,-1.3717226148175985,1.7506396144721557,-0.0006195456801356,-1.1331565210260936e-06,0.0299999999999998,0.5141982332847324,0.0269204660420312,-1.1992426968640411e-06,-0.0254515617473344,-5.719666417544137e-07,-0.0254515617473344,-1.1992426968640411e-06,1.0000000070086734,sol_comp_T18_m60_phi0.250.pkl_B_cone5,sol_comp_T18_m60_phi0.250.pkl,B_cone5,results/suite/exp3/plans/sol_comp_T18_m60_phi0.250_B_cone5.pkl,4080.104470491409,1.0728837600309664,3.125042250479033
True,Solved_To_Acceptable_Level,523.0,1.1049630923230485,3.331005989330786,14.384595215814633,5.687022695269681,0.4811409652571074,0.25,0.2767300536253949,22.5,1.1049630939164743,0.0778565679553331,1436.452020019963,2.218595774287157,1.1049630977619946,1.1049630981295175,1.1049630939164743,1.1998934176840392,-1.5395485762910388,1.9519103546426635,-0.0006195456879569,-1.1947027731117204e-06,0.0288783925529655,5.562060564806756,0.0266230318350308,-1.2020361907629896e-06,-0.0278384173559625,-5.726737744767436e-07,-0.0278384173559625,-1.2020361907629896e-06,1.0000000094122974,sol_comp_T18_m66_phi0.250.pkl_B_cone10,sol_comp_T18_m66_phi0.250.pkl,B_cone10,results/suite/exp3/plans/sol_comp_T18_m66_phi0.250_B_cone10.pkl,666.4618430137634,1.167664579275231,3.396230153630529
True,Solve_Succeeded,2588.0,0.95987853600216,2.6753998381080297,12.278852934677571,5.496564675395653,0.4608048152817373,0.2499999999999972,0.2756002675156492,22.49999999999995,0.9598785079780257,0.0547023720690613,1247.842096802808,2.120017153929337,0.9598784220036742,0.9598785112737782,0.9598785079780257,1.5161528527129102,-2.150173872770037,2.630963161264786,-0.0006195302408985,-1.7819017409979335e-24,0.0284098764717136,0.4143141404021611,0.0263977923857745,-9.60507794362957e-08,-0.0248996656896912,7.880045271876225e-07,-0.0248996656896912,-9.60507794362957e-08,0.9999960819244604,sol_comp_T18_m60_phi0.250.pkl_B_cone10,sol_comp_T18_m60_phi0.250.pkl,B_cone10,results/suite/exp3/plans/sol_comp_T18_m60_phi0.250_B_cone10.pkl,5365.480671882629,1.0728837600309664,3.125042250479033
True,Solve_Succeeded,2357.0,1.0505378464538866,3.02868946367252,13.538992633274631,4.585995730070762,0.4600552464161644,0.25,0.275558624800898,22.5,1.0505378013110025,0.0666868923453886,1365.6992003900525,2.1093182596454643,1.050537707078168,1.050537818045844,1.0505378013110025,1.660076626573198,-2.478467055697437,2.983061070825097,-0.0006195370704938,0.0,0.03,4.990554611353877,0.0259339643360574,4.044220565218711e-07,-0.0267970139228957,4.044220565218711e-07,-0.0267970139228957,0.0,0.9999978854895556,sol_comp_T18_m66_phi0.250.pkl_B_cone5,sol_comp_T18_m66_phi0.250.pkl,B_cone5,results/suite/exp3/plans/sol_comp_T18_m66_phi0.250_B_cone5.pkl,2169.142864227295,1.167664579275231,3.396230153630529
True,Solve_Succeeded,246.0,1.2668172064932255,4.82321891596288,17.497051452864486,7.046904839833297,0.4744854053302426,0.2500000000682891,0.2763603003644136,22.500000001229203,1.2668169967089828,0.1132538944080872,1646.8623684411934,2.2383450471507897,1.2668126637142023,1.2668165294636349,1.2668169967089828,1.437147075752365,-1.9875055405299693,2.4526658946911013,-2.1337071677896e-05,1.7479547061985793e-07,0.0299999999873981,6.822337613991896,0.0259934559572285,1.6402195648814478e-05,-0.0314279527393389,1.9152271973917016e-05,-0.0314279527393389,1.7479547061985793e-07,0.9999945430993284,sol_comp_T18_m75_phi0.250.pkl_B_wall5mm,sol_comp_T18_m75_phi0.250.pkl,B_wall5mm,results/suite/exp3/plans/sol_comp_T18_m75_phi0.250_B_wall5mm.pkl,259.48295283317566,1.3991371638747656,4.920006829268758
True,Solve_Succeeded,1467.0,1.222198073276898,4.250111141825033,16.477229083724232,5.700699319985995,0.4701824354254404,0.25,0.2761212464125244,22.5,1.2221980646281343,0.1027852250365961,1588.8574952599674,2.1595072990281583,1.222197988206413,1.2221980618792507,1.2221980646281343,1.4701618921311363,-2.1528076264205804,2.606905572791085,-0.000619543089061,0.0,0.0299999999999998,7.197567087434448,0.0258613997309353,-6.305681200382234e-08,-0.0304194091053771,-1.185439547546364e-07,-0.0304194091053771,-1.185439547546364e-07,0.9999996612799308,sol_comp_T18_m75_phi0.250.pkl_A_base,sol_comp_T18_m75_phi0.250.pkl,A_base,results/suite/exp3/plans/sol_comp_T18_m75_phi0.250_A_base.pkl,1553.316599369049,1.3991371638747656,4.920006829268758
True,Solve_Succeeded,228.0,1.245582393094581,4.672674045383156,17.133046868744717,7.011768780684433,0.4844160417102723,0.25,0.2769120023172373,22.5,1.2455658315399398,0.1072859907098643,1619.257111022955,2.200825159392396,1.2455813128269386,1.2455821696774665,1.24556583153994,1.7848377247513356,-2.755545871048701,3.283089817709693,-0.0006194687749826,-8.886367123937748e-24,0.0299999999999998,6.738254539864291,0.0257318451893433,6.2713497015673445e-06,-0.0309368618546287,6.2713497015673445e-06,-0.0309368618546287,-8.886367123937748e-24,0.9999943373054488,sol_comp_T18_m75_phi0.250.pkl_B_cone5,sol_comp_T18_m75_phi0.250.pkl,B_cone5,results/suite/exp3/plans/sol_comp_T18_m75_phi0.250_B_cone5.pkl,369.9962589740753,1.3991371638747656,4.920006829268758
True,Solve_Succeeded,1905.0,1.2211365522554098,4.206489915207942,16.423414183481757,5.4173063532423695,0.4663759502066954,0.2500000000000002,0.2759097750114833,22.500000000000004,1.2211365520415878,0.1019533041183836,1587.4775179320327,2.1576316927380668,1.2211365137967354,1.221136550869936,1.2211365520415878,1.5566363522651243,-2.31073066269294,2.786143020144986,-2.543463423898551e-05,-1.1773798097328234e-28,0.03,7.559529638658849,0.0257162197118585,-4.977498104287412e-07,-0.030442790714621,-3.647923451908357e-07,-0.030442790714621,-4.977498104287412e-07,0.9999998856179352,sol_comp_T18_m75_phi0.250.pkl_B_wall2mm,sol_comp_T18_m75_phi0.250.pkl,B_wall2mm,results/suite/exp3/plans/sol_comp_T18_m75_phi0.250_B_wall2mm.pkl,1927.891917705536,1.3991371638747656,4.920006829268758
True,Solve_Succeeded,286.0,1.2535229356946849,4.629940043584339,17.16971890109904,6.873070429736877,0.4821158475815396,0.25,0.27678421375453,22.5,1.2535171508199212,0.1105673555833024,1629.5798164030905,2.2148553399974045,1.2535106886629703,1.2535211514352185,1.2535171508199212,1.582080521458317,-2.284670518560077,2.778974299045493,-0.000619051545337,4.490913072888461e-25,0.0293783325603906,6.523095339614961,0.0259680788240492,5.017507622827956e-05,-0.0311281222621102,5.017507622827956e-05,-0.0311281222621102,4.490913072888461e-25,0.9999578822007468,sol_comp_T18_m75_phi0.250.pkl_B_cone10,sol_comp_T18_m75_phi0.250.pkl,B_cone10,results/suite/exp3/plans/sol_comp_T18_m75_phi0.250_B_cone10.pkl,287.35024547576904,1.3991371638747656,4.920006829268758
True,Solve_Succeeded,31.0,1.0284778976405493,2.8490631467616927,13.13760577147909,5.736856742975471,0.4725313937961393,0.25,0.2762517440997855,22.5,1.0284778610399987,0.042868659390511,1337.021266932714,2.2715278065455555,1.0284777726690095,1.0284779187236697,,2.2194084887045507,-2.666749353093362,3.469484998087999,-0.0006195342187768,0.0,0.0299999999999993,1.76746525325853e-06,,,-0.0006195435199951,-9.819329648636997e-08,-0.0006195435199951,-9.819329648636997e-08,0.99999690019627,sol_ref_T18_m60_phi0.250.pkl_A_base,sol_ref_T18_m60_phi0.250.pkl,A_base,results/suite/exp3/plans/sol_ref_T18_m60_phi0.250_A_base.pkl,99.4927270412445,1.0308262773085413,2.859752792101361
True,Solve_Succeeded,398.0,1.038746133875234,2.894522954144791,13.28587804695989,5.775911625074842,0.4701775838359796,0.25,0.2761209768797766,22.5,1.0387461424879965,0.0436870374798818,1350.3699740378042,2.2942065478046283,1.0387461307659185,1.0387461401727809,,2.2738967078902284,-2.72240693760828,3.5471264105035374,-3.3749250473114056e-05,0.0,0.0299999999999998,-1.0538014527236418e-06,,,-2.939043159072563e-05,-1.0538014527236418e-06,-3.3749250473114056e-05,-1.0538014527236418e-06,0.999999893470518,sol_ref_T18_m60_phi0.250.pkl_B_wall2mm,sol_ref_T18_m60_phi0.250.pkl,B_wall2mm,results/suite/exp3/plans/sol_ref_T18_m60_phi0.250_B_wall2mm.pkl,256.8478147983551,1.0308262773085413,2.859752792101361
True,Solve_Succeeded,344.0,1.0561348907857409,2.921204598374773,13.486879212643371,5.760066674820317,0.4678960402512405,0.25,0.2759942244584022,22.5,1.056134820613847,0.0418442854351113,1372.975358021463,2.332611889265143,1.0561343464788044,1.0561348244729232,,2.243865256410602,-2.6714928698632754,3.488811465622202,-3.2596279517238536e-05,0.0,0.0299999999999998,5.312956829762046e-06,,,-2.901561738441472e-05,1.8603061342158708e-06,-3.2596279517238536e-05,0.0,0.99999574952516,sol_ref_T18_m60_phi0.250.pkl_B_wall5mm,sol_ref_T18_m60_phi0.250.pkl,B_wall5mm,results/suite/exp3/plans/sol_ref_T18_m60_phi0.250_B_wall5mm.pkl,237.6003897190094,1.0308262773085413,2.859752792101361
True,Solve_Succeeded,34.0,1.032578357479861,2.8518970578502216,13.18146980956677,5.728002758407151,0.4695948365444257,0.25,0.276088602030246,22.5,1.032578088911562,0.0409915325477884,1342.3518647238193,2.280584207821643,1.032577899974058,1.0325782774280463,,2.272944096536088,-2.6464864984912,3.488576450742403,-0.0006195027477545,-4.1374977397611523e-23,0.03,9.67929389712215e-06,,,-0.0006195393629329,1.2785490645132107e-06,-0.0006195393629329,-4.1374977397611523e-23,0.9999896055498,sol_ref_T18_m60_phi0.250.pkl_B_cone5,sol_ref_T18_m60_phi0.250.pkl,B_cone5,results/suite/exp3/plans/sol_ref_T18_m60_phi0.250_B_cone5.pkl,99.92566537857056,1.0308262773085413,2.859752792101361
True,Solve_Succeeded,281.0,1.0400020877435612,2.839248020573192,13.243415475572917,5.682172279041152,0.4720559618803072,0.25,0.2762253312155727,22.5,1.040002084742205,0.0701283481067939,1352.0027140666296,2.2969804860119427,1.040002071201426,1.040002088710209,,2.24747541436455,-2.604111604211542,3.439846360720536,-0.0006195436411182,-3.254284835426421e-26,0.0299999999999998,-6.632796160483264e-07,,,-0.0006195453882935,-6.632796160483264e-07,-0.0006195453882935,-6.632796160483264e-07,0.9999992845027936,sol_ref_T18_m60_phi0.250.pkl_B_cone10,sol_ref_T18_m60_phi0.250.pkl,B_cone10,results/suite/exp3/plans/sol_ref_T18_m60_phi0.250_B_cone10.pkl,201.20012855529785,1.0308262773085413,2.859752792101361
True,Solve_Succeeded,43.0,1.1394770860773114,3.426390210184805,14.825625839268463,5.733033958219771,0.4703645767752025,0.2499999999999998,0.2761313653764,22.5,1.1394770568884955,0.0442978286130803,1481.3202119005048,2.2878945601280463,1.1394768344746484,1.1394770491755366,,2.118324653824577,-2.561034321526193,3.3235818231294,-0.0006195291966413,0.0,0.03,2.247980681090356e-06,,,-0.0006195436327276,3.299703666774099e-07,-0.0006195436327276,0.0,0.9999977871023862,sol_ref_T18_m66_phi0.250.pkl_A_base,sol_ref_T18_m66_phi0.250.pkl,A_base,results/suite/exp3/plans/sol_ref_T18_m66_phi0.250_A_base.pkl,176.75863456726074,1.14052889559245,3.4350744766686647
True,Solve_Succeeded,113.0,1.1552678365946023,3.502873386435442,15.05964346143319,5.844890595427906,0.4680124533254067,0.2499999999999998,0.2760006918514113,22.5,1.1552673969022658,0.0439852151153042,1501.8481875729833,2.31959995609456,1.155264696779336,1.1552673945505785,,2.142842161949567,-2.578275865940228,3.3525033888004536,-2.92102068498723e-05,1.4810611873229578e-24,0.0299999999999998,3.279678711299655e-05,,,-2.715741130540628e-05,1.3692309143444602e-05,-2.92102068498723e-05,1.4810611873229578e-24,0.9999793955769588,sol_ref_T18_m66_phi0.250.pkl_B_wall2mm,sol_ref_T18_m66_phi0.250.pkl,B_wall2mm,results/suite/exp3/plans/sol_ref_T18_m66_phi0.250_B_wall2mm.pkl,219.2323677539825,1.14052889559245,3.4350744766686647
True,Solve_Succeeded,357.0,1.1846736129490956,3.488608390461462,15.340403243317397,5.651091630823632,0.4702294039929643,0.25,0.2761238557773868,22.5,1.18467353305288,0.0442103797159223,1540.0756968338242,2.3786422278346526,1.1846729475524544,1.1846735213018738,,2.150660341292977,-2.579433237006436,3.358394814161064,-3.155500313894999e-05,-1.5264186861847234e-22,0.0297097331534002,4.185498794058762e-06,,,-2.9148026898406787e-05,2.580054361300836e-06,-3.155500313894999e-05,-1.5264186861847234e-22,0.9999970128872488,sol_ref_T18_m66_phi0.250.pkl_B_wall5mm,sol_ref_T18_m66_phi0.250.pkl,B_wall5mm,results/suite/exp3/plans/sol_ref_T18_m66_phi0.250_B_wall5mm.pkl,408.6322135925293,1.14052889559245,3.4350744766686647
True,Solve_Succeeded,98.0,1.1433508224700744,3.4095066624751063,14.8475970734452,5.679386344793522,0.4667320006450876,0.2499999999999998,0.2759295555913936,22.5,1.143350824692168,0.0429291377192142,1486.3560692110966,2.2956724264218584,1.1433507901063429,1.143350822052837,,2.1880690039935544,-2.5467050396181667,3.3575813504744625,-0.0006195420781071,0.0,0.0299999999999993,-6.072814981046072e-07,,,-0.0006195453876216,-6.072814981046072e-07,-0.0006195453876216,-6.072814981046072e-07,0.9999996185230756,sol_ref_T18_m66_phi0.250.pkl_B_cone5,sol_ref_T18_m66_phi0.250.pkl,B_cone5,results/suite/exp3/plans/sol_ref_T18_m66_phi0.250_B_cone5.pkl,130.84073066711426,1.14052889559245,3.4350744766686647
True,Solve_Succeeded,274.0,1.158568945983954,3.449291048192433,15.039411592163075,5.739796767166149,0.4724420843896628,0.2499999999999996,0.2762467824660919,22.5,1.1585688491949555,0.0803393174233369,1506.13962977914,2.326228075524573,1.158568779592047,1.1585689238229064,,2.2835757293858614,-2.6463597181516025,3.4954166947154666,-0.0006195285512026,-1.9192473022400588e-18,0.0299999999999993,2.0744761562179684e-06,,,-0.0006195424899537,1.0702877561372581e-07,-0.0006195424899537,-1.9192473022400588e-18,0.9999982076058368,sol_ref_T18_m66_phi0.250.pkl_B_cone10,sol_ref_T18_m66_phi0.250.pkl,B_cone10,results/suite/exp3/plans/sol_ref_T18_m66_phi0.250_B_cone10.pkl,202.8283383846283,1.14052889559245,3.4350744766686647
True,Solve_Succeeded,40.0,1.358475219543182,4.437826779051425,18.02790033142302,5.615642869823007,0.4788234207695643,0.2500000000194041,0.2766013011732688,22.500000000349274,1.346833738024672,0.0521066482046371,1766.0177854061365,2.4002960046294755,1.3584748528864206,1.3584750992824304,,2.2650587909737023,-2.749001656939116,3.5619519138277616,-0.0006194753069188,-1.9427157623769934e-07,0.0292020553830699,4.648647121107924e-06,,,-0.0006195417483612,3.658143082988648e-07,-0.0006195417483612,-1.9427157623769934e-07,0.9999952214366408,sol_ref_T18_m75_phi0.250.pkl_A_base,sol_ref_T18_m75_phi0.250.pkl,A_base,results/suite/exp3/plans/sol_ref_T18_m75_phi0.250_A_base.pkl,145.29005026817322,1.3617760781092894,4.444051288837087
True,Solved_To_Acceptable_Level,153.0,1.0896681537344033,3.215292388078253,14.115805956851545,7.228295674114549,0.49138622256696324,0.24999999999999722,0.2772992345870507,22.49999999999995,1.0896681587552663,0.07622225067369148,1416.5685998547242,2.4066744815744547,1.0896681590000286,1.089668159824382,1.0896681587552661,0.8299675125897281,-0.8794351909093793,1.2092362577115345,-3.07967354574723e-05,-5.71966260087852e-07,0.029999999999999805,10.265523697068408,0.027338374900660156,-5.725767739200682e-07,-0.027391690577972305,-5.725767739200682e-07,-0.027391690577972305,-5.725767739200682e-07,1.0000000098695934,sol_comp_T18_m60_phi0.250.pkl_B_all_large,sol_comp_T18_m60_phi0.250.pkl,B_all_large,results/suite/exp3/plans/sol_comp_T18_m60_phi0.250_B_all_large.pkl,474.1640727519989,1.0728837600309664,3.125042250479033
True,Solved_To_Acceptable_Level,444.0,1.0357923375884164,3.255243118864121,13.617027947871824,7.909346888200959,0.48701917144573015,0.24999999999999722,0.27705662063587116,22.49999999999995,1.0357923424365005,0.06856833330778118,1346.5300388649414,2.2876827027946676,1.0357923427083398,1.0357923427545725,1.0357923424365005,0.9334152808252225,-1.079307681711929,1.4269439926922176,-2.323461493369816e-05,-5.707323320936314e-07,0.029999999999999805,6.976711719085726,0.027136803260320974,-5.7271844218669e-07,-0.026075491924597155,-5.700863677989355e-07,-0.026075491924597155,-5.7271844218669e-07,1.000000009576282,sol_comp_T18_m60_phi0.250.pkl_B_all_small,sol_comp_T18_m60_phi0.250.pkl,B_all_small,results/suite/exp3/plans/sol_comp_T18_m60_phi0.250_B_all_small.pkl,922.7478876113892,1.0728837600309664,3.125042250479033
True,Solved_To_Acceptable_Level,1253.0,1.0977840692237713,3.2687618448350175,14.250998161022688,5.38887524869924,0.47046935687102104,0.2499999999999998,0.2761371864928343,22.499999999999996,1.0977840732471653,0.0772558773944272,1427.1192899909026,2.2041814011535887,1.0977840745896494,1.0977840750902823,1.097784073247165,1.346176565432979,-1.8542195892727589,2.2913580319460705,-2.7358479960604143e-05,-5.70119133873264e-07,0.029999999999998916,1.9999988287090638,0.026386219710842873,-5.727320931273828e-07,-0.027767382542141172,-5.686333568371463e-07,-0.027767382542141172,-5.727320931273828e-07,1.0000000095437496,sol_comp_T18_m66_phi0.250.pkl_B_all_small,sol_comp_T18_m66_phi0.250.pkl,B_all_small,results/suite/exp3/plans/sol_comp_T18_m66_phi0.250_B_all_small.pkl,2038.857126235962,1.167664579275231,3.396230153630529
True,Solve_Succeeded,2007.0,1.0922451953244083,3.160796809364766,14.087986932397799,4.88585787100982,0.4693209624330052,0.25,0.2760733868018337,22.5,1.0922451977024856,0.07707115766563073,1419.9187539217307,2.1930601951035285,1.0922451967534932,1.0922452047746878,1.0922451977024854,1.637392981262208,-2.4702748926846074,2.963665605380386,-0.0006195453684755426,-2.1997701512842e-07,0.029999999999999805,6.384156843597646,0.025931479395463253,-5.523954865496991e-07,-0.027646442384377412,-3.6445471022807024e-07,-0.027646442384377412,-5.523954865496991e-07,0.9999999668768453,sol_comp_T18_m66_phi0.250.pkl_B_joint5deg,sol_comp_T18_m66_phi0.250.pkl,B_joint5deg,results/suite/exp3/plans/sol_comp_T18_m66_phi0.250_B_joint5deg.pkl,3169.9797399044037,1.167664579275231,3.396230153630529
True,Solve_Succeeded,2195.0,1.0647114188451419,3.076013032598755,13.728094482131835,4.697863865353606,0.4614925532292418,0.25,0.2756384751794023,22.5,1.064711407260135,0.06940249567572317,1384.1248444986845,2.1377766109082947,1.064711274653701,1.0647113953956149,1.064711407260135,1.6765386564577627,-2.5080725420818895,3.0168211320763305,-0.0006195350438414158,5.55783416861687e-26,0.029999999999999805,6.50243889529823,0.02586980413680262,-8.047678632751036e-08,-0.027128436588082477,1.3500209957265803e-05,-0.027128436588082477,-8.047678632751036e-08,0.9999981241634709,sol_comp_T18_m66_phi0.250.pkl_B_joint2deg,sol_comp_T18_m66_phi0.250.pkl,B_joint2deg,results/suite/exp3/plans/sol_comp_T18_m66_phi0.250_B_joint2deg.pkl,3414.463367462158,1.167664579275231,3.396230153630529
True,Solve_Succeeded,2043.0,1.1106363158587964,3.316731006024701,14.428271099581135,5.2778193528626876,0.46301785254707245,0.25,0.2757232140303929,22.5,1.110636316872818,0.07799221770635555,1443.8272106164354,2.229986733723219,1.1106363128491261,1.1106363212857222,1.1106363168728182,1.7572401070761494,-2.546004983427928,3.093547182371208,-2.9539742579076655e-05,-4.5080834102381736e-07,0.029999999999999805,9.469647930494096,0.025874726547503002,-5.558620208053465e-07,-0.028547207776621092,-3.1716490011332316e-07,-0.028547207776621092,-5.558620208053465e-07,0.9999999907533503,sol_comp_T18_m66_phi0.250.pkl_B_all_large,sol_comp_T18_m66_phi0.250.pkl,B_all_large,results/suite/exp3/plans/sol_comp_T18_m66_phi0.250_B_all_large.pkl,3122.8505277633667,1.167664579275231,3.396230153630529
True,Solve_Succeeded,2348.0,0.9925000621394724,2.730053299812155,12.659372962389124,5.541879630649004,0.46660577396428776,0.24999999999999722,0.27592254299801333,22.49999999999995,0.9925000491604454,0.06148191326885635,1290.2500807813142,2.1920660563732826,0.9924999732120378,0.9925000547665219,0.9925000491604454,1.582449923336264,-2.329920567101393,2.8165009513346564,-0.0006195382149307479,0.0,0.03,5.000020085292397,0.026229404423360858,-1.9314592580779676e-07,-0.025488195259240398,3.3135114342571735e-06,-0.025488195259240398,-1.9314592580779676e-07,0.9999978379397284,sol_comp_T18_m60_phi0.250.pkl_B_joint5deg,sol_comp_T18_m60_phi0.250.pkl,B_joint5deg,results/suite/exp3/plans/sol_comp_T18_m60_phi0.250_B_joint5deg.pkl,3702.4575622081757,1.0728837600309664,3.125042250479033
True,Solve_Succeeded,216.0,1.2640395146792163,4.768645387284433,17.41432214431204,7.1206995153336425,0.4825136229563865,0.25,0.2768063123864659,22.5,1.2640394851542645,0.11008937034813195,1643.2513690829812,2.233437130931677,1.264039340670033,1.264039475772718,1.2640394851542645,1.9085476491742488,-2.9392003293595454,3.504490363130681,-2.367560611221675e-05,0.0,0.02999999999999936,9.332690182722782,0.025592494112886666,1.1097606088725132e-06,-0.031464572592184936,1.1097606088725132e-06,-0.031464572592184936,0.0,0.9999993881582576,sol_comp_T18_m75_phi0.250.pkl_B_all_small,sol_comp_T18_m75_phi0.250.pkl,B_all_small,results/suite/exp3/plans/sol_comp_T18_m75_phi0.250_B_all_small.pkl,607.9359655380249,1.3991371638747656,4.920006829268758
True,Solve_Succeeded,893.0,1.2906725953999778,4.66521120077719,17.578924891904787,6.315912018190332,0.47195737998607457,0.2500000000000002,0.2762198544436711,22.500000000000004,1.2906724843389885,0.11292187867056272,1677.8743740199711,2.280495241617358,1.290669938113831,1.290672415450726,1.2906724843389885,1.7209636763446052,-2.5248708343605726,3.0555995656339188,-2.877663206884984e-05,-5.924244749291831e-24,0.029999999999999805,13.179340093007504,0.025639362835935486,6.154027750907428e-06,-0.03251223980003187,6.154027750907428e-06,-0.03251223980003187,-5.924244749291831e-24,0.999999125035546,sol_comp_T18_m75_phi0.250.pkl_B_all_large,sol_comp_T18_m75_phi0.250.pkl,B_all_large,results/suite/exp3/plans/sol_comp_T18_m75_phi0.250_B_all_large.pkl,1645.1315269470215,1.3991371638747656,4.920006829268758
True,Solve_Succeeded,1449.0,1.2582230370624214,4.289026499767261,16.877431241298215,5.545947323264866,0.4761696017498339,0.2500000000000002,0.2764538667638799,22.500000000000004,1.258222989370309,0.11123253632097961,1635.6899481811479,2.2231599703447475,1.2582225498556454,1.2582229581944826,1.258222989370309,1.6086596411596044,-2.448207715592333,2.92942090860661,-0.000619534473150293,0.0,0.03,13.023643982098145,0.02565239727055113,9.8809474250363e-07,-0.031234872988478213,2.645067148278221e-05,-0.031234872988478213,0.0,0.9999983959119121,sol_comp_T18_m75_phi0.250.pkl_B_joint5deg,sol_comp_T18_m75_phi0.250.pkl,B_joint5deg,results/suite/exp3/plans/sol_comp_T18_m75_phi0.250_B_joint5deg.pkl,2421.732502222061,1.3991371638747656,4.920006829268758
True,Solve_Succeeded,1745.0,1.2334455982899017,4.194716687593296,16.53463856337748,5.393763700211726,0.4720035205411778,0.25,0.2762224178078433,22.5,1.2334455730366516,0.1055168519975348,1603.4792777768723,2.179380601803428,1.2334453742966431,1.2334455615408693,1.2334455730366516,1.5338146792233465,-2.2940031456967085,2.759535812898142,-0.0006195386547247893,-1.1570790525960608e-26,0.03,9.81856037885722,0.025757746131758186,7.488412760061705e-07,-0.03064259372884226,7.488412760061705e-07,-0.03064259372884226,-1.1570790525960608e-26,0.9999991595865623,sol_comp_T18_m75_phi0.250.pkl_B_joint2deg,sol_comp_T18_m75_phi0.250.pkl,B_joint2deg,results/suite/exp3/plans/sol_comp_T18_m75_phi0.250_B_joint2deg.pkl,2890.645897626877,1.3991371638747656,4.920006829268758
True,Solve_Succeeded,2375.0,0.9678624043790405,2.7135654780862657,12.39686424959182,5.635863257638117,0.4607830991188337,0.24999999999999745,0.2755990610621549,22.499999999999954,0.967862252441593,0.05803144338560077,1258.2211256927526,2.1376505703240785,0.9678612444441557,0.9678621920607292,0.9678622524415931,1.5782235203282107,-2.326843469843188,2.8115814079035766,-0.0006194507320171749,2.9621223746459155e-21,0.03,2.6207472349976406,0.02622722221876206,5.815910352066239e-06,-0.024887205358323783,9.659374646746434e-05,-0.024887205358323783,2.9621223746459155e-21,0.9999651400701016,sol_comp_T18_m60_phi0.250.pkl_B_joint2deg,sol_comp_T18_m60_phi0.250.pkl,B_joint2deg,results/suite/exp3/plans/sol_comp_T18_m60_phi0.250_B_joint2deg.pkl,7618.590918064117,1.0728837600309664,3.125042250479033
True,Solve_Succeeded,69.0,1.037939822664832,2.8622622754647526,13.245586510204609,5.7385927011950875,0.47336564066878023,0.2500000000000002,0.2762980911482658,22.500000000000004,1.0379398150077803,0.040942213697022264,1349.3217694642815,2.292425704152704,1.037939778417814,1.0379398193323242,,2.1327954943279135,-2.582121333212041,3.3490546725985495,-0.0006195413830191922,0.0,0.03,1.9999996257299355,,,-0.0006195450738171182,-2.4695755235241584e-07,-0.0006195450738171182,-2.4695755235241584e-07,0.9999981177730526,sol_ref_T18_m60_phi0.250.pkl_B_joint2deg,sol_ref_T18_m60_phi0.250.pkl,B_joint2deg,results/suite/exp3/plans/sol_ref_T18_m60_phi0.250_B_joint2deg.pkl,314.1465103626251,1.0308262773085413,2.859752792101361
True,Solve_Succeeded,217.0,1.0623364680402887,2.918904443775647,13.546153149899862,5.810226087058656,0.47704348028804633,0.2499999999999998,0.2765024155715579,22.499999999999996,1.0623363599120639,0.042872536733002474,1381.0374084523753,2.346308882861664,1.0623360436326437,1.0623364096957488,,2.226367466740568,-2.6782148471870966,3.48274989981397,-0.0006195171158865174,0.0,0.029999999999998916,5.00000444477954,,,-0.0006195413108067704,1.469464709045053e-06,-0.0006195413108067704,0.0,0.9999929778659009,sol_ref_T18_m60_phi0.250.pkl_B_joint5deg,sol_ref_T18_m60_phi0.250.pkl,B_joint5deg,results/suite/exp3/plans/sol_ref_T18_m60_phi0.250_B_joint5deg.pkl,461.45920729637146,1.0308262773085413,2.859752792101361
True,Solve_Succeeded,212.0,1.0464948393885682,2.8251999459523875,13.294489328277828,5.575540751720381,0.4678886747740905,0.25,0.27599381526522726,22.5,1.0464947360260557,0.03821089256491777,1360.4432912051386,2.311320576291435,1.0464941362681202,1.0464947410117194,,2.1308163063477195,-2.5075929554190144,3.290653515863438,-3.282031660162277e-05,-2.9621223746459156e-24,0.029999999999999805,2.000005929354564,,,-2.901029937729671e-05,3.0577094113493176e-06,-3.282031660162277e-05,-2.9621223746459156e-24,0.9999884164206685,sol_ref_T18_m60_phi0.250.pkl_B_all_small,sol_ref_T18_m60_phi0.250.pkl,B_all_small,results/suite/exp3/plans/sol_ref_T18_m60_phi0.250_B_all_small.pkl,478.1911025047302,1.0308262773085413,2.859752792101361
True,Solve_Succeeded,317.0,1.1105252943568904,2.9468243576904944,14.057004056992556,5.7710865086214085,0.463319804582825,0.25,0.2757399891434902,22.5,1.11052527622839,0.056243845001774914,1443.6828826639576,2.4527402016037336,1.1105251007632142,1.1105252765257783,,2.2922702322429784,-2.5858649025715903,3.455604160198164,-3.302175699881893e-05,-1.8513264841536972e-24,0.02999999999999936,5.000000012777427,,,-2.9257880480138e-05,-5.1847850306533694e-08,-3.302175699881893e-05,-5.1847850306533694e-08,0.9999991900682607,sol_ref_T18_m60_phi0.250.pkl_B_all_large,sol_ref_T18_m60_phi0.250.pkl,B_all_large,results/suite/exp3/plans/sol_ref_T18_m60_phi0.250_B_all_large.pkl,583.2215008735657,1.0308262773085413,2.859752792101361
False,Infeasible_Problem_Detected,,,,,,,,,,,,,,,,,,,,,,,,,,,,,,,sol_comp_T18_m60_phi0.250.pkl_C_robust2ms,sol_comp_T18_m60_phi0.250.pkl,C_robust2ms,results/suite/exp3/plans/sol_comp_T18_m60_phi0.250_C_robust2ms.pkl,15678.5046479702,1.0728837600309664,3.125042250479033
False,Infeasible_Problem_Detected,,,,,,,,,,,,,,,,,,,,,,,,,,,,,,,sol_comp_T18_m66_phi0.250.pkl_D_small_robust,sol_comp_T18_m66_phi0.250.pkl,D_small_robust,results/suite/exp3/plans/sol_comp_T18_m66_phi0.250_D_small_robust.pkl,19000.058847665787,1.167664579275231,3.396230153630529
False,Maximum_CpuTime_Exceeded,,,,,,,,,,,,,,,,,,,,,,,,,,,,,,,sol_comp_T18_m66_phi0.250.pkl_D_large_robust,sol_comp_T18_m66_phi0.250.pkl,D_large_robust,results/suite/exp3/plans/sol_comp_T18_m66_phi0.250_D_large_robust.pkl,25780.02261853218,1.167664579275231,3.396230153630529
True,Solve_Succeeded,58.0,1.1541734664245529,3.4392289555440065,14.98540440087706,5.718462998959338,0.47164616756380523,0.25,0.2762025648646558,22.5,1.1541734701661641,0.043587410314863774,1500.4255063519188,2.3174026292773586,1.1541734389450555,1.1541734706410904,,2.097972413582636,-2.538200808934588,3.293015577647629,-0.000619544023001066,1.376439811171777e-21,0.02999999999999936,1.9999991607935514,,,-0.0006195453009492091,-4.1360007820786587e-07,-0.0006195453009492091,-4.1360007820786587e-07,0.9999997453439408,sol_ref_T18_m66_phi0.250.pkl_B_joint2deg,sol_ref_T18_m66_phi0.250.pkl,B_joint2deg,results/suite/exp3/plans/sol_ref_T18_m66_phi0.250_B_joint2deg.pkl,216.65025424957275,1.14052889559245,3.4350744766686647
False,Infeasible_Problem_Detected,,,,,,,,,,,,,,,,,,,,,,,,,,,,,,,sol_ref_T18_m60_phi0.250.pkl_C_robust2ms,sol_ref_T18_m60_phi0.250.pkl,C_robust2ms,results/suite/exp3/plans/sol_ref_T18_m60_phi0.250_C_robust2ms.pkl,19867.484395742416,1.0308262773085413,2.859752792101361
True,Solve_Succeeded,91.0,1.1820172887464442,3.484115099240686,15.308649781451987,5.73984519252421,0.47332174438539665,0.2499999999999998,0.27629565246585525,22.499999999999996,1.18201727556788,0.04412811053499132,1536.6224753703775,2.3733087377913344,1.1820171909691126,1.182017284307504,,2.1139023195770976,-2.5522655935550707,3.3140070423519696,-0.0006195429289713728,0.0,0.03,4.999999633051029,,,-0.0006195447192687276,-1.2863636682822383e-07,-0.0006195447192687276,-1.2863636682822383e-07,0.9999995018263599,sol_ref_T18_m66_phi0.250.pkl_B_joint5deg,sol_ref_T18_m66_phi0.250.pkl,B_joint5deg,results/suite/exp3/plans/sol_ref_T18_m66_phi0.250_B_joint5deg.pkl,247.5515432357788,1.14052889559245,3.4350744766686647
True,Solve_Succeeded,110.0,1.1784544693466028,3.4743867613705532,15.263217728125499,5.744462618366407,0.465155449339604,0.25,0.27584196940775585,22.5,1.1784544754339177,0.04404182362740799,1531.9908101505837,2.3661551449519407,1.1784544513957567,1.1784544707604205,,2.1841755264435845,-2.5391939261527634,3.349347477483666,-3.251394349668146e-05,0.0,0.03,1.9999990223851754,,,-2.9123421070698097e-05,-4.662398134773263e-07,-3.251394349668146e-05,-4.662398134773263e-07,0.9999998392056313,sol_ref_T18_m66_phi0.250.pkl_B_all_small,sol_ref_T18_m66_phi0.250.pkl,B_all_small,results/suite/exp3/plans/sol_ref_T18_m66_phi0.250_B_all_small.pkl,259.8276410102844,1.14052889559245,3.4350744766686647
True,Solve_Succeeded,453.0,1.3048187575091006,3.619687594117609,16.67463068939419,5.811274005378324,0.4812519964630641,0.2499999999999998,0.2767362220257257,22.499999999999996,1.1587420464887839,0.07563087547764037,1696.2643847618308,2.6198751811105407,1.301559647845182,1.3048187526522554,,2.3324531501865673,-2.7827082234649234,3.630950668179692,-3.075001624242013e-05,0.0,0.02640920910208506,4.999999366645581,,,-2.954505744118263e-05,-3.9245212485315956e-07,-3.075001624242013e-05,-3.9245212485315956e-07,0.9999998638551516,sol_ref_T18_m66_phi0.250.pkl_B_all_large,sol_ref_T18_m66_phi0.250.pkl,B_all_large,results/suite/exp3/plans/sol_ref_T18_m66_phi0.250_B_all_large.pkl,532.0741713047028,1.14052889559245,3.4350744766686647
False,Infeasible_Problem_Detected,,,,,,,,,,,,,,,,,,,,,,,,,,,,,,,sol_comp_T18_m60_phi0.250.pkl_D_large_robust,sol_comp_T18_m60_phi0.250.pkl,D_large_robust,results/suite/exp3/plans/sol_comp_T18_m60_phi0.250_D_large_robust.pkl,31506.46802163124,1.0728837600309664,3.125042250479033
False,Infeasible_Problem_Detected,,,,,,,,,,,,,,,,,,,,,,,,,,,,,,,sol_ref_T18_m60_phi0.250.pkl_D_large_robust,sol_ref_T18_m60_phi0.250.pkl,D_large_robust,results/suite/exp3/plans/sol_ref_T18_m60_phi0.250_D_large_robust.pkl,10692.997634410858,1.0308262773085413,2.859752792101361
True,Solve_Succeeded,124.0,1.4917414319585032,4.71575311835781,19.64276157517746,5.9275543648048545,0.4937572118959956,0.25,0.27743095621644426,22.5,1.4640574077683999,0.1507494903105974,1939.2638615460542,2.6357646776025203,1.438638438041861,1.491741437502671,,2.2939482660581025,-3.0392624245240887,3.8077965718345586,-3.0543019028383966e-05,-4.872424091219803e-07,0.02822098258876026,-1.1977448082756968e-06,,,-2.9660605899123338e-05,-5.723018976622775e-07,-3.0543019028383966e-05,-1.1977448082756968e-06,0.9999999871839578,sol_ref_T18_m75_phi0.250.pkl_B_wall2mm,sol_ref_T18_m75_phi0.250.pkl,B_wall2mm,results/suite/exp3/plans/sol_ref_T18_m75_phi0.250_B_wall2mm.pkl,263.61647844314575,1.3617760781092894,4.444051288837087
False,Maximum_CpuTime_Exceeded,,,,,,,,,,,,,,,,,,,,,,,,,,,,,,,sol_comp_T18_m60_phi0.250.pkl_D_small_robust,sol_comp_T18_m60_phi0.250.pkl,D_small_robust,results/suite/exp3/plans/sol_comp_T18_m60_phi0.250_D_small_robust.pkl,33880.370066165924,1.0728837600309664,3.125042250479033
True,Solve_Succeeded,128.0,1.423615384016302,4.47499971150898,18.716356998779414,5.668722765522234,0.48386484429164206,0.25,0.2768813802384245,22.5,1.274917401165723,0.057789144341009735,1850.6999992211925,2.5153924556183385,1.4236151989816972,1.4236153713687958,,2.3015069808107906,-2.8025558230985954,3.6264657070355217,-0.000619536474424762,0.0,0.02929977931611076,2.0000000507080187,,,-0.0006195451414638953,-4.1068766814020983e-07,-0.0006195451414638953,-4.1068766814020983e-07,0.9999992106836548,sol_ref_T18_m75_phi0.250.pkl_B_joint2deg,sol_ref_T18_m75_phi0.250.pkl,B_joint2deg,results/suite/exp3/plans/sol_ref_T18_m75_phi0.250_B_joint2deg.pkl,384.0813443660736,1.3617760781092894,4.444051288837087
False,Maximum_CpuTime_Exceeded,,,,,,,,,,,,,,,,,,,,,,,,,,,,,,,sol_comp_T18_m66_phi0.250.pkl_C_robust2ms,sol_comp_T18_m66_phi0.250.pkl,C_robust2ms,results/suite/exp3/plans/sol_comp_T18_m66_phi0.250_C_robust2ms.pkl,33867.362686395645,1.167664579275231,3.396230153630529
True,Solve_Succeeded,144.0,1.3695040839743933,4.492134904801895,18.192273901399354,5.742537228676766,0.48420149293997444,0.2500000000000002,0.27690008294110985,22.500000000000004,1.3695033655155582,0.09097379709751091,1780.3553091667113,2.419782955034606,1.369503792593295,1.3695039578688666,,2.2643621924177797,-2.7778734089105415,3.583841069911349,-0.0006195031813032575,-5.272577826869729e-22,0.029548206419968293,2.9593972543539467e-06,,,-0.0006195430467745844,6.286634957561037e-07,-0.0006195430467745844,-5.272577826869729e-22,0.9999965713297779,sol_ref_T18_m75_phi0.250.pkl_B_cone5,sol_ref_T18_m75_phi0.250.pkl,B_cone5,results/suite/exp3/plans/sol_ref_T18_m75_phi0.250_B_cone5.pkl,404.17766070365906,1.3617760781092894,4.444051288837087
True,Solve_Succeeded,179.0,1.3848059380398556,4.468294757623673,18.321730399338666,5.664733745836047,0.48863685640720217,0.25,0.27714649202262226,22.5,1.3848056176174315,0.15216725957736585,1800.2477194518124,2.446819870134981,1.384805719806609,1.3848058742529206,,2.2770217203132064,-2.806760917712428,3.614240551481877,-0.0006195228638822131,-8.293942649008564e-23,0.029290500619975752,1.1332283761174572e-06,,,-0.0006195444617733692,-1.6731535629554023e-07,-0.0006195444617733692,-1.6731535629554023e-07,0.9999982470941895,sol_ref_T18_m75_phi0.250.pkl_B_cone10,sol_ref_T18_m75_phi0.250.pkl,B_cone10,results/suite/exp3/plans/sol_ref_T18_m75_phi0.250_B_cone10.pkl,445.78302454948425,1.3617760781092894,4.444051288837087
False,Infeasible_Problem_Detected,,,,,,,,,,,,,,,,,,,,,,,,,,,,,,,sol_ref_T18_m66_phi0.250.pkl_D_small_robust,sol_ref_T18_m66_phi0.250.pkl,D_small_robust,results/suite/exp3/plans/sol_ref_T18_m66_phi0.250_D_small_robust.pkl,8512.020846128464,1.14052889559245,3.4350744766686647
False,Infeasible_Problem_Detected,,,,,,,,,,,,,,,,,,,,,,,,,,,,,,,sol_comp_T18_m75_phi0.250.pkl_C_robust2ms,sol_comp_T18_m75_phi0.250.pkl,C_robust2ms,results/suite/exp3/plans/sol_comp_T18_m75_phi0.250_C_robust2ms.pkl,39466.06256055832,1.3991371638747656,4.920006829268758
False,Infeasible_Problem_Detected,,,,,,,,,,,,,,,,,,,,,,,,,,,,,,,sol_ref_T18_m75_phi0.250.pkl_B_wall5mm,sol_ref_T18_m75_phi0.250.pkl,B_wall5mm,results/suite/exp3/plans/sol_ref_T18_m75_phi0.250_B_wall5mm.pkl,14744.370296239853,1.3617760781092894,4.444051288837087
False,Infeasible_Problem_Detected,,,,,,,,,,,,,,,,,,,,,,,,,,,,,,,sol_ref_T18_m60_phi0.250.pkl_D_small_robust,sol_ref_T18_m60_phi0.250.pkl,D_small_robust,results/suite/exp3/plans/sol_ref_T18_m60_phi0.250_D_small_robust.pkl,31357.59168601036,1.0308262773085413,2.859752792101361
False,Infeasible_Problem_Detected,,,,,,,,,,,,,,,,,,,,,,,,,,,,,,,sol_ref_T18_m66_phi0.250.pkl_D_large_robust,sol_ref_T18_m66_phi0.250.pkl,D_large_robust,results/suite/exp3/plans/sol_ref_T18_m66_phi0.250_D_large_robust.pkl,17582.690457820892,1.14052889559245,3.4350744766686647
False,Maximum_CpuTime_Exceeded,,,,,,,,,,,,,,,,,,,,,,,,,,,,,,,sol_comp_T18_m75_phi0.250.pkl_D_large_robust,sol_comp_T18_m75_phi0.250.pkl,D_large_robust,results/suite/exp3/plans/sol_comp_T18_m75_phi0.250_D_large_robust.pkl,42935.20314621925,1.3991371638747656,4.920006829268758
False,Infeasible_Problem_Detected,,,,,,,,,,,,,,,,,,,,,,,,,,,,,,,sol_ref_T18_m66_phi0.250.pkl_C_robust2ms,sol_ref_T18_m66_phi0.250.pkl,C_robust2ms,results/suite/exp3/plans/sol_ref_T18_m66_phi0.250_C_robust2ms.pkl,20252.93625354767,1.14052889559245,3.4350744766686647
False,Infeasible_Problem_Detected,,,,,,,,,,,,,,,,,,,,,,,,,,,,,,,sol_ref_T18_m75_phi0.250.pkl_B_joint5deg,sol_ref_T18_m75_phi0.250.pkl,B_joint5deg,results/suite/exp3/plans/sol_ref_T18_m75_phi0.250_B_joint5deg.pkl,19043.039351940155,1.3617760781092894,4.444051288837087
False,Infeasible_Problem_Detected,,,,,,,,,,,,,,,,,,,,,,,,,,,,,,,sol_ref_T18_m75_phi0.250.pkl_B_all_small,sol_ref_T18_m75_phi0.250.pkl,B_all_small,results/suite/exp3/plans/sol_ref_T18_m75_phi0.250_B_all_small.pkl,18826.6568338871,1.3617760781092894,4.444051288837087
False,Maximum_CpuTime_Exceeded,,,,,,,,,,,,,,,,,,,,,,,,,,,,,,,sol_comp_T18_m75_phi0.250.pkl_D_small_robust,sol_comp_T18_m75_phi0.250.pkl,D_small_robust,results/suite/exp3/plans/sol_comp_T18_m75_phi0.250_D_small_robust.pkl,49756.443477630615,1.3991371638747656,4.920006829268758
False,Maximum_CpuTime_Exceeded,,,,,,,,,,,,,,,,,,,,,,,,,,,,,,,sol_ref_T18_m75_phi0.250.pkl_B_all_large,sol_ref_T18_m75_phi0.250.pkl,B_all_large,results/suite/exp3/plans/sol_ref_T18_m75_phi0.250_B_all_large.pkl,18809.520052433014,1.3617760781092894,4.444051288837087
False,Infeasible_Problem_Detected,,,,,,,,,,,,,,,,,,,,,,,,,,,,,,,sol_ref_T18_m75_phi0.250.pkl_D_small_robust,sol_ref_T18_m75_phi0.250.pkl,D_small_robust,results/suite/exp3/plans/sol_ref_T18_m75_phi0.250_D_small_robust.pkl,11645.867570638657,1.3617760781092894,4.444051288837087
False,Infeasible_Problem_Detected,,,,,,,,,,,,,,,,,,,,,,,,,,,,,,,sol_ref_T18_m75_phi0.250.pkl_D_large_robust,sol_ref_T18_m75_phi0.250.pkl,D_large_robust,results/suite/exp3/plans/sol_ref_T18_m75_phi0.250_D_large_robust.pkl,15711.053594827652,1.3617760781092894,4.444051288837087
False,Maximum_CpuTime_Exceeded,,,,,,,,,,,,,,,,,,,,,,,,,,,,,,,sol_ref_T18_m75_phi0.250.pkl_C_robust2ms,sol_ref_T18_m75_phi0.250.pkl,C_robust2ms,results/suite/exp3/plans/sol_ref_T18_m75_phi0.250_C_robust2ms.pkl,30105.37671303749,1.3617760781092894,4.444051288837087
