collection,budget,n_solves,method,n,succ_1,succ_1.25,succ_1.5,succ_1.75,succ_2,succ_2.25,succ_2.5,released,caught
reference,100,100.0,SMPC,40,0.0,0.0,0.0,0.0,0.0,0.0,0.0,0.0,0.0
reference,100,100.0,VMPC,40,0.0,0.0,0.0,0.0,0.0,0.0,0.0,0.0,0.0
reference,300,300.0,SMPC,40,0.0,0.0,0.0,0.0,0.0,0.0,0.0,0.075,0.0
reference,300,300.0,VMPC,40,0.0,0.0,0.0,0.0,0.0,0.0,0.0,0.075,0.0
reference,-1,,BC,120,0.0,0.0,0.0,0.0,0.0,0.0,0.0,0.0,0.0
reference,-1,,ORACLE,40,0.0,0.0,0.0,0.0,0.0,0.0,0.0,1.0,0.1
reference,-1,,ORACLE+,40,0.0,0.0,0.05,0.1,0.125,0.125,0.125,1.0,0.55
reference,-1,,REPLAY,40,0.0,0.0,0.075,0.2,0.35,0.35,0.35,0.525,0.4
reference,-1,,SMPC,120,0.0,0.0,0.0,0.0,0.0,0.0,0.0,0.23333333333333334,0.0
reference,-1,,TRACK,40,0.0,0.0,0.0,0.0,0.0,0.0,0.0,0.85,0.0
reference,-1,,VMPC,120,0.0,0.0,0.0,0.0,0.0,0.0,0.0,0.041666666666666664,0.0
visited,600,,SMPC,40,0.0,0.0,0.0,0.0,0.0,0.0,0.0,0.35,0.0
visited,600,,VMPC,40,0.0,0.0,0.0,0.0,0.0,0.0,0.0,0.05,0.0
reference,600,,SMPC,40,0.0,0.0,0.0,0.0,0.0,0.0,0.0,0.075,0.0
reference,600,,VMPC,40,0.0,0.0,0.0,0.0,0.0,0.0,0.0,0.0,0.0
