ref,T,m,group,start,ctrl,success,reason,U_peak,U_swing,U_star,release_err,released,caught,d_min,t,wall_s,mpc_fail,n_solve,solve_s,control_dt
sol_ref_T18_m72_phi0.250.pkl,18.0,72.0,train,rest,DFL,0,slipped off A,0.912983274238074,0.9112597564158323,1.259980291466513,,0,0,,1.879999999998958,185.1,2,0,0.0,0.002
sol_ref_T18_m60_phi0.250.pkl,18.0,60.0,train,perturbed_k104,DFL,0,slipped off A,1.011568220397355,1.0087431762431807,1.0308262773085413,,0,0,,0.9939999999994491,208.1,2,0,0.0,0.002
sol_ref_T18_m72_phi0.250.pkl,18.0,72.0,train,perturbed_k90,DFL,0,slipped off A,0.8208329811236548,0.8208329811236548,1.259980291466513,,0,0,,1.141999999999367,236.9,7,0,0.0,0.002
sol_ref_T18_m63_phi0.250.pkl,18.0,63.0,train,perturbed_k81,DFL,0,slipped off A,1.1918799906361426,1.1092218571410264,1.082248272071893,,0,0,,1.9999999999988916,562.7,18,0,0.0,0.002
sol_ref_T18_m60_phi0.250.pkl,18.0,60.0,train,rest,DFL,0,slipped off A,1.1331373784170171,1.1331373784170171,1.0308262773085413,,0,0,,5.427999999996992,848.8,17,0,0.0,0.002
sol_ref_T18_m66_phi0.250.pkl,18.0,66.0,train,perturbed_k15,DFL,0,no release,1.8308840462999254,1.827331051659215,1.14052889559245,,0,0,,18.001999999995924,1849.5,25,0,0.0,0.002
sol_ref_T18_m66_phi0.250.pkl,18.0,66.0,train,rest,DFL,0,no release,1.3727785249565134,1.3727785249565134,1.14052889559245,,0,0,,18.0019999999949,1850.3,26,0,0.0,0.002
sol_ref_T18_m69_phi0.250.pkl,18.0,69.0,holdout,rest,DFL,0,slipped off A,1.3490848532031856,1.2808321631925856,1.2009456619683798,,0,0,,17.983999999994843,1870.1,35,0,0.0,0.002
sol_ref_T18_m69_phi0.250.pkl,18.0,69.0,holdout,perturbed_k28,DFL,0,no release,1.9853065800823582,1.9853065800823582,1.2009456619683798,,0,0,,18.001999999996784,1919.0,33,0,0.0,0.002
