T,m,phi_l,ok,status,iters,solve_s,U_peak,req_cap_N,req_cap_BW,effort,d_s,d_f,phi_c,x_catch,h_release,v0x,v0y,vrel_x,vrel_y,vrel_norm,impulse_norm,U_catch,U_swing,U_hold,direction,res_S_p95,res_F_p95,res_H_p95,res_S_max,res_F_max,res_H_max,ver_S_pos,ver_F_hand,ver_H_pos,cold_start,param_tag
16.0,60.0,0.0,1,Solve_Succeeded,612,251.4,1.1535736676910806,1499.6457679984048,2.5478181583391177,2.135328392158745,4.724467466100322,0.4497926755773864,0.028112042223586542,1.840360693335852,0.9,1.9374608460084095,1.019187281041039,1.8886810148639603,-3.255789258750944,3.7639446958351526,18.878775640747204,1.1535195664310944,1.1528724978324791,1.1535659999465147,outbound,0.047093189354059956,0.23468638537892442,2.904899847867419,7.156205913482353,1.4988521828401815,4.233305490497017,0.009955048629977342,0.0001268760400088757,0.0019589169138828355,1,ref
16.0,60.0,0.0625,1,Solve_Succeeded,441,242.0,1.1308985871883992,1470.1681633449189,2.497737280572407,2.2613544371683174,5.194475143991984,0.46292643252469867,0.09143290203279375,1.9572607422143886,0.7961538461538461,2.039993900505618,1.251829575194661,1.7832520215846734,-2.917371540862618,3.419216939581481,16.16627655015438,1.1308984755357279,1.120498236138455,1.1308985758504029,outbound,0.05746484157762122,0.2541842877699618,2.8440088658828198,9.7395678749063,1.0436950298516763,4.512084506808078,0.004182368173991702,0.00014432227727390057,0.0021903341558110467,0,ref
16.0,60.0,0.125,1,Solve_Succeeded,414,227.9,1.10125697487187,1431.634067333431,2.4322699071244154,2.324623552008742,5.3742948542158455,0.4632502204357366,0.1539531387772335,2.072682717742585,0.6807692307692308,2.2246357090999562,1.4334423620371939,1.9666527372739253,-2.788847690115658,3.4125348976516654,8.53709896938898,1.101256946025324,1.101256951009228,1.1012569749213161,outbound,0.08806783679809087,0.21959759860894928,2.6838894308166887,9.727854613120467,0.9798364889678339,4.477510278133385,0.03734924456054964,0.00016012135007370532,0.0014032835487018946,0,ref
16.0,60.0,0.1875,1,Solve_Succeeded,366,205.2,1.073849345999705,1396.0041497996165,2.371736577981,2.3516833795946908,5.355931478855692,0.475867954888626,0.21724174718053924,2.1895232255640726,0.5653846153846154,2.2392988668641767,1.6644920854793874,2.04810998267448,-2.678830604228131,3.3720747185197593,3.2312752457972342,1.031298609779496,1.0738458648739384,1.073848912348987,outbound,0.19119151435354273,0.2377773979518481,2.7193102964061717,5.381825576563038,1.1039447723719746,4.380308155804702,0.046673668246187044,0.0002129777301136393,0.0015500454480202874,0,ref
16.0,60.0,0.25,1,Solve_Succeeded,194,129.6,1.0691732177464386,1389.9251830703702,2.3614087378021917,2.4775424712369842,5.7093106855130396,0.49694842436410347,0.2810592765227564,2.307340202811243,0.45,2.274270655153503,1.925992749382889,2.16903682859549,-2.6748632755568496,3.4437790734491522,2.8603261663963324,1.0645489511339106,1.0691730715554764,1.0691731942259766,outbound,0.17483519003853082,0.298926633604318,2.2670061817283123,6.745987500128509,1.1984484456589968,4.419836689063308,0.48121386937052474,0.0003557508839246992,0.0014330735642549275,0,ref
16.0,60.0,0.3125,1,Solve_Succeeded,424,222.3,1.0778238539924807,1401.171010190225,2.38051479814853,2.5215414699531267,5.46908236166072,0.5293475417102552,0.34558422135689093,2.4264631778896453,0.33461538461538454,2.358564968703492,2.245990257033146,2.139108127508733,-2.6147227520689116,3.378247867069665,2.8000844206662214,1.0778203731463385,1.0778215794512818,1.077822751364292,outbound,0.15077423914034957,0.3989377316047239,2.693051222464535,6.168383805589093,1.2878254079329423,4.424385473489359,0.10860175914708514,0.0005540746258647644,0.0019953172477777947,0,ref
16.0,60.0,0.375,1,Solve_Succeeded,428,333.1,1.107641506689321,1439.9339586961173,2.446370979775938,2.5868079398443324,5.432585498025707,0.5540805230669061,0.40963003269168174,2.5447015988154127,0.21923076923076915,2.583725459387847,2.4914396201036584,2.1211801548562783,-2.580052324243022,3.340071143731511,2.765422040976084,1.1076413003678693,1.107641422391324,1.1076414471905713,outbound,0.237465442247833,0.4735538106985713,2.5957942114681503,6.9943422325045095,1.4526843546538828,4.445791824911848,0.3778604293572309,0.0006754088695508642,0.0021684525860500292,0,ref
16.0,60.0,0.4375,1,Solve_Succeeded,184,253.5,1.1450546178480194,1488.5710032024253,2.5290027237553945,2.794070954134699,5.75916281417183,0.5710708340981498,0.47319192713113445,2.6620466347036333,0.10384615384615369,2.784083001637092,2.6792530752003465,2.2504132520394227,-2.680030489004915,3.499560433390253,2.8837528613046275,1.1450545008752373,1.1450546092296257,1.1450545917472819,outbound,0.39562577197677273,0.5130946259653802,2.7915103537269315,8.331719128604608,1.4951392967637105,4.555620105638887,0.20363645435121414,0.0008046656980080242,0.0009378831720725511,0,ref
16.0,60.0,0.5,1,Solve_Succeeded,75,182.7,1.1653679513545412,1514.9783367609036,2.573867374721209,2.8143377751888647,5.8744454660570025,0.5934383993944914,0.5370898999621556,2.643064800069867,0.0,2.5889696804800213,2.8957918535545444,2.293570190487871,-2.6952377118829967,3.539035255864352,2.9077733603640548,1.1653674785611996,1.1653678381552757,1.1653675873354332,outbound,0.5375449903332166,0.70460813699592,2.275226204161034,8.259345424505971,1.9117747090689505,4.24227680213082,0.11267078833618105,0.0009726331640263278,0.0034213131487061954,0,ref
16.0,60.0,0.5625,1,Solve_Succeeded,135,232.8,1.1150503887390157,1449.5655053607204,2.4627344637457025,2.7039243832079545,5.874150781018351,0.5820560162419262,0.5988785010151203,2.5289935365874703,0.10384615384615369,2.414342657258914,2.7979792652214863,2.1993816288080787,-2.608191771382032,3.411736195171517,2.8086600018862615,1.1150503218281802,1.1150502612461892,1.1150503631372286,outbound,1.038173362645128,0.7492167781139754,2.4834937887482558,8.2939053549459,1.7774353337892705,3.3949219771000214,0.05712559635167036,0.0008641166391731474,0.0010251124144063928,0,ref
16.0,60.0,0.625,1,Solve_Succeeded,297,403.7,1.07524396497294,1397.817154464822,2.37481677618896,2.593441211721587,5.741408348487902,0.5530817289267613,0.6595676080579227,2.4169521082007583,0.21923076923076915,2.216808091952462,2.5385458069994957,2.2538481575583216,-2.689120503924592,3.508732050464482,2.892551571492118,1.0752435554611603,1.07524326719852,1.0752437855040633,outbound,0.7159302798940106,0.6170374941887732,2.8633012708191963,7.332500981974979,1.5899778273601584,4.292342017794256,0.571316132980847,0.0006182126999503268,0.001188476776645686,0,ref
16.0,60.0,0.6875,1,Solve_Succeeded,336,383.1,1.069720660715222,1390.6368589297888,2.3626178371216255,2.50781195450614,5.744022131205173,0.5311647044179044,0.720697794026119,2.3040963802594727,0.33461538461538454,2.092642856589561,2.2868648707172277,2.1558266730759845,-2.606785241494186,3.382738231021988,2.7969848677669664,1.0697176565426487,1.0697162109429346,1.0697198130799728,outbound,0.18967164198912168,0.47308915000235013,2.8112173702999996,7.193291373372107,1.2188276554741861,4.734410186105585,0.4097350735346225,0.0005756122549633721,0.0014350781929471923,0,ref
16.0,60.0,0.75,1,Solve_Succeeded,54,165.8,1.070354868306973,1391.4613287990649,2.3640185674465934,2.430164818974459,5.638618175410115,0.5025006175034427,0.7814062885939654,2.192019159518833,0.4500000000000004,2.0914206274639957,2.000420571437409,2.1299692853190857,-2.5863516362358063,3.3505199510915213,2.772972150143194,1.057953523660208,1.0703537211383671,1.0703546237477148,outbound,0.19911848104519583,0.5142247301570978,2.700452639972908,7.6008166570964555,1.0644421625923428,4.443711319416273,0.12396972042795568,0.0004328347141650617,0.001075395957110925,0,ref
16.0,60.0,0.8125,1,Solve_Succeeded,501,241.2,1.0797483488284687,1403.6728534770093,2.384765296427131,2.3129800730495913,5.276645669946033,0.4820708335047245,0.8426294270940453,2.078991826903301,0.5653846153846154,2.0608647583664257,1.730473448741488,2.053645300918432,-2.6345639912622354,3.3404171065961146,3.575662962127842,1.0797477772893886,1.0797481202295045,1.0797483167397834,outbound,0.10735276318619766,0.2772961998136855,2.6125707319496567,5.728181340417748,1.004820836438796,4.533720769555389,0.015092921786587388,0.0002600359995017015,0.001158039072631123,0,ref
16.0,60.0,0.875,1,Solve_Succeeded,207,134.1,1.101641552548005,1432.1340183124064,2.433119297166847,2.3502485605226235,5.618663360595041,0.46812768638250973,0.9042579804177906,1.9652160361517712,0.6807692308040931,2.002939998106771,1.4882725776297403,2.012334411043736,-2.8266879932553644,3.4698205707334173,8.08493138330964,1.1016268711558561,1.0879939901965774,1.1016405142768866,outbound,0.1213543526550786,0.2775110476329622,2.4395882155661286,6.278974202039912,1.0993130460780947,4.176517058229937,0.008998567709365607,0.0001780701522346912,0.0017240159947818912,0,ref
16.0,60.0,0.9375,1,Solve_Succeeded,146,112.3,1.1332199676374746,1473.185957928717,2.502864352580219,2.347107834207333,5.743529111280672,0.46599666353666075,0.9666247914710413,1.8500773080534623,0.7961538461538461,1.8266728039094065,1.291871680625091,1.8776061718084804,-3.0004907571306503,3.5395408911382504,15.069428613463002,1.1332199176436615,1.0227427533562894,1.1332199840385802,outbound,0.13373483609583123,0.26243891756030374,2.056397073493735,7.022005368141951,1.2409367339774064,3.8073392660743455,0.0013388176845465227,0.0001609077657998355,0.0007761283051680445,0,ref
