T,m,phi_l,U_star,file,plan_catch_window_s,plan_W_1.0,plan_W_1.1,plan_W_1.25,plan_W_1.5,plan_W_2.0,plan_U0_max,plan_U0_catch,plan_U0_hold,plan_reason0,hang_catch_window_s,hang_W_1.0,hang_W_1.1,hang_W_1.25,hang_W_1.5,hang_W_2.0,hang_U0_max,hang_U0_catch,hang_U0_hold,hang_reason0
16.0,60.0,0.25,1.0691732177464386,sol_ref_T16_m60_phi0.250.pkl,0.01500000000000001,0.0,0.0,0.0,0.0,0.0,1.3562577259059627,1.3562577259059627,1.3004238541599549,cone exceeded,0.01500000000000001,0.0,0.0,0.0,0.0,0.0,2.6492484269699133,0.8562439797012101,2.6492484269699133,lost hook
16.0,63.0,0.75,1.1141842001182718,sol_ref_T16_m63_phi0.750.pkl,0.010000000000000009,0.0,0.0,0.0,0.0,0.0,1.4276686663908587,1.4276686663908587,1.3876702594940593,cone exceeded,0.010000000000000009,0.0,0.0,0.0,0.0,0.0,2.7601844046480255,1.0174075716917688,2.7601844046480255,lost hook
16.0,66.0,0.25,1.1767496967768054,sol_ref_T16_m66_phi0.250.pkl,0.010000000000000009,0.0,0.0,0.0,0.0,0.0,1.4821418690354509,1.4821418690354509,1.4534708414917856,cone exceeded,0.010000000000000009,0.0,0.0,0.0,0.0,0.0,2.9152039130479754,0.9923746145623822,2.9152039130479754,lost hook
16.0,69.0,0.25,1.2451351663720729,sol_ref_T16_m69_phi0.250.pkl,0.010000000000000009,0.0,0.0,0.0,0.0,0.0,1.5515649985571875,1.5515649985571875,1.5328802575536455,cone exceeded,0.010000000000000009,0.0,0.0,0.0,0.0,0.0,3.040459611551301,1.0687958142873177,3.040459611551301,lost hook
16.0,72.0,0.6875,1.3144390476111152,sol_ref_T16_m72_phi0.688.pkl,0.010000000000000009,0.0,0.0,0.0,0.0,0.0,1.65175902811272,1.65175902811272,1.632109435593108,cone exceeded,0.010000000000000009,0.0,0.0,0.0,0.0,0.0,3.0791763572943465,1.0300418580749238,3.0791763572943465,lost hook
16.0,75.0,0.1875,1.3640425381129002,sol_ref_T16_m75_phi0.188.pkl,0.010000000000000009,0.0,0.0,0.0,0.0,0.0,1.7225535999660238,1.7225535999660238,1.717397494165165,cone exceeded,0.010000000000000009,0.0,0.0,0.0,0.0,0.0,3.242184494428124,1.0388950809376656,3.242184494428124,lost hook
17.0,60.0,0.25,1.0651500093656514,sol_ref_T17_m60_phi0.250.pkl,0.010000000000000009,0.0,0.0,0.0,0.0,0.0,1.3589603693434325,1.3589603693434325,1.3020500205522147,cone exceeded,0.010000000000000009,0.0,0.0,0.0,0.0,0.0,2.6850973312435156,0.8808699944990583,2.6850973312435156,lost hook
17.0,63.0,0.2500000000000002,1.1146584063477265,sol_ref_T17_m63_phi0.250.pkl,0.010000000000000009,0.0,0.0,0.0,0.0,0.0,1.4272562608569808,1.4272562608569808,1.3860915861881677,cone exceeded,0.010000000000000009,0.0,0.0,0.0,0.0,0.0,2.798440028566651,0.9337744547469751,2.798440028566651,lost hook
17.0,66.0,0.25,1.1726075684481825,sol_ref_T17_m66_phi0.250.pkl,0.01500000000000001,0.0,0.0,0.0,0.0,0.0,1.480840319225901,1.480840319225901,1.4541688299292845,cone exceeded,0.01500000000000001,0.0,0.0,0.0,0.0,0.0,2.922875579908221,0.9012565867182268,2.922875579908221,lost hook
17.0,69.0,0.25,1.2394737217250487,sol_ref_T17_m69_phi0.250.pkl,0.010000000000000009,0.0,0.0,0.0,0.0,0.0,1.562011084073361,1.562011084073361,1.5418844166861911,cone exceeded,0.010000000000000009,0.0,0.0,0.0,0.0,0.0,3.073708050547089,0.970741225289439,3.073708050547089,lost hook
17.0,72.0,0.6875,1.3072449924589584,sol_ref_T17_m72_phi0.688.pkl,0.010000000000000009,0.0,0.0,0.0,0.0,0.0,1.6426760830748517,1.6426760830748517,1.6239518574619953,cone exceeded,0.010000000000000009,0.0,0.0,0.0,0.0,0.0,3.076849602225831,1.0528151275458857,3.076849602225831,lost hook
17.0,75.0,0.7499999999999998,1.3641163399023817,sol_ref_T17_m75_phi0.750.pkl,0.010000000000000009,0.0,0.0,0.0,0.0,0.0,1.7179341681765663,1.7179341681765663,1.7075103653308221,cone exceeded,0.010000000000000009,0.0,0.0,0.0,0.0,0.0,3.20003939484895,1.0843396070741675,3.20003939484895,lost hook
18.0,60.0,0.25,1.0661368661829635,sol_ref_T18_m60_phi0.250.pkl,0.010000000000000009,0.0,0.0,0.0,0.0,0.0,1.3533861762263475,1.3533861762263475,1.3007274706936802,cone exceeded,0.010000000000000009,0.0,0.0,0.0,0.0,0.0,2.6691488869182174,0.9766624983255132,2.6691488869182174,lost hook
18.0,63.0,0.25,1.1222976888653136,sol_ref_T18_m63_phi0.250.pkl,0.010000000000000009,0.0,0.0,0.0,0.0,0.0,1.4236081007877766,1.4236081007877766,1.3818107174287508,cone exceeded,0.010000000000000009,0.0,0.0,0.0,0.0,0.0,2.790025417239582,0.9925410210314484,2.790025417239582,lost hook
18.0,66.0,0.6875,1.1904328377131355,sol_ref_T18_m66_phi0.688.pkl,0.010000000000000009,0.0,0.0,0.0,0.0,0.0,1.5021997648290986,1.5021997648290986,1.4648717487903944,cone exceeded,0.010000000000000009,0.0,0.0,0.0,0.0,0.0,2.8419862063314065,0.9756392168673377,2.8419862063314065,lost hook
18.0,69.0,0.25,1.2369288466977613,sol_ref_T18_m69_phi0.250.pkl,0.010000000000000009,0.0,0.0,0.0,0.0,0.0,1.5555558930430116,1.5555558930430116,1.5367332517709813,cone exceeded,0.010000000000000009,0.0,0.0,0.0,0.0,0.0,3.0123773965768716,1.0232726717467113,3.0123773965768716,lost hook
18.0,72.0,0.6875,1.306170540180908,sol_ref_T18_m72_phi0.688.pkl,0.010000000000000009,0.0,0.0,0.0,0.0,0.0,1.640831343391816,1.640831343391816,1.6230165236937426,cone exceeded,0.010000000000000009,0.0,0.0,0.0,0.0,0.0,3.091645207917168,1.0404705121802282,3.091645207917168,lost hook
18.0,75.0,0.75,1.3662000977779476,sol_ref_T18_m75_phi0.750.pkl,0.010000000000000009,0.0,0.0,0.0,0.0,0.0,1.7165494820959244,1.7165494820959244,1.7061231897279507,cone exceeded,0.010000000000000009,0.0,0.0,0.0,0.0,0.0,3.2058492545967825,1.0835645675331012,3.2058492545967825,lost hook
19.0,60.0,0.6875,1.066366687464225,sol_ref_T19_m60_phi0.688.pkl,0.010000000000000009,0.0,0.0,0.0,0.0,0.0,1.3616636539211786,1.3616636539211786,1.3054629019122272,cone exceeded,0.010000000000000009,0.0,0.0,0.0,0.0,0.0,2.629528749238709,0.879291202262168,2.629528749238709,lost hook
19.0,63.0,0.25000000000000017,1.1219766334815058,sol_ref_T19_m63_phi0.250.pkl,0.010000000000000009,0.0,0.0,0.0,0.0,0.0,1.4289798315847473,1.4289798315847473,1.385064261971667,cone exceeded,0.010000000000000009,0.0,0.0,0.0,0.0,0.0,2.778997484423767,0.9374949677750314,2.778997484423767,lost hook
19.0,66.0,0.25,1.180966201041084,sol_ref_T19_m66_phi0.250.pkl,0.010000000000000009,0.0,0.0,0.0,0.0,0.0,1.4909388381560185,1.4909388381560185,1.4607290138108435,cone exceeded,0.010000000000000009,0.0,0.0,0.0,0.0,0.0,2.9114779004285007,0.9870444868443198,2.9114779004285007,lost hook
19.0,69.0,0.25000000000000017,1.2373630176802526,sol_ref_T19_m69_phi0.250.pkl,0.010000000000000009,0.0,0.0,0.0,0.0,0.0,1.554459239612489,1.554459239612489,1.5358036492067169,cone exceeded,0.010000000000000009,0.0,0.0,0.0,0.0,0.0,3.0389316535800406,1.051279250685191,3.0389316535800406,lost hook
19.0,72.0,0.8124999999999997,1.2999963515948274,sol_ref_T19_m72_phi0.812.pkl,0.010000000000000009,0.0,0.0,0.0,0.0,0.0,1.634375506103089,1.634375506103089,1.6233844264111208,cone exceeded,0.010000000000000009,0.0,0.0,0.0,0.0,0.0,3.1412284420767507,0.9817511548794963,3.1412284420767507,lost hook
19.0,75.0,0.625,1.3854889979679743,sol_ref_T19_m75_phi0.625.pkl,0.010000000000000009,0.0,0.0,0.0,0.0,0.0,1.738688631285713,1.738688631285713,1.7223089157354974,cone exceeded,0.010000000000000009,0.0,0.0,0.0,0.0,0.0,3.216004026410221,1.0596252147466654,3.216004026410221,lost hook
20.0,60.0,0.6875,1.0509332036419754,sol_ref_T20_m60_phi0.688.pkl,0.010000000000000009,0.0,0.0,0.0,0.0,0.0,1.3503438407529604,1.3503438407529604,1.2973392064741436,cone exceeded,0.010000000000000009,0.0,0.0,0.0,0.0,0.0,2.6784228522132922,0.8507587202186406,2.6784228522132922,lost hook
20.0,63.0,0.25,1.1204667566695472,sol_ref_T20_m63_phi0.250.pkl,0.010000000000000009,0.0,0.0,0.0,0.0,0.0,1.4207114684787732,1.4207114684787732,1.3777268616362393,cone exceeded,0.010000000000000009,0.0,0.0,0.0,0.0,0.0,2.8003569491761917,0.929304248350863,2.8003569491761917,lost hook
20.0,66.0,0.7500000000000003,1.1879511248694414,sol_ref_T20_m66_phi0.750.pkl,0.010000000000000009,0.0,0.0,0.0,0.0,0.0,1.4988727315593482,1.4988727315593482,1.4652052565702651,cone exceeded,0.010000000000000009,0.0,0.0,0.0,0.0,0.0,2.883530467876163,0.9589245479803192,2.883530467876163,lost hook
20.0,69.0,0.25000000000000017,1.2393483061793888,sol_ref_T20_m69_phi0.250.pkl,0.010000000000000009,0.0,0.0,0.0,0.0,0.0,1.5594454091565992,1.5594454091565992,1.541484737584204,cone exceeded,0.010000000000000009,0.0,0.0,0.0,0.0,0.0,3.010630105478491,1.0891895341310056,3.010630105478491,lost hook
20.0,72.0,0.7499999999999997,1.301750697851836,sol_ref_T20_m72_phi0.750.pkl,0.010000000000000009,0.0,0.0,0.0,0.0,0.0,1.6404520519299226,1.6404520519299226,1.624065388197982,cone exceeded,0.010000000000000009,0.0,0.0,0.0,0.0,0.0,3.099222964311286,1.037293869930319,3.099222964311286,lost hook
20.0,75.0,0.6875,1.357133093804057,sol_ref_T20_m75_phi0.688.pkl,0.010000000000000009,0.0,0.0,0.0,0.0,0.0,1.703917500089602,1.703917500089602,1.6945379906308122,cone exceeded,0.010000000000000009,0.0,0.0,0.0,0.0,0.0,3.223300826151921,1.1093284755729105,3.223300826151921,lost hook
21.0,60.0,0.25,1.0603000244603271,sol_ref_T21_m60_phi0.250.pkl,0.01500000000000001,0.0,0.0,0.0,0.0,0.0,1.360978219866894,1.360978219866894,1.306201394844233,cone exceeded,0.01500000000000001,0.0,0.0,0.0,0.0,0.0,2.6825712744363424,0.9010188143967178,2.6825712744363424,lost hook
21.0,63.0,0.6875,1.1298499174181147,sol_ref_T21_m63_phi0.688.pkl,0.010000000000000009,0.0,0.0,0.0,0.0,0.0,1.4234139514083737,1.4234139514083737,1.3780025551100585,cone exceeded,0.010000000000000009,0.0,0.0,0.0,0.0,0.0,2.7583190767994012,0.8774831367775952,2.7583190767994012,lost hook
21.0,66.0,0.75,1.197840218618746,sol_ref_T21_m66_phi0.750.pkl,0.010000000000000009,0.0,0.0,0.0,0.0,0.0,1.509426210830107,1.509426210830107,1.473337016448408,cone exceeded,0.010000000000000009,0.0,0.0,0.0,0.0,0.0,2.8403179424195155,0.96316184138899,2.8403179424195155,lost hook
21.0,69.0,0.24999999999999983,1.235172409264556,sol_ref_T21_m69_phi0.250.pkl,0.010000000000000009,0.0,0.0,0.0,0.0,0.0,1.5548257866251587,1.5548257866251587,1.5362932019924993,cone exceeded,0.010000000000000009,0.0,0.0,0.0,0.0,0.0,3.0893434683563026,0.9566495434929705,3.0893434683563026,lost hook
21.0,72.0,0.7499999999990353,1.3021836479812714,sol_ref_T21_m72_phi0.750.pkl,0.010000000000000009,0.0,0.0,0.0,0.0,0.0,1.6437004823079775,1.6437004823079775,1.6280531984752955,cone exceeded,0.010000000000000009,0.0,0.0,0.0,0.0,0.0,3.1035487654650242,1.0489703222373619,3.1035487654650242,lost hook
21.0,75.0,0.25,1.3605283086943352,sol_ref_T21_m75_phi0.250.pkl,0.010000000000000009,0.0,0.0,0.0,0.0,0.0,1.7042592006691495,1.7042592006691495,1.698331263945108,cone exceeded,0.010000000000000009,0.0,0.0,0.0,0.0,0.0,3.206396449262459,1.1137184334474057,3.206396449262459,lost hook
22.0,60.0,0.6875,1.0619587728222835,sol_ref_T22_m60_phi0.688.pkl,0.010000000000000009,0.0,0.0,0.0,0.0,0.0,1.3617536009440656,1.3617536009440656,1.3011275891919154,cone exceeded,0.010000000000000009,0.0,0.0,0.0,0.0,0.0,2.6297173884770544,0.8804348951878195,2.6297173884770544,lost hook
22.0,63.0,0.750000000011191,1.1194553956707325,sol_ref_T22_m63_phi0.750.pkl,0.010000000000000009,0.0,0.0,0.0,0.0,0.0,1.436436725963724,1.436436725963724,1.3919359707188845,cone exceeded,0.010000000000000009,0.0,0.0,0.0,0.0,0.0,2.764292874148736,0.9389486468266985,2.764292874148736,lost hook
22.0,66.0,0.6875000001980425,1.1776196646466313,sol_ref_T22_m66_phi0.688.pkl,0.010000000000000009,0.0,0.0,0.0,0.0,0.0,1.4930991033747736,1.4930991033747736,1.460276063479622,cone exceeded,0.010000000000000009,0.0,0.0,0.0,0.0,0.0,2.885123972855076,0.968763611711871,2.885123972855076,lost hook
22.0,69.0,0.75,1.2442596682440388,sol_ref_T22_m69_phi0.750.pkl,0.010000000000000009,0.0,0.0,0.0,0.0,0.0,1.5629116282001185,1.5629116282001185,1.538870549373149,cone exceeded,0.010000000000000009,0.0,0.0,0.0,0.0,0.0,2.994594413882988,0.9860506108288976,2.994594413882988,lost hook
22.0,72.0,0.25,1.3046297139980774,sol_ref_T22_m72_phi0.250.pkl,0.010000000000000009,0.0,0.0,0.0,0.0,0.0,1.6365038506066432,1.6365038506066432,1.624248652212107,cone exceeded,0.010000000000000009,0.0,0.0,0.0,0.0,0.0,3.104456995006565,1.104911629531646,3.104456995006565,lost hook
22.0,75.0,0.6875,1.3742364573888355,sol_ref_T22_m75_phi0.688.pkl,0.010000000000000009,0.0,0.0,0.0,0.0,0.0,1.7210065544025146,1.7210065544025146,1.7080801005662511,cone exceeded,0.010000000000000009,0.0,0.0,0.0,0.0,0.0,3.154744823003333,1.10190524507884,3.154744823003333,lost hook
23.0,60.0,0.3125,1.0703172285514613,sol_ref_T23_m60_phi0.312.pkl,0.01500000000000001,0.0,0.0,0.0,0.0,0.0,1.3217535536964726,1.3217535536964726,1.3004862030340643,lost hook,0.01500000000000001,0.0,0.0,0.0,0.0,0.0,1.6150628468316015,1.5918142404061257,1.6150628468316015,lost hook
23.0,63.0,0.625,1.1288338670075744,sol_ref_T23_m63_phi0.625.pkl,0.010000000000000009,0.0,0.0,0.0,0.0,0.0,1.4298941458524261,1.4298941458524261,1.3840117433936836,cone exceeded,0.010000000000000009,0.0,0.0,0.0,0.0,0.0,2.790651782256225,0.8561342102328898,2.790651782256225,lost hook
23.0,66.0,0.6875000000000003,1.1828480041036387,sol_ref_T23_m66_phi0.688.pkl,0.010000000000000009,0.0,0.0,0.0,0.0,0.0,1.490661906976989,1.490661906976989,1.4576782935625008,cone exceeded,0.010000000000000009,0.0,0.0,0.0,0.0,0.0,2.892374899204453,0.9695229182207129,2.892374899204453,lost hook
23.0,69.0,0.25,1.244452366408194,sol_ref_T23_m69_phi0.250.pkl,0.010000000000000009,0.0,0.0,0.0,0.0,0.0,1.5595853683716951,1.5595853683716951,1.5394011150843696,cone exceeded,0.010000000000000009,0.0,0.0,0.0,0.0,0.0,3.015237437547434,1.0728357115982012,3.015237437547434,lost hook
23.0,72.0,0.25,1.307858363625445,sol_ref_T23_m72_phi0.250.pkl,0.010000000000000009,0.0,0.0,0.0,0.0,0.0,1.6446780811399164,1.6446780811399164,1.6322353930451832,cone exceeded,0.010000000000000009,0.0,0.0,0.0,0.0,0.0,3.1201555418998206,1.1189342113183773,3.1201555418998206,lost hook
23.0,75.0,0.8125000000202387,1.3677140669489103,sol_ref_T23_m75_phi0.812.pkl,0.010000000000000009,0.0,0.0,0.0,0.0,0.0,1.7196912664364588,1.7196912664364588,1.7136627073815,cone exceeded,0.010000000000000009,0.0,0.0,0.0,0.0,0.0,3.2567539897024704,1.0516240296593078,3.2567539897024704,lost hook
24.0,60.0,0.3125,1.0563573837325948,sol_ref_T24_m60_phi0.312.pkl,0.010000000000000009,0.0,0.0,0.0,0.0,0.0,1.3528748553696197,1.3528748553696197,1.2995105085977434,cone exceeded,0.010000000000000009,0.0,0.0,0.0,0.0,0.0,2.675098531805338,0.8700836040072658,2.675098531805338,lost hook
24.0,63.0,0.25,1.1244049831668252,sol_ref_T24_m63_phi0.250.pkl,0.010000000000000009,0.0,0.0,0.0,0.0,0.0,1.4346564132910722,1.4346564132910722,1.3862328830784494,cone exceeded,0.010000000000000009,0.0,0.0,0.0,0.0,0.0,2.7715579773693446,0.9811928351448056,2.7715579773693446,lost hook
24.0,66.0,0.25,1.185792099468508,sol_ref_T24_m66_phi0.250.pkl,0.010000000000000009,0.0,0.0,0.0,0.0,0.0,1.490051963492793,1.490051963492793,1.4613493707630443,cone exceeded,0.010000000000000009,0.0,0.0,0.0,0.0,0.0,2.9163844185958507,1.0389290731189438,2.9163844185958507,lost hook
24.0,69.0,0.25,1.2343330910885946,sol_ref_T24_m69_phi0.250.pkl,0.010000000000000009,0.0,0.0,0.0,0.0,0.0,1.5549391414706368,1.5549391414706368,1.53669199333528,cone exceeded,0.010000000000000009,0.0,0.0,0.0,0.0,0.0,3.037180761716855,1.0084594910238227,3.037180761716855,lost hook
24.0,72.0,0.25,1.2944336415013076,sol_ref_T24_m72_phi0.250.pkl,0.010000000000000009,0.0,0.0,0.0,0.0,0.0,1.6394436343716463,1.6394436343716463,1.6282154218542826,cone exceeded,0.010000000000000009,0.0,0.0,0.0,0.0,0.0,3.1327390808788573,1.0635816975789496,3.1327390808788573,lost hook
24.0,75.0,0.25,1.3549783720064659,sol_ref_T24_m75_phi0.250.pkl,0.010000000000000009,0.0,0.0,0.0,0.0,0.0,1.6996147781754811,1.6996147781754811,1.6940188684398192,cone exceeded,0.010000000000000009,0.0,0.0,0.0,0.0,0.0,3.263988893149896,1.0685540813570953,3.263988893149896,lost hook
