ref,T,m,group,start,ctrl,success,reason,U_peak,U_swing,U_star,release_err,released,caught,d_min,t,wall_s,mpc_fail,n_solve,solve_s,control_dt,run
sol_ref_T18_m60_phi0.250.pkl,18.0,60.0,train,perturbed_k104,BC,0,slipped off A,1.1877424771518048,1.17546227382147,1.0308262773085413,,0,0,,0.6249999999996554,0.8,0,0,0.0,0.002,bc
sol_ref_T18_m60_phi0.250.pkl,18.0,60.0,train,rest,BC,0,grip capacity exceeded,2.005562441305255,2.005562441305255,1.0308262773085413,,0,0,,2.7589999999984727,3.3,0,0,0.0,0.002,bc
sol_ref_T18_m63_phi0.250.pkl,18.0,63.0,train,perturbed_k81,BC,0,hit wall,0.7773909547633467,0.7730531601856273,1.082248272071893,,0,0,,1.6519999999990844,1.9,0,0,0.0,0.002,bc
sol_ref_T18_m66_phi0.250.pkl,18.0,66.0,train,perturbed_k15,BC,0,slipped off A,0.7134082310416328,0.7124224762285765,1.14052889559245,,0,0,,2.952999999998365,3.7,0,0,0.0,0.002,bc
sol_ref_T18_m66_phi0.250.pkl,18.0,66.0,train,rest,BC,0,slipped off A,0.9181677467178068,0.912246918904112,1.14052889559245,,0,0,,3.353999999998141,4.1,0,0,0.0,0.002,bc
sol_ref_T18_m63_phi0.250.pkl,18.0,63.0,train,rest,BC,0,slipped off A,0.6252502856243211,0.6251113837498342,1.082248272071893,,0,0,,3.10399999999828,4.8,0,0,0.0,0.002,bc
sol_ref_T18_m72_phi0.250.pkl,18.0,72.0,train,perturbed_k90,BC,0,slipped off A,0.8436052327570848,0.8436052327570848,1.259980291466513,,0,0,,1.2579999999993028,2.7,0,0,0.0,0.002,bc
sol_ref_T18_m69_phi0.250.pkl,18.0,69.0,holdout,rest,BC,0,slipped off A,1.5549265905756349,1.530897137460594,1.2009456619683798,,0,0,,2.6799999999985147,3.8,0,0,0.0,0.002,bc
sol_ref_T18_m69_phi0.250.pkl,18.0,69.0,holdout,perturbed_k28,BC,0,slipped off A,0.6768463952627617,0.6760236475371401,1.2009456619683798,,0,0,,2.213999999998773,4.1,0,0,0.0,0.002,bc
sol_ref_T18_m72_phi0.250.pkl,18.0,72.0,train,rest,BC,0,slipped off A,0.8298945780677919,0.8298945780677919,1.259980291466513,,0,0,,2.783999999998457,3.9,0,0,0.0,0.002,bc
sol_ref_T18_m60_phi0.250.pkl,18.0,60.0,train,perturbed_k104,DFL,0,hit wall,0.8939721583969606,0.8939721583969606,1.0308262773085413,,0,0,,0.5639999999996874,185.4,10,0,0.0,0.002,dfl
sol_ref_T18_m63_phi0.250.pkl,18.0,63.0,train,rest,DFL,0,hit wall,0.9015829315287592,0.8931233861629209,1.082248272071893,,0,0,,2.110999999998832,406.9,14,0,0.0,0.002,dfl
sol_ref_T18_m60_phi0.250.pkl,18.0,60.0,train,rest,DFL,0,slipped off A,0.924338505403464,0.924338505403464,1.0308262773085413,,0,0,,2.105999999998833,461.1,14,0,0.0,0.002,dfl
sol_ref_T18_m63_phi0.250.pkl,18.0,63.0,train,perturbed_k81,DFL,0,hit wall,1.4449135298247937,1.437638562865867,1.082248272071893,,0,0,,1.5589999999991375,463.2,14,0,0.0,0.002,dfl
sol_ref_T18_m72_phi0.250.pkl,18.0,72.0,train,perturbed_k90,DFL,0,hit wall,1.0334480940137152,1.0334480940137152,1.259980291466513,,0,0,,1.3289999999992652,464.2,19,0,0.0,0.002,dfl
sol_ref_T18_m69_phi0.250.pkl,18.0,69.0,holdout,rest,DFL,0,slipped off A,1.092066290926068,1.0855335636983452,1.2009456619683798,,0,0,,2.5609999999985824,476.8,17,0,0.0,0.002,dfl
sol_ref_T18_m66_phi0.250.pkl,18.0,66.0,train,perturbed_k15,DFL,0,slipped off A,1.2136430616313132,1.2136430616313132,1.14052889559245,,0,0,,2.711999999998497,565.0,20,0,0.0,0.002,dfl
sol_ref_T18_m72_phi0.250.pkl,18.0,72.0,train,rest,DFL,0,grip capacity exceeded,2.082896895995955,2.082896895995955,1.259980291466513,,0,0,,2.5969999999985625,728.3,22,0,0.0,0.002,dfl
sol_ref_T18_m69_phi0.250.pkl,18.0,69.0,holdout,perturbed_k28,DFL,0,slipped off A,1.5540701417707143,1.5540701417707143,1.2009456619683798,,0,0,,5.041999999997206,902.2,38,0,0.0,0.002,dfl
sol_ref_T18_m66_phi0.250.pkl,18.0,66.0,train,rest,DFL,0,hit wall,1.9507859852888736,1.8838414085989217,1.14052889559245,,0,0,,12.872999999992867,1830.9,78,0,0.0,0.002,dfl
sol_ref_T18_m69_phi0.250.pkl,18.0,69.0,holdout,rest,DFL-H40,0,slipped off A,0.8561874000118496,0.8561874000118496,1.2009456619683798,,0,0,,1.9489999999989216,333.0,12,0,0.0,0.002,dfl_h40
sol_ref_T18_m63_phi0.250.pkl,18.0,63.0,train,perturbed_k81,DFL-H40,0,hit wall,1.0198088351935006,1.0198088351935006,1.082248272071893,,0,0,,1.3649999999992453,350.7,12,0,0.0,0.002,dfl_h40
sol_ref_T18_m72_phi0.250.pkl,18.0,72.0,train,rest,DFL-H40,0,grip capacity exceeded,2.041521052834653,2.041521052834653,1.259980291466513,,0,0,,1.996999999998895,432.0,10,0,0.0,0.002,dfl_h40
sol_ref_T18_m66_phi0.250.pkl,18.0,66.0,train,rest,DFL-H40,0,slipped off A,0.7889513005680044,0.7889513005680044,1.14052889559245,,0,0,,2.346999999998701,443.9,17,0,0.0,0.002,dfl_h40
sol_ref_T18_m60_phi0.250.pkl,18.0,60.0,train,perturbed_k104,DFL-H40,0,slipped off A,1.1824000726710997,1.1824000726710997,1.0308262773085413,,0,0,,2.1129999999988307,501.8,20,0,0.0,0.002,dfl_h40
sol_ref_T18_m72_phi0.250.pkl,18.0,72.0,train,perturbed_k90,DFL-H40,0,hit wall,1.6376349241927473,1.6376349241927473,1.259980291466513,,0,0,,3.2959999999981733,503.5,10,0,0.0,0.002,dfl_h40
sol_ref_T18_m60_phi0.250.pkl,18.0,60.0,train,rest,DFL-H40,0,slipped off A,0.9024267851271072,0.901194928007588,1.0308262773085413,,0,0,,2.9669999999983574,533.3,19,0,0.0,0.002,dfl_h40
sol_ref_T18_m63_phi0.250.pkl,18.0,63.0,train,rest,DFL-H40,0,grip capacity exceeded,2.1143521208204645,2.1143521208204645,1.082248272071893,,0,0,,3.2399999999982043,538.5,14,0,0.0,0.002,dfl_h40
sol_ref_T18_m69_phi0.250.pkl,18.0,69.0,holdout,perturbed_k28,DFL-H40,0,hit wall,1.309733808018573,1.309733808018573,1.2009456619683798,,0,0,,3.5879999999980114,722.1,22,0,0.0,0.002,dfl_h40
sol_ref_T18_m66_phi0.250.pkl,18.0,66.0,train,perturbed_k15,DFL-H40,0,hit wall,1.2815304774517524,1.2743803490475123,1.14052889559245,0.4160117702960209,1,0,2.3287621017670364,5.610999999996892,962.4,29,0,0.0,0.002,dfl_h40
sol_ref_T18_m60_phi0.250.pkl,18.0,60.0,train,perturbed_k104,DFL-tau,0,hit wall,0.8426424950013989,0.8426424950013989,1.0308262773085413,,0,0,,0.7329999999995955,182.1,10,0,0.0,0.002,dfl_tau
sol_ref_T18_m63_phi0.250.pkl,18.0,63.0,train,perturbed_k81,DFL-tau,0,hit wall,0.9657869717106587,0.9657869717106587,1.082248272071893,,0,0,,1.6349999999990956,274.7,14,0,0.0,0.002,dfl_tau
sol_ref_T18_m72_phi0.250.pkl,18.0,72.0,train,perturbed_k90,DFL-tau,0,slipped off A,1.2588880417876196,1.2588880417876196,1.259980291466513,,0,0,,1.049999999999418,278.1,12,0,0.0,0.002,dfl_tau
sol_ref_T18_m63_phi0.250.pkl,18.0,63.0,train,rest,DFL-tau,0,slipped off A,0.7997091806937685,0.7942481295757491,1.082248272071893,,0,0,,2.339999999998703,354.9,15,0,0.0,0.002,dfl_tau
sol_ref_T18_m69_phi0.250.pkl,18.0,69.0,holdout,perturbed_k28,DFL-tau,0,grip capacity exceeded,2.4434806392415016,2.4434806392415016,1.2009456619683798,,0,0,,2.530999999998599,366.2,19,0,0.0,0.002,dfl_tau
sol_ref_T18_m66_phi0.250.pkl,18.0,66.0,train,perturbed_k15,DFL-tau,0,grip capacity exceeded,2.0044864571377903,2.0044864571377903,1.14052889559245,,0,0,,3.10399999999828,422.2,19,0,0.0,0.002,dfl_tau
sol_ref_T18_m72_phi0.250.pkl,18.0,72.0,train,rest,DFL-tau,0,slipped off A,1.4396415387441546,1.4396415387441546,1.259980291466513,,0,0,,4.498999999997508,493.5,21,0,0.0,0.002,dfl_tau
sol_ref_T18_m60_phi0.250.pkl,18.0,60.0,train,rest,DFL-tau,0,grip capacity exceeded,2.8947131224192924,2.8947131224192924,1.0308262773085413,,0,0,,4.571999999997466,586.5,28,0,0.0,0.002,dfl_tau
sol_ref_T18_m66_phi0.250.pkl,18.0,66.0,train,rest,DFL-tau,0,hit wall,0.9777852900315483,0.9777852900315483,1.14052889559245,,0,0,,4.824999999997328,604.1,28,0,0.0,0.002,dfl_tau
sol_ref_T18_m69_phi0.250.pkl,18.0,69.0,holdout,rest,DFL-tau,0,hit wall,1.7972646078521275,1.7972646078521275,1.2009456619683798,,0,0,,10.86299999999398,1295.6,78,0,0.0,0.002,dfl_tau
sol_ref_T18_m69_phi0.250.pkl,18.0,69.0,holdout,perturbed_k28,DFL-tau2,0,grip capacity exceeded,2.041601136299456,2.041601136299456,1.2009456619683798,,0,0,,1.399999999999224,214.5,3,0,0.0,0.002,dfl_tau2
sol_ref_T18_m60_phi0.250.pkl,18.0,60.0,train,perturbed_k104,DFL-tau2,0,grip capacity exceeded,2.092155476350108,2.092155476350108,1.0308262773085413,,0,0,,2.2919999999987297,424.2,12,0,0.0,0.002,dfl_tau2
sol_ref_T18_m72_phi0.250.pkl,18.0,72.0,train,perturbed_k90,DFL-tau2,0,slipped off A,1.3060969983145156,1.3058726493171195,1.259980291466513,,0,0,,2.6679999999985213,525.1,19,0,0.0,0.002,dfl_tau2
sol_ref_T18_m63_phi0.250.pkl,18.0,63.0,train,rest,DFL-tau2,0,slipped off A,1.415945703639616,1.4054604219536737,1.082248272071893,,0,0,,7.528999999995829,786.2,22,0,0.0,0.002,dfl_tau2
sol_ref_T18_m72_phi0.250.pkl,18.0,72.0,train,rest,DFL-tau2,0,grip capacity exceeded,2.260903975759514,2.260903975759514,1.259980291466513,,0,0,,5.627999999996881,789.4,20,0,0.0,0.002,dfl_tau2
sol_ref_T18_m69_phi0.250.pkl,18.0,69.0,holdout,rest,DFL-tau2,0,hit wall,1.4527603414266863,1.4452471146978143,1.2009456619683798,,0,0,,12.906999999992848,1333.1,25,0,0.0,0.002,dfl_tau2
sol_ref_T18_m63_phi0.250.pkl,18.0,63.0,train,perturbed_k81,DFL-tau2,0,hit wall,1.834468794384066,1.834468794384066,1.082248272071893,,0,0,,10.550999999994154,1338.9,20,0,0.0,0.002,dfl_tau2
sol_ref_T18_m66_phi0.250.pkl,18.0,66.0,train,rest,DFL-tau2,0,hit wall,1.2359661756666074,1.2311460474038507,1.14052889559245,,0,0,,12.530999999993057,1387.9,12,0,0.0,0.002,dfl_tau2
sol_ref_T18_m66_phi0.250.pkl,18.0,66.0,train,perturbed_k15,DFL-tau2,0,hit wall,1.3086715928425965,1.2459049507568098,1.14052889559245,,0,0,,13.093999999992745,1418.1,15,0,0.0,0.002,dfl_tau2
sol_ref_T18_m60_phi0.250.pkl,18.0,60.0,train,rest,DFL-tau2,0,hit wall,1.645800009505005,1.645800009505005,1.0308262773085413,,0,0,,14.974999999991702,1776.4,40,0,0.0,0.002,dfl_tau2
sol_ref_T18_m72_phi0.250.pkl,18.0,72.0,train,rest,DFL-tau3,0,slipped off A,0.912983274238074,0.9112597564158323,1.259980291466513,,0,0,,1.879999999998958,185.1,2,0,0.0,0.002,dfl_tau3
sol_ref_T18_m60_phi0.250.pkl,18.0,60.0,train,perturbed_k104,DFL-tau3,0,slipped off A,1.011568220397355,1.0087431762431809,1.0308262773085413,,0,0,,0.9939999999994492,208.1,2,0,0.0,0.002,dfl_tau3
sol_ref_T18_m72_phi0.250.pkl,18.0,72.0,train,perturbed_k90,DFL-tau3,0,slipped off A,0.8208329811236548,0.8208329811236548,1.259980291466513,,0,0,,1.141999999999367,236.9,7,0,0.0,0.002,dfl_tau3
sol_ref_T18_m63_phi0.250.pkl,18.0,63.0,train,perturbed_k81,DFL-tau3,0,slipped off A,1.1918799906361426,1.1092218571410264,1.082248272071893,,0,0,,1.999999999998892,562.7,18,0,0.0,0.002,dfl_tau3
sol_ref_T18_m60_phi0.250.pkl,18.0,60.0,train,rest,DFL-tau3,0,slipped off A,1.1331373784170171,1.1331373784170171,1.0308262773085413,,0,0,,5.427999999996992,848.8,17,0,0.0,0.002,dfl_tau3
sol_ref_T18_m66_phi0.250.pkl,18.0,66.0,train,perturbed_k15,DFL-tau3,0,no release,1.8308840462999252,1.827331051659215,1.14052889559245,,0,0,,18.001999999995924,1849.5,25,0,0.0,0.002,dfl_tau3
sol_ref_T18_m66_phi0.250.pkl,18.0,66.0,train,rest,DFL-tau3,0,no release,1.3727785249565134,1.3727785249565134,1.14052889559245,,0,0,,18.0019999999949,1850.3,26,0,0.0,0.002,dfl_tau3
sol_ref_T18_m69_phi0.250.pkl,18.0,69.0,holdout,rest,DFL-tau3,0,slipped off A,1.3490848532031856,1.2808321631925856,1.2009456619683798,,0,0,,17.983999999994843,1870.1,35,0,0.0,0.002,dfl_tau3
sol_ref_T18_m69_phi0.250.pkl,18.0,69.0,holdout,perturbed_k28,DFL-tau3,0,no release,1.9853065800823584,1.9853065800823584,1.2009456619683798,,0,0,,18.001999999996784,1919.0,33,0,0.0,0.002,dfl_tau3
sol_ref_T18_m60_phi0.250.pkl,18.0,60.0,train,perturbed_k104,ORACLE,0,lost hook,1.4286292640752347,1.0829911156669063,1.0308262773085413,-0.0146335855073518,1,1,0.0299074463345111,3.687999999997956,558.5,1,4,511.4,0.002,oracle
sol_ref_T18_m72_phi0.250.pkl,18.0,72.0,train,perturbed_k90,ORACLE,0,hit B's face,1.3703932200501827,1.3703932200501827,1.259980291466513,-0.0025759819403665,1,0,0.203821847390757,2.6929999999985093,699.2,1,5,629.5,0.002,oracle
sol_ref_T18_m69_phi0.250.pkl,18.0,69.0,holdout,perturbed_k28,ORACLE,0,hit B's face,1.2543539089170297,1.2543539089170297,1.2009456619683798,-0.1134813691299623,1,0,0.0458971521514262,5.118999999997165,801.4,0,10,688.8,0.002,oracle
sol_ref_T18_m63_phi0.250.pkl,18.0,63.0,train,perturbed_k81,ORACLE,0,lost hook,1.513722479829254,1.1557824765393363,1.082248272071893,0.0341390435696302,1,1,0.0295808784309401,4.71299999999739,1044.4,2,6,973.1,0.002,oracle
sol_ref_T18_m69_phi0.250.pkl,18.0,69.0,holdout,rest,ORACLE,0,hit B's face,1.252139653364913,1.252139653364913,1.2009456619683798,-0.0755918472909709,1,0,0.21235051139592,6.141999999996596,1064.2,0,12,922.6,0.002,oracle
sol_ref_T18_m66_phi0.250.pkl,18.0,66.0,train,perturbed_k15,ORACLE,0,hit B's face,1.0291155632417388,1.0291155632417388,1.14052889559245,-0.1539882297036632,1,0,0.2211170917609565,5.480999999996964,1127.8,0,10,954.5,0.002,oracle
sol_ref_T18_m60_phi0.250.pkl,18.0,60.0,train,rest,ORACLE,0,hit B's face,0.9217662660967622,0.9217662660967622,1.0308262773085413,0.1577600472585265,1,0,0.2018710576974585,6.323999999996495,1347.5,0,12,1164.4,0.002,oracle
sol_ref_T18_m63_phi0.250.pkl,18.0,63.0,train,rest,ORACLE,0,lost hook,1.6484883967453017,1.127700954221059,1.082248272071893,-0.1545672965876336,1,1,0.0240626402985279,7.740999999995711,1371.8,0,12,1181.3,0.002,oracle
sol_ref_T18_m72_phi0.250.pkl,18.0,72.0,train,rest,ORACLE,0,missed B,1.3526365654296886,1.3526365654296886,1.259980291466513,-0.3874399548507012,1,0,0.004026459030119,5.9569999999967,1397.8,1,11,1240.1,0.002,oracle
sol_ref_T18_m66_phi0.250.pkl,18.0,66.0,train,rest,ORACLE,1,held B,1.6733278748867833,1.1897184939666134,1.14052889559245,-0.007542477448605,1,1,0.0257286417217757,8.232999999995439,1479.2,1,12,1314.4,0.002,oracle
