T,m,phi_l,ok,status,iters,solve_s,U_peak,req_cap_N,req_cap_BW,effort,d_s,d_f,phi_c,x_catch,h_release,v0x,v0y,vrel_x,vrel_y,vrel_norm,impulse_norm,U_catch,U_swing,U_hold,direction,res_S_p95,res_F_p95,res_H_p95,res_S_max,res_F_max,res_H_max,ver_S_pos,ver_F_hand,ver_H_pos,cold_start,param_tag,outbound
16.0,60.0,0.0,1,Solve_Succeeded,612,251.4,1.1535736676910806,1499.6457679984048,2.5478181583391177,2.135328392158745,4.724467466100322,0.4497926755773864,0.0281120422235865,1.840360693335852,0.9,1.9374608460084093,1.019187281041039,1.8886810148639603,-3.255789258750944,3.763944695835153,18.878775640747204,1.1535195664310944,1.1528724978324791,1.1535659999465149,outbound,0.0470931893540599,0.2346863853789244,2.904899847867419,7.156205913482353,1.4988521828401815,4.233305490497017,0.0099550486299773,0.0001268760400088,0.0019589169138828,1,ref,True
16.0,60.0,0.0625,1,Solve_Succeeded,441,242.0,1.1308985871883992,1470.1681633449189,2.497737280572407,2.2613544371683174,5.194475143991984,0.4629264325246986,0.0914329020327937,1.9572607422143888,0.7961538461538461,2.039993900505618,1.251829575194661,1.7832520215846734,-2.917371540862618,3.419216939581481,16.16627655015438,1.130898475535728,1.120498236138455,1.1308985758504029,outbound,0.0574648415776212,0.2541842877699618,2.84400886588282,9.7395678749063,1.0436950298516765,4.512084506808078,0.0041823681739917,0.0001443222772739,0.002190334155811,0,ref,True
16.0,60.0,0.125,1,Solve_Succeeded,414,227.9,1.10125697487187,1431.634067333431,2.432269907124416,2.324623552008742,5.3742948542158455,0.4632502204357366,0.1539531387772335,2.072682717742585,0.6807692307692308,2.224635709099956,1.433442362037194,1.9666527372739253,-2.788847690115658,3.4125348976516654,8.53709896938898,1.101256946025324,1.101256951009228,1.101256974921316,outbound,0.0880678367980908,0.2195975986089492,2.6838894308166887,9.727854613120469,0.979836488967834,4.477510278133385,0.0373492445605496,0.0001601213500737,0.0014032835487018,0,ref,True
16.0,60.0,0.1875,1,Solve_Succeeded,366,205.2,1.073849345999705,1396.0041497996165,2.371736577981,2.3516833795946908,5.355931478855692,0.475867954888626,0.2172417471805392,2.1895232255640726,0.5653846153846154,2.2392988668641767,1.6644920854793874,2.04810998267448,-2.678830604228131,3.3720747185197597,3.2312752457972342,1.031298609779496,1.0738458648739384,1.073848912348987,outbound,0.1911915143535427,0.2377773979518481,2.719310296406172,5.381825576563038,1.1039447723719746,4.380308155804702,0.046673668246187,0.0002129777301136,0.0015500454480202,0,ref,True
16.0,60.0,0.25,1,Solve_Succeeded,194,129.6,1.0691732177464386,1389.9251830703702,2.361408737802192,2.477542471236984,5.70931068551304,0.4969484243641034,0.2810592765227564,2.307340202811243,0.45,2.274270655153503,1.925992749382889,2.16903682859549,-2.6748632755568496,3.443779073449152,2.8603261663963324,1.0645489511339106,1.0691730715554764,1.0691731942259766,outbound,0.1748351900385308,0.298926633604318,2.2670061817283123,6.745987500128509,1.1984484456589968,4.419836689063308,0.4812138693705247,0.0003557508839246,0.0014330735642549,0,ref,True
16.0,60.0,0.3125,1,Solve_Succeeded,424,222.3,1.0778238539924807,1401.171010190225,2.38051479814853,2.5215414699531267,5.46908236166072,0.5293475417102552,0.3455842213568909,2.4264631778896453,0.3346153846153845,2.358564968703492,2.245990257033146,2.139108127508733,-2.614722752068912,3.378247867069665,2.800084420666221,1.0778203731463385,1.0778215794512818,1.077822751364292,outbound,0.1507742391403495,0.3989377316047239,2.693051222464535,6.168383805589093,1.2878254079329423,4.424385473489359,0.1086017591470851,0.0005540746258647,0.0019953172477777,0,ref,True
16.0,60.0,0.375,1,Solve_Succeeded,428,333.1,1.107641506689321,1439.933958696117,2.446370979775938,2.5868079398443324,5.432585498025707,0.5540805230669061,0.4096300326916817,2.5447015988154127,0.2192307692307691,2.583725459387847,2.4914396201036584,2.1211801548562783,-2.580052324243022,3.340071143731511,2.765422040976084,1.1076413003678691,1.107641422391324,1.1076414471905711,outbound,0.237465442247833,0.4735538106985713,2.5957942114681503,6.9943422325045095,1.4526843546538828,4.445791824911848,0.3778604293572309,0.0006754088695508,0.00216845258605,0,ref,True
16.0,60.0,0.4375,1,Solve_Succeeded,184,253.5,1.1450546178480194,1488.5710032024251,2.5290027237553945,2.794070954134699,5.75916281417183,0.5710708340981498,0.4731919271311344,2.6620466347036333,0.1038461538461536,2.784083001637092,2.6792530752003465,2.2504132520394227,-2.680030489004915,3.499560433390253,2.8837528613046275,1.1450545008752373,1.1450546092296257,1.145054591747282,outbound,0.3956257719767727,0.5130946259653802,2.7915103537269315,8.331719128604608,1.4951392967637105,4.555620105638887,0.2036364543512141,0.000804665698008,0.0009378831720725,0,ref,True
16.0,60.0,0.5,1,Solve_Succeeded,75,182.7,1.1653679513545412,1514.9783367609036,2.573867374721209,2.8143377751888647,5.8744454660570025,0.5934383993944914,0.5370898999621556,2.643064800069867,0.0,2.5889696804800213,2.8957918535545444,2.293570190487871,-2.6952377118829967,3.539035255864352,2.9077733603640548,1.1653674785611996,1.1653678381552757,1.1653675873354332,outbound,0.5375449903332166,0.70460813699592,2.275226204161034,8.259345424505971,1.9117747090689503,4.24227680213082,0.112670788336181,0.0009726331640263,0.0034213131487061,0,ref,False
16.0,60.0,0.5625,1,Solve_Succeeded,135,232.8,1.1150503887390155,1449.5655053607204,2.4627344637457025,2.7039243832079545,5.874150781018351,0.5820560162419262,0.5988785010151203,2.5289935365874703,0.1038461538461536,2.414342657258914,2.7979792652214863,2.1993816288080787,-2.608191771382032,3.411736195171517,2.808660001886261,1.1150503218281802,1.1150502612461892,1.1150503631372286,outbound,1.038173362645128,0.7492167781139754,2.483493788748256,8.2939053549459,1.7774353337892703,3.3949219771000214,0.0571255963516703,0.0008641166391731,0.0010251124144063,0,ref,False
16.0,60.0,0.625,1,Solve_Succeeded,297,403.7,1.07524396497294,1397.817154464822,2.37481677618896,2.593441211721587,5.741408348487902,0.5530817289267613,0.6595676080579227,2.4169521082007583,0.2192307692307691,2.216808091952462,2.538545806999496,2.2538481575583216,-2.689120503924592,3.508732050464482,2.892551571492118,1.0752435554611603,1.07524326719852,1.0752437855040633,outbound,0.7159302798940106,0.6170374941887732,2.8633012708191963,7.332500981974979,1.5899778273601584,4.292342017794256,0.571316132980847,0.0006182126999503,0.0011884767766456,0,ref,False
16.0,60.0,0.6875,1,Solve_Succeeded,336,383.1,1.069720660715222,1390.6368589297888,2.362617837121625,2.50781195450614,5.744022131205173,0.5311647044179044,0.720697794026119,2.3040963802594727,0.3346153846153845,2.092642856589561,2.286864870717228,2.1558266730759845,-2.606785241494186,3.382738231021988,2.7969848677669664,1.0697176565426487,1.0697162109429346,1.0697198130799728,outbound,0.1896716419891216,0.4730891500023501,2.8112173703,7.193291373372107,1.218827655474186,4.734410186105585,0.4097350735346225,0.0005756122549633,0.0014350781929471,0,ref,False
16.0,60.0,0.75,1,Solve_Succeeded,54,165.8,1.070354868306973,1391.4613287990649,2.364018567446593,2.430164818974459,5.638618175410115,0.5025006175034427,0.7814062885939654,2.192019159518833,0.4500000000000004,2.091420627463996,2.000420571437409,2.1299692853190857,-2.5863516362358063,3.3505199510915213,2.772972150143194,1.057953523660208,1.0703537211383671,1.0703546237477148,outbound,0.1991184810451958,0.5142247301570978,2.700452639972908,7.600816657096455,1.0644421625923428,4.443711319416273,0.1239697204279556,0.000432834714165,0.0010753959571109,0,ref,False
16.0,60.0,0.8125,1,Solve_Succeeded,501,241.2,1.0797483488284687,1403.6728534770093,2.384765296427131,2.3129800730495917,5.276645669946033,0.4820708335047245,0.8426294270940453,2.078991826903301,0.5653846153846154,2.0608647583664257,1.730473448741488,2.053645300918432,-2.6345639912622354,3.3404171065961146,3.575662962127842,1.0797477772893886,1.0797481202295045,1.0797483167397834,outbound,0.1073527631861976,0.2772961998136855,2.6125707319496567,5.728181340417748,1.004820836438796,4.533720769555389,0.0150929217865873,0.0002600359995017,0.0011580390726311,0,ref,False
16.0,60.0,0.875,1,Solve_Succeeded,207,134.1,1.101641552548005,1432.1340183124064,2.433119297166847,2.3502485605226235,5.618663360595041,0.4681276863825097,0.9042579804177906,1.9652160361517712,0.6807692308040931,2.002939998106771,1.4882725776297403,2.012334411043736,-2.8266879932553644,3.4698205707334173,8.08493138330964,1.101626871155856,1.0879939901965774,1.1016405142768866,outbound,0.1213543526550786,0.2775110476329622,2.4395882155661286,6.278974202039912,1.0993130460780949,4.176517058229937,0.0089985677093656,0.0001780701522346,0.0017240159947818,0,ref,False
16.0,60.0,0.9375,1,Solve_Succeeded,146,112.3,1.1332199676374746,1473.185957928717,2.502864352580219,2.347107834207333,5.743529111280672,0.4659966635366607,0.9666247914710412,1.8500773080534625,0.7961538461538461,1.8266728039094065,1.291871680625091,1.8776061718084804,-3.0004907571306503,3.5395408911382504,15.069428613463002,1.1332199176436617,1.0227427533562894,1.1332199840385802,outbound,0.1337348360958312,0.2624389175603037,2.056397073493735,7.022005368141951,1.2409367339774064,3.8073392660743455,0.0013388176845465,0.0001609077657998,0.000776128305168,0,ref,False
16.0,75.0,0.0,1,Solve_Succeeded,481,446.6,1.5030049502613183,1953.906435339714,2.655666238993835,3.314652164780684,4.544115432170462,0.4586666076101497,0.0286666629756342,1.8413846085704015,0.9,2.034862037806413,1.0715805696062803,1.8240568215259625,-3.119285483084508,3.6134644336338977,26.80560054855743,1.5029565260717337,1.427001507403735,1.5029993013560723,outbound,0.1327786228174354,0.2551392422283915,2.978549329021824,8.583205821572633,0.9338684654654088,8.222930939514333,0.0662067794898853,0.0001230545136258,0.0031568133081876,1,ref,True
16.0,75.0,0.0625,1,Solve_Succeeded,296,178.4,1.4705578272633495,1911.7251754423544,2.598335270733747,3.5444196837807054,5.136499597766616,0.46650583850455,0.0916566149065343,1.9576737505966788,0.7961538461538461,2.1909652357955767,1.2821685020356508,1.7706845402661104,-2.861852108676355,3.36534117632562,22.09898584112496,1.4705478575927626,1.369813152020924,1.4705576952047164,outbound,0.0761790038802107,0.242838160441448,2.3562887306646005,16.535856921042537,0.7248569370394335,6.823663956806611,0.0049770291432235,0.0001399445329763,0.0018709768834244,0,ref,True
16.0,75.0,0.125,1,Solve_Succeeded,489,258.5,1.4191277993293112,1844.8661391281048,2.5074633219546105,3.534606619969472,5.051020652024437,0.4646126350973839,0.1540382896935865,2.0728399194343137,0.6807692307692308,2.304006738006541,1.4510035120231648,2.0697688350552053,-2.918467438117378,3.5779037463181136,11.496013405664408,1.390372067853875,1.4191174324710858,1.4191273547378322,outbound,0.0943136986292065,0.1710988156780205,2.411669309279226,10.396916803757712,0.9848669556888012,5.385291465989464,0.0029383449245792,0.0001521070804875,0.0015342229946855,0,ref,True
16.0,75.0,0.1875,1,Solve_Succeeded,735,343.1,1.3640425381129002,1773.2552995467702,2.4101329249701258,3.4772078925022254,4.755334595823969,0.4722985654727015,0.2170186603420438,2.1891113729391583,0.5653846153846154,2.267228942038505,1.6801750190522842,2.399125980173548,-3.1540016803118425,3.962768232959583,4.177582982052603,1.2201937902928273,1.3640196511545557,1.3640416485896274,outbound,0.1015231352032228,0.2911422939375921,2.2559615142925247,4.803491637552604,1.7847483922775496,3.715884415096109,0.0154534951351428,0.0002344929888984,0.000679257653112,0,ref,True
16.0,75.0,0.25,1,Solve_Succeeded,245,159.8,1.3750357458232811,1787.5464695702656,2.4295568733540818,3.835675771723261,5.634865541475004,0.4993581536030315,0.2812098846001893,2.3076182484926573,0.45,2.334678639305327,1.960631247031237,2.350534658183863,-2.938351955765145,3.762834755244028,3.919371505397059,1.3103920677806766,1.3750343207377087,1.3750354117296513,outbound,0.1852595150869337,0.3463277881510359,2.602525555745157,6.464333705204444,1.4004303632627142,4.267102528273365,0.3937695799343655,0.0002841582703299,0.0009699957747475,0,ref,True
16.0,75.0,0.3125,1,Solve_Succeeded,667,590.9,1.3703614280292695,1781.4698564380503,2.421297800119674,3.786380738886545,5.120495527660813,0.5243336479023447,0.3452708529938966,2.42588465168104,0.3346153846153845,2.38804776888196,2.2277117458603826,2.438758538606486,-3.0156753889546195,3.87838126815462,4.029316810355696,1.3703514759991269,1.3703579845424292,1.3703608219782497,outbound,0.2735921078064376,0.5641044380299323,2.9308361937949226,4.012916511792466,1.5387426588962114,4.574082779891748,0.2210177266693331,0.0004146896697787,0.0013954501114397,0,ref,True
16.0,75.0,0.375,1,Solve_Succeeded,265,310.1,1.460996751483472,1899.2957769285133,2.5814417627298853,4.119298310352994,5.509471770795033,0.5554616665195894,0.4097163541574744,2.544860961521492,0.2192307692307691,2.764317402441205,2.4841448688124625,2.222193628699355,-2.621448233412721,3.4365877500646893,3.5322908232148094,1.312680863677366,1.4609965185302891,1.4609966667831038,outbound,0.6719018943261825,0.3610593427310259,2.3088610725078027,4.798789984461208,0.9722454989483396,4.2354509438839125,0.5291672059260124,0.0004062955568701,0.001522576116706,0,ref,True
16.0,75.0,0.4375,1,Solve_Succeeded,414,351.7,1.4540012465709042,1890.2016205421755,2.5690813734857976,4.062743858212572,4.709028318073061,0.5611281697837519,0.4725705106114846,2.660899404205818,0.1038461538461536,2.6239790756870542,2.598357241827492,2.2870382656937878,-2.4047353335575665,3.318628640448923,3.333178715581444,1.44972030156434,1.4540007766686822,1.454001043725943,outbound,0.814036566132283,0.7596709715077657,1.9973090241880107,4.467179405771255,0.9235137183391656,5.869462161618869,0.0700634410496217,0.0009040831719829,0.0017100082666032,1,ref,True
16.0,75.0,0.5,1,Solve_Succeeded,218,304.5,1.4893576092000496,1936.1648919600643,2.631552690397641,4.128167032983424,5.284177739028114,0.5905335883312075,0.5369083492707003,2.643399970577169,0.0,2.656579319042771,2.881167408086825,2.3578854324540224,-2.71889023127809,3.598887022722208,3.6812376762783656,1.4893576035505065,1.4893576133625444,1.4893576045438743,outbound,0.5680697206015861,0.6678654550731691,2.7255658201684057,5.538438005207139,1.1426456536328686,5.917159443784457,0.2221781246317067,0.0006943243425224,0.0021249448724331,0,ref,False
16.0,75.0,0.5625,1,Solve_Succeeded,178,256.8,1.4111173362589342,1834.4525371366144,2.493309598554692,3.9555784068779776,5.168328984169546,0.5696332719429632,0.5981020794964351,2.530426930160428,0.1038461538461536,2.5438307112421605,2.7459587588240604,2.362923726978506,-2.665334979045188,3.561940354643773,3.626476294999239,1.411116078080941,1.411116817194331,1.4111172193248922,outbound,0.5350846289599027,0.6985001638786983,2.828568942556563,5.5758114722580885,1.120092893618093,4.503201602069377,0.0686469749701197,0.0005972561309803,0.0007188623307595,0,ref,False
16.0,75.0,0.625,1,Solve_Succeeded,197,264.1,1.396148772200244,1814.993403860317,2.466861575073486,4.015623846461993,5.695878526763641,0.5504515765124811,0.65940322353203,2.4172555873254837,0.2192307692307691,2.365687246366335,2.533704422660307,2.372321830053951,-2.6531908545612275,3.5591196349768666,3.617195746741784,1.3886170520551655,1.3961434023961927,1.3961471785919393,outbound,0.2745932395645304,0.511038308625236,2.301044345469985,6.284846019624968,1.027242065119509,5.831113786738573,0.6140713467207524,0.0004485846587621,0.0013520407234495,0,ref,False
16.0,75.0,0.6875,1,Solve_Succeeded,151,275.7,1.3756305543609764,1788.3197206692694,2.430607843247393,3.859518418309122,5.603089253424532,0.5256231280343941,0.7203514455021496,2.304735792919109,0.3346153846153845,2.243206283227435,2.2727516677094663,2.23472144754766,-2.5889229782754866,3.4200149320686197,3.5016737500910096,1.3425604138476206,1.3756278545345464,1.3756303518852169,outbound,0.1833335931036079,0.4645065281184719,2.877376061442697,6.475510386440252,0.9151464956241284,5.585727440560008,0.0814416338160684,0.0003184849820615,0.0020046459181184,0,ref,False
16.0,75.0,0.75,1,Solve_Succeeded,382,327.1,1.370741886982478,1781.9644530772216,2.421970034763468,3.709742772390336,5.402935781195647,0.5039801911945289,0.7814987619496578,2.191848439477555,0.4499999999999995,2.149511400277218,2.02676064902194,2.069678196823653,-2.512657406283123,3.255305681461672,3.367652389647059,1.2608818957061338,1.3707408517393584,1.3707418072109845,outbound,0.1311513444092145,0.282654784907106,2.678277901248644,4.808000167864393,0.8156159742742091,5.612389050437722,0.0405717552499244,0.0002245322711311,0.0019014962373984,0,ref,False
16.0,75.0,0.8125,1,Solve_Succeeded,366,214.3,1.3839885512657188,1799.1851166454344,2.445375625749826,3.6080289522090263,5.24517088254175,0.4791007522612783,0.8424437970163299,2.079334528585237,0.5653846153846154,2.166083268896813,1.7524128031056556,2.088068901032658,-2.572798873810795,3.313506568658319,3.437706600258189,1.2391308332550603,1.3839833884242898,1.383988024111992,outbound,0.1089041299801114,0.2493516928365622,2.9539443142554407,7.172260168819598,0.819036988627289,4.963544278160562,0.0324997457530729,0.0001663721230977,0.0017601246081053,0,ref,False
16.0,75.0,0.875,1,Solve_Succeeded,425,423.1,1.41392038228133,1838.0964969657289,2.498262313239183,3.3824661206462125,4.723349132003231,0.4633583717142073,0.9039598982321376,1.965766341725284,0.6807692307692303,2.1130089894753854,1.479984291583457,2.1774972152956464,-2.947468614337769,3.664568918048411,7.362188854875835,1.318643654394598,1.4139114953367702,1.4139200766858062,outbound,0.0704945763087374,0.2391485557382373,2.9221937637636413,6.363657205719221,1.1061192312569972,4.894373452588868,0.0079178204538272,0.0001489055217762,0.0015558128989555,0,ref,False
16.0,75.0,0.9375,1,Solve_Succeeded,28,90.4,1.4558084218651872,1892.5509484247436,2.572274479680249,3.2759467914265525,4.584926251872373,0.4609779553740852,0.9663111222108802,1.850656389764529,0.7961538461538461,1.9516710363227645,1.264745333115629,2.0410346002618627,-3.1570996403271456,3.7594015984488665,18.45011747059157,1.454904689290866,1.339959666041639,1.4558081146730506,outbound,0.0514684091924727,0.2178842276851189,2.799403621861655,7.141045411630813,1.1972794986779007,4.828115760993814,0.0048266745178533,0.000129470941385,0.0008157762247408,0,ref,False
19.0,60.0,0.0,1,Solve_Succeeded,407,1735.2,1.1558017257984297,1502.5422435379585,2.5527391157627566,2.0905316275155257,4.459704493149458,0.4499056450061849,0.0236792444740098,1.833861836613502,0.9,1.9179821321329675,1.0144657626176363,1.8555708304696767,-3.192882774411855,3.692918022110141,18.9193897702002,1.1557929675355405,1.1553539464216798,1.155800710852391,outbound,0.0750689734787747,0.2798017664173865,2.7218050654506523,7.28517282982439,1.4318306622182746,4.297071757835683,0.0112716590630858,0.0002336901295628,0.0024717065234001,1,ref,True
19.0,60.0,0.0625,1,Solve_Succeeded,349,198.4,1.136812665237626,1477.856464808914,2.510799294612493,2.2796439590343147,5.273206541471502,0.466151131648217,0.0870342700867483,1.9503533353207956,0.7947580645161291,2.0255235555748223,1.2746566976668745,1.8047176310741344,-2.949071947490794,3.457460206479169,16.852944117389473,1.1368123672015955,1.136811731420556,1.1368126013259927,outbound,0.0665248841220759,0.1681020121545904,2.7573852220498374,9.86853206201863,1.0564891408998278,4.562400231891477,0.0113155670700287,0.0001914865789824,0.0015829451134957,0,ref,True
19.0,60.0,0.125,1,Solve_Succeeded,664,306.7,1.0947590935336928,1423.1868215938007,2.417918487247368,2.2472161287409382,5.018938014703632,0.4592892753607524,0.1491731197558292,2.064608639551041,0.6798387096774191,2.1972453285608564,1.4089345319982307,2.01394698976813,-2.838587064658499,3.4804538498941,7.706226706447589,1.0947589955826131,1.0947590618664045,1.0947590967449756,outbound,0.0731145227292038,0.1685013502368775,2.746413714559233,6.614909696225872,1.1592262875203545,4.4488259556752485,0.006113475211894,0.0001647884099815,0.0016691840718947,0,ref,True
19.0,60.0,0.1875,1,Solve_Succeeded,403,210.1,1.0812018965664478,1405.5624655363822,2.3879756465110127,2.373674782591868,5.449907442239544,0.4777306746559462,0.2126437197187339,2.1813126459344465,0.5649193548387097,2.2562555711860943,1.6774124386686513,2.078549413626046,-2.69448119896706,3.4030275632842213,3.869992297302948,1.0811989478427932,1.0812015376526791,1.0812018474273035,outbound,0.1073900553131933,0.2061323669521396,2.347252680442782,5.9322297293883945,1.079235453439864,4.481873803279893,0.0673854786234265,0.0002263992606654,0.0016450017675433,0,ref,True
19.0,60.0,0.25,1,Solve_Succeeded,137,103.9,1.0768328348653238,1399.8826853249209,2.3783260029305486,2.5069794338421203,5.804931802631963,0.5016371339189667,0.2764019544167876,2.2985455290889325,0.45,2.2654607804480262,1.958910437702278,2.2108222368345283,-2.7645234718135034,3.539819909132358,2.7048254830914957,1.0578582104369425,1.0768312856675344,1.0768320413937624,outbound,0.1987886360002011,0.2629985491556422,2.043374369849462,7.648948360756377,1.2450307826203613,4.263095019477721,0.0563147732675545,0.0002799681156453,0.0015054612362594,0,ref,True
19.0,60.0,0.3125,1,Solve_Succeeded,201,250.1,1.074610004546415,1396.9930059103397,2.373416591760685,2.5165113059673656,5.520589843881584,0.5186517275294761,0.3397974593436568,2.415111457502853,0.33508064516129,2.304537686363956,2.151769283736911,1.8951441899255157,-2.254540725717726,2.9452547231993784,2.426262222063313,1.0486974628471213,1.0746031738876909,1.074607705132723,outbound,0.1927249233281592,0.1510230429158532,3.13411752438214,2.174811722376182,0.772191525175387,4.508917361123686,0.0524356612798002,0.0002924819299034,0.0015727061254025,1,ref,True
19.0,60.0,0.375,1,Solve_Succeeded,315,180.9,1.109407127399569,1442.2292656194395,2.4502705837910965,2.620331035095767,5.5940741187915615,0.5538158577963535,0.4041482030419134,2.53343379268997,0.2201612903225806,2.5775328859096067,2.494180862106169,2.179119979993107,-2.646267411194936,3.4280162045646034,2.837210149195568,1.1094070536169314,1.109407106655705,1.1094071115810442,outbound,0.2386679209741376,0.5051479704675635,2.6406994205734744,7.069332069694728,1.413288631614435,4.472873649199904,0.7607003816637354,0.0006092154890766,0.0019644370109239,0,ref,True
19.0,60.0,0.4375,1,Solve_Succeeded,265,150.9,1.1374816190226364,1478.726104729427,2.5122767664448307,2.7234486422832958,5.557443427417919,0.569221120311238,0.4674590063321706,2.649843979384958,0.1052419354838706,2.777116221496066,2.672889200936142,2.1654284097896896,-2.5560013403483848,3.349958663892294,2.755082152732232,1.1374816116747923,1.1374816214131211,1.1374816228143092,outbound,0.431107982757162,0.6644904938801082,1.450277261603833,5.890487715805001,1.2420812593020116,5.011508345500465,0.3755182900939033,0.0008194221497209,0.0030543881086206,0,ref,True
19.0,60.0,0.5,1,Solve_Succeeded,70,86.8,1.1701231472655114,1521.1600914451649,2.584369846152166,2.732305848029043,5.570129241654301,0.5933850208527852,0.5312307905711993,2.6522530624981178,0.0,2.6352507791735222,2.8965803883548324,2.2029022053241945,-2.548167887943595,3.3683731550066005,2.758226556754426,1.1701222365854396,1.1701230388136103,1.1701227535744383,outbound,0.368358006454865,0.7228529352098159,1.6325380958383455,6.259634259980492,1.3905758994813624,5.776772585320262,0.7910625700290009,0.0010018055856591,0.0014000376596042,0,ref,False
19.0,60.0,0.5625,1,Solve_Succeeded,375,365.1,1.0989297230687365,1428.6086399893572,2.4271298674640795,2.466571443647564,4.897183143844843,0.5699960060766135,0.592499789793506,2.539597160702263,0.1052419354838709,2.5391959640364434,2.7184162871341138,2.1746254961363403,-2.732754473399852,3.492412212258617,2.913525938055574,1.0989288386828708,1.098926147366584,1.0989290974270651,outbound,0.2137717062893617,0.3981543845155371,2.889344851720104,3.3081882249623096,2.127343658449476,4.435953804794405,0.0231090954351143,0.0006193662653055,0.0033403252556649,1,ref,False
19.0,60.0,0.625,1,Solve_Succeeded,454,229.5,1.0698533314891203,1390.809330935857,2.362910857859084,2.555248811228495,5.617353546588691,0.5507863237289531,0.6539887538804714,2.4265368073810687,0.220161290322581,2.1977909750636035,2.515796123931022,2.14702174964945,-2.55114496101162,3.334372955378982,2.746300995408753,1.0698532276871924,1.0698532119600177,1.0698533072705017,outbound,0.1370780054667505,0.8783568330230092,2.557978221643137,6.147618080959592,1.2767382545617636,5.061182334581083,1.8559770417805777,0.000753828060476,0.0016194421321678,0,ref,False
19.0,60.0,0.6875,1,Solve_Succeeded,114,101.6,1.066366687464225,1386.2766937034926,2.3552101490035557,2.4678470201785703,5.619278248608258,0.5237946318362018,0.7150681385176949,2.314229551757787,0.3350806451612903,2.1515082550834714,2.2452210752133945,2.1314964356360053,-2.579191479264501,3.3459685805218795,2.767108236959788,1.0571211454939131,1.0663664180398988,1.0663666753193102,outbound,0.1415189158851587,0.6229558096511034,2.184138559198776,7.415173617217615,1.1457346607679426,4.822301653716499,0.3499693871612486,0.0005273096915772,0.001490048180232,0,ref,False
19.0,60.0,0.75,1,Solve_Succeeded,77,90.4,1.0727475105948496,1394.5717637733046,2.369303030535685,2.403339263686699,5.560290520984321,0.4961875295237821,0.7761151331328305,2.2019818519815697,0.45,2.159902620465892,1.963551302673836,2.150798990399768,-2.5952720602141244,3.370663638459454,2.785726945019252,1.042195047406372,1.0727474648488808,1.072747587351897,outbound,0.1719266540250423,0.5431356810312492,2.3844016682381546,7.223466502739003,1.0010088627574447,4.5707907359288935,0.1190739319441664,0.0004394785628152,0.0012803644904832,0,ref,False
19.0,60.0,0.8125,1,Solve_Succeeded,38,76.6,1.0847896523543512,1410.2265480606566,2.3958996739052947,2.338494477031296,5.458924403176138,0.4834874599231489,0.8379467084170077,2.08829153613647,0.5649193548387097,2.072139451191082,1.7292716358859612,2.0440901570536334,-2.684664281333004,3.3742742736222264,5.416044988422206,1.0802147656641443,1.0847854501966545,1.0847891937270115,outbound,0.1574919294990996,0.5219622306336708,2.637980144186987,6.98081239717532,0.9911248870790246,4.237545596784967,0.028155116367882,0.0003523788558938,0.0011618373126166,0,ref,False
19.0,60.0,0.875,1,Solve_Succeeded,498,244.6,1.1110053496058812,1444.3069544876455,2.4538004663398665,2.260642765248666,5.215848539270583,0.4726414356759825,0.899875865035578,1.9744217965474855,0.6798387096774193,2.0201250861459727,1.5050764196140485,1.9440534952909247,-2.7601211655072477,3.3760350769555028,10.130674574322027,1.111005223810184,1.0688075635671996,1.111005329112874,outbound,0.0630574282633776,0.2445559757845758,2.9071783288873347,7.505444916897431,0.8787426710567416,4.305769134347756,0.0052282234506834,0.000226474801578,0.0013642318366219,0,ref,False
19.0,60.0,0.9375,1,Solve_Succeeded,116,102.1,1.126213691682677,1464.0777991874802,2.4873900767711183,2.1566960529081127,4.856520390008178,0.4654047239803928,0.9619949854726522,1.860202768647059,0.7947580645161291,1.82575036706892,1.2851265848314684,1.7561502065958945,-2.8818086422035183,3.3747421528771184,16.07023453885278,1.1262095498886309,1.1004261542253813,1.1262132151128246,outbound,0.0725412739069909,0.2786680683329925,2.7807345032842137,7.078430472584145,1.1118092019703738,4.078048756949092,0.0026897615293353,0.0001757098752507,0.001262863365756,0,ref,False
19.0,75.0,0.0,1,Solve_Succeeded,1449,1437.3,1.5025047551048802,1953.2561816363443,2.654782441911443,3.293471387461641,4.504972219964183,0.4595174498834752,0.0241851289412354,1.834792011279046,0.9,2.009201068605301,1.0809391318954755,1.8905769506171497,-3.226931325780088,3.73996884846728,26.6352516467921,1.502504275309292,1.2806723863063358,1.5025047127618254,outbound,0.2111581410388057,0.2548233683262503,2.979836744841956,16.259833008836146,1.0788539631832066,7.671851575296806,0.0048706105050905,0.0001653205212486,0.0028147574030891,1,ref,True
19.0,75.0,0.0625,1,Solve_Succeeded,372,243.0,1.4682127956683408,1908.676634368843,2.594191823810864,3.514096007246222,5.07781112449289,0.4656012331801554,0.0870053280621134,1.9503001193400151,0.7947580645161291,2.177778553913857,1.2808811727674476,1.7712768052861163,-2.847006634052426,3.353038665939168,21.68435914135825,1.4682034178919623,1.3719585161885706,1.468212715539449,outbound,0.0877853135248316,0.2335802451443319,2.3510674490521644,15.772118265355251,0.7274458009533333,6.709825482893223,0.0033054187384112,0.0001670276936166,0.0026390112004375,0,ref,True
19.0,75.0,0.125,1,Solve_Succeeded,396,209.6,1.4204419896636842,1846.5745865627891,2.5097853707955005,3.564648367778381,5.188829650533278,0.4647298367321971,0.1494594650911682,2.0651351454902125,0.6798387096774193,2.294545987489232,1.456851159023626,2.0701900695147124,-2.904243277795235,3.5665551924141226,11.107063906905674,1.3778344662451667,1.4204271260849295,1.42044142774874,outbound,0.0933424776288157,0.2005407583884534,2.793600414946082,12.561430326589516,0.9299071328458268,5.653181511419527,0.0122019083329801,0.0001485859538896,0.0014966669906401,0,ref,True
19.0,75.0,0.1875,1,Solve_Succeeded,278,157.1,1.3891030605873464,1805.8339787635505,2.4544124753836907,3.6779298123546575,5.386360648592034,0.4783625783536687,0.2126769778080877,2.1813737979051937,0.5649193548387097,2.3308572798894347,1.7000099849071155,2.048100779108449,-2.6427552532219307,3.343482036712138,4.66000504568695,1.278662955823871,1.3891015064313923,1.3891028504186984,outbound,0.1226056947965348,0.2002253422921756,2.812046808190407,7.946150678120762,0.8105525972164429,5.385792861987701,0.0483339346856183,0.0001775288677752,0.0014744670022468,0,ref,True
19.0,75.0,0.25,1,Solve_Succeeded,216,130.6,1.3892536944526064,1806.029802788388,2.4546786310409625,3.840099163080735,5.668544011235013,0.4963069561949549,0.276121418747103,2.2980297054382217,0.45,2.407817984523491,1.9436629001603387,2.2393101237789064,-2.6784688690817458,3.491232635201892,3.60002405484148,1.3694705777963945,1.3892537121386457,1.3892537078354534,outbound,0.1975309416364911,0.2459472723899329,1.845643262555327,5.8991232246294345,0.8879929139764613,5.512300521396317,0.4668807817776708,0.0002420855943769,0.0014415102393101,0,ref,True
19.0,75.0,0.3125,1,Solve_Succeeded,211,125.3,1.3880977302132431,1804.527049277216,2.4526361526024005,4.01060192590468,5.84770544426372,0.5216587506609807,0.3399557237189987,2.415402459741385,0.3350806451612907,2.335211955330162,2.176005577495083,2.1906847142042767,-2.6166053402255094,3.4125830427324297,3.5179905448723625,1.3790738123564894,1.3880966977258598,1.3880972558510176,outbound,0.463507799849364,0.4207533733429544,1.6725258287636138,5.961646548972386,0.955168092708618,5.941428103690463,14.671103033993072,0.0003892179850653,0.0015187033916442,0,ref,True
19.0,75.0,0.375,1,Solve_Succeeded,229,130.6,1.4264352486067902,1854.365823188827,2.5203748871067986,4.02146922972066,5.4363535304276125,0.5511657102127,0.4040087215901423,2.533177326794778,0.2201612903225803,2.680234743134793,2.475186215353311,2.225753694560124,-2.67954303516584,3.4833791619853565,3.596740895962834,1.3825692907940537,1.426434558294367,1.4264350558235774,outbound,0.3861432165860519,0.6086748341925946,2.445218115125698,5.210652080946499,1.042385867525482,4.455606775039724,0.3081710449890903,0.0005005398531969,0.0010447711888551,0,ref,True
19.0,75.0,0.4375,1,Solve_Succeeded,466,225.7,1.4429660052727284,1875.855806854547,2.549583155765609,4.101565755806314,5.248202498436478,0.566667873941322,0.4673246249442802,2.64959689102658,0.1052419354838709,2.804376830377027,2.6602922094156,2.3132046234622528,-2.74912946183889,3.592857974921598,3.6992265870797048,1.4429659486395583,1.4429660032936666,1.4429660066991683,outbound,0.4241969860172651,0.6568026137893306,1.948481988438644,4.378574495223911,1.1368660094704524,4.308684936300431,0.2232486002722706,0.0006087052582799,0.0029040420859822,0,ref,True
19.0,75.0,0.5,1,Solve_Succeeded,70,88.0,1.4883947471051424,1934.9131712366848,2.6298514050107853,4.122653213800338,5.230159359787149,0.5896098748511571,0.5310320986763767,2.652618399207953,0.0,2.6743485179254143,2.880699263214232,2.4079361572227214,-2.788859744351933,3.684548169169085,3.772479486655034,1.4883938938735677,1.4883946555703642,1.4883942736616047,outbound,0.4769868400572113,0.736675877349084,1.9906607158191851,4.7547181125713,1.2369328943222513,6.899062646747411,0.1668754921665447,0.0007629481014643,0.0016258492481615,0,ref,False
19.0,75.0,0.5625,1,Solve_Succeeded,390,378.4,1.3975744467512607,1816.846780776639,2.469380605880583,3.766051521384303,4.445547066866552,0.5562409641930698,0.5917758402206881,2.540928293787767,0.1052419354838713,2.408775951211663,2.6284023598088377,2.4583059963708034,-2.574479311789392,3.559664604794141,3.5718207887172677,1.3975706907261702,1.3975718205063994,1.39757372593276,outbound,0.8218532505008228,0.3833303114937493,2.529394104624924,2.5207658154637578,1.2715698925011765,5.467351529516332,0.0452044890133463,0.0005549082855651,0.0018641198747215,1,ref,False
19.0,75.0,0.625,1,Solve_Succeeded,530,253.1,1.3854889979679743,1801.1356973583663,2.448026771808857,3.876397859597087,5.280062338479349,0.548821713700613,0.6538853533526637,2.426726930932199,0.2201612903225806,2.375683743563983,2.521874604913961,2.340897378459448,-2.697158751033521,3.571339505669409,3.6523797286076425,1.3854886338571188,1.3854886747440316,1.3854889429473132,outbound,0.2896978655778117,0.6436038846437754,2.760930130398064,4.734925895685247,1.0854605362353027,4.702421047202481,0.0575222717811358,0.0004795502704961,0.0011802082045088,0,ref,False
19.0,75.0,0.6875,1,Solve_Succeeded,110,98.5,1.393815824439282,1811.9605717710665,2.4627394791315886,3.951758099942448,5.811935472031589,0.5304584146875507,0.7154188639309238,2.313584669546366,0.3350806451612903,2.253151287854671,2.3017647805994765,2.263812991333136,-2.6627771451435422,3.495029525544452,3.590558098880666,1.358156374410202,1.3938076188314938,1.3938151075480807,outbound,0.3824313607655877,0.3276278670147169,1.4542776277538507,5.954753850415274,0.881241380290092,6.571995478454385,0.215833055190016,0.0003220191734736,0.0014346132682794,0,ref,False
19.0,75.0,0.75,1,Solve_Succeeded,63,83.3,1.3908462664241263,1808.100146351364,2.457492553654589,3.872993907611388,5.824532220749964,0.5039463748253455,0.7765234934118603,2.201230995984644,0.45,2.217729188443993,2.0268151166745536,2.283010467090826,-2.751325152632065,3.5751820776503296,3.6926400200061633,1.3123456758521077,1.3908443574862466,1.3908461327559158,outbound,0.3822002014951689,0.2586618651781195,1.298648335221186,6.169935990227144,0.904172917290296,6.416285086621516,0.0134161243391252,0.0002041134964847,0.0005744684085331,0,ref,False
19.0,75.0,0.8125,1,Solve_Succeeded,211,142.6,1.3903011176475328,1807.3914529417927,2.456529327817591,3.688082946388036,5.519758870582763,0.4791786299327497,0.8377199278911972,2.088708519683928,0.5649193548387097,2.197023079219087,1.7521487478058186,2.154907623029289,-2.647444792938179,3.41358913688294,3.540998860557262,1.2572730547832938,1.390300920737724,1.3903011100099507,outbound,0.2059590586403976,0.2149438497755783,2.580124274092608,7.597252641588332,0.8141301836664923,5.18704207551434,0.0294214611827767,0.0001337665965048,0.0011924352802732,0,ref,False
19.0,75.0,0.875,1,Solve_Succeeded,281,169.5,1.4143451889547134,1838.6487456411276,2.4990129060701696,3.460382743180388,4.982991139362423,0.4608072993883272,0.8992530157432992,1.9755670355687724,0.6798387096517119,2.157532610485116,1.4779717909204415,2.2048310040233767,-2.91735524879696,3.656807542650543,5.119139760458078,1.2621509069789956,1.4143386752682707,1.41434500276746,outbound,0.0831534250044362,0.191051437337955,2.866700668810908,11.518612039910494,1.058228967935463,4.911347463976656,0.01860627263338,0.0001123169440242,0.0022522435076036,0,ref,False
19.0,75.0,0.9375,1,Solve_Succeeded,271,162.4,1.4626738213381716,1901.475967739623,2.5844049850351656,3.5191523283836554,5.271501728955992,0.4658053260829892,0.9620160697938414,1.860164000701647,0.7947580645161291,1.9824155210975656,1.302693265516485,2.0212566458931405,-3.140885347515902,3.7350554473537976,19.209878555709977,1.4626336481066515,1.3232657040846418,1.4626731201488272,outbound,0.115568011226951,0.2609363324771556,2.9442801615828933,12.11967272449246,1.1038588484762926,5.177354061546397,0.0045811005938605,0.0001140455050046,0.0008411108013155,0,ref,False
20.0,60.0,0.0,1,Solve_Succeeded,827,2580.4,1.2359437838593272,1606.7269190171255,2.729743321469802,2.080866073014352,4.212765956111163,0.4527898889143776,0.0226394944457188,1.8323990714309124,0.9,2.2918282562600147,1.0249598440255143,2.1913069393615725,-3.346353908754516,3.999988823125736,12.891512751072163,1.2359417346607473,1.207142894777075,1.2359429834035325,outbound,0.0307339844397631,0.4567623496838464,2.0140198679387264,6.412292655884642,1.8052800593055025,4.728811289491123,0.2421775895091341,0.000257380533835,0.0022694889824792,1,ref,True
20.0,60.0,0.0625,1,Solved_To_Acceptable_Level,298,163.3,1.1709479293155547,1522.232308110221,2.5861914850666343,2.3939788466663106,5.673276688108005,0.4680185919412345,0.0859009295970617,1.9485935441578688,0.7943877551020408,2.128540370990168,1.293528743498434,2.047523008078041,-3.0785015257709065,3.697231682324324,14.665962538655103,1.1709479393374858,1.1048481530028338,1.1709479351056613,outbound,0.0727426480778189,0.2544176224776617,1.3275809630281663,12.651771852870318,1.052891047034251,5.467587801583676,0.0061394140888589,0.0001892170562292,0.0039041484868047,0,ref,True
20.0,60.0,0.125,1,Solve_Succeeded,255,148.6,1.102164248567171,1432.8135231373224,2.434273739614887,2.3130194360061678,5.347023800746969,0.4664106546900834,0.1483205327345041,2.063241794818477,0.6795918367346939,2.1924009045954294,1.460808371573386,2.0019311456207456,-2.86273489102114,3.493276308578554,8.986199839661039,1.102163726876082,1.1021634718835704,1.1021641747532045,outbound,0.1004139218086161,0.257366948966994,2.1798392539490403,10.269767036986565,1.1325993853568264,4.500677185574984,0.0191787680724551,0.0001669378541231,0.0021268609538892,0,ref,True
20.0,60.0,0.1875,1,Solve_Succeeded,211,136.4,1.085445975143446,1411.0797676864795,2.397349248532925,2.414330831610005,5.6468496288669705,0.4819189718521047,0.2115959485926051,2.179461946394581,0.564795918367347,2.229949280305652,1.7049862193465437,2.1155999853770653,-2.806798098531127,3.51480851029546,4.957189315566708,1.0612919885765346,1.085443007643906,1.0854455468336708,outbound,0.1197129941663928,0.2601861665584926,1.8043279069094016,9.690777495534324,1.2066759992717095,4.188764271438819,0.0157149181128969,0.000208139456705,0.0021318992427894,0,ref,True
20.0,60.0,0.25,1,Solve_Succeeded,262,148.3,1.071363974229538,1392.7731664983994,2.366247309715256,2.460402980965475,5.671807308622553,0.496098733121609,0.2748049366560804,2.295560087735658,0.45,2.287238712189256,1.9296610989358092,2.1709454449678933,-2.640531406861097,3.418392931721965,2.83022019923401,1.0713619148113664,1.0713621206475148,1.0713637215611778,outbound,0.1381390529609996,0.281907408494528,2.0322980280049285,6.996001639634583,1.119801687782072,4.413955597787833,0.3098722694080938,0.0002567868629825,0.0016360476450609,0,ref,True
20.0,60.0,0.3125,1,Solve_Succeeded,155,109.4,1.0779443868080427,1401.3277028504556,2.3807810106191907,2.5565075181021446,5.663402344903577,0.5273288686796879,0.3388664434339844,2.413224079776706,0.3352040816326531,2.331243959311752,2.2336125004678262,2.1924808528836826,-2.6637109954401588,3.44997515317,2.8556470201424555,1.077943718547627,1.0779436652261325,1.0779441939351089,outbound,0.1589871166205809,0.3289677765359531,2.154246083957636,7.124067425644304,1.3012461773881228,4.462075070540804,0.6897704511330156,0.0004639959292926,0.0014460720749569,0,ref,True
20.0,60.0,0.375,1,Solve_Succeeded,153,113.5,1.1084054439198123,1440.927077095756,2.448058234957112,2.671209154773905,5.813793146354697,0.5555916776293647,0.4027795838814683,2.5306155622312683,0.2204081632653061,2.537227208769236,2.504685564768153,2.197836952837954,-2.652402167576541,3.4446660984520334,2.846754221337871,1.1084003013957533,1.1084024890361264,1.1084035586543364,outbound,0.2362132581539731,0.4215156828347851,2.6759482918318387,8.259916814564647,1.4183168453749315,4.447194422451128,0.1440446155779341,0.000589911079325,0.0014170276242401,0,ref,True
20.0,60.0,0.4375,1,Solve_Succeeded,238,141.2,1.1377719871473615,1479.10358329157,2.5129180823845902,2.691094962527444,5.607884934370466,0.5802631931279842,0.4665131596563991,2.647677232021958,0.1056122448979592,2.668256141519173,2.737902244612412,2.17459983308828,-2.635852228770345,3.417104242773576,2.57970471916741,1.137771662615538,1.1377719411604277,1.1377717798843698,outbound,0.2457678210117731,0.5676424890621916,2.76235028303038,7.589935446560506,1.4790881946954926,4.7282385665276365,0.8707110310937742,0.0008901109329928,0.0019554902989481,0,ref,True
20.0,60.0,0.5,1,Solve_Succeeded,297,168.5,1.1728440442426076,1524.6972575153898,2.5903793026085453,2.716515084998349,5.599644109390538,0.5930558094884989,0.5296527904744248,2.65471936443473,0.0,2.636432707866188,2.9068126874613114,2.267341888747712,-2.5852128642660963,3.438628330313841,2.8071235788881883,1.172843083423326,1.17284393766838,1.172843410205923,outbound,0.3773326858512871,0.8511151765407571,2.9430620908747587,7.7861457637819615,1.5503385593008971,5.312916241431967,1.1036003005172392,0.0011363830021803,0.0028186839205897,0,ref,False
20.0,60.0,0.5625,1,Solved_To_Acceptable_Level,115,96.9,1.0976346231711138,1426.925010122448,2.4242694701366765,2.6451046512003584,5.638853911307024,0.5744311108655278,0.5912215555432765,2.541633877573574,0.1056122448979592,2.4204363367528545,2.759916203863268,2.1814233800698344,-2.5093816510599654,3.324996877260449,2.719365176627836,1.097634633192782,1.097634631081427,1.0976346294144923,outbound,0.3423680925789935,0.7927760316009493,2.7909458304107884,8.02858917172909,1.4868949366374125,4.378119750051023,0.4103065318376132,0.0009165114034807,0.0016802207079127,0,ref,False
20.0,60.0,0.625,1,Solve_Succeeded,325,320.9,1.0658600647389394,1385.6180841606213,2.3540912065250104,2.480691123186188,5.2839269837139895,0.5416151084303366,0.6520807554215168,2.4298516737155813,0.2204081632653061,2.236977334893832,2.450698483758305,2.0008532505631624,-2.2946138204893978,3.044448441913596,2.4882754620909195,1.0658592358827712,1.0658586133374186,1.0658597691186211,outbound,0.1400598363896532,0.2753424133877205,3.1059019689491936,2.158131788905681,1.0876795116792692,4.734504892620776,0.0007900882451269,0.0004467220804511,0.0027335939188526,1,ref,False
20.0,60.0,0.6875,1,Solve_Succeeded,326,325.9,1.0509332036419754,1366.213164734568,2.3211232836129256,2.186238470517928,4.100296903156337,0.5200183140270697,0.7135009157013534,2.3170391344260857,0.3352040816326531,2.087571987383432,2.2027080279692672,2.1493387190764555,-2.6604778435931875,3.420204567795832,2.843201950519792,1.0509316442948724,1.0509277876295011,1.0509327905878545,outbound,0.0996236472094476,0.2398792178631805,2.73792606122641,2.4290167220243823,1.5811168093804042,4.335243977159719,0.0435662274956788,0.0003217236162318,0.0021413207246325,1,ref,False
20.0,60.0,0.75,1,Solve_Succeeded,348,327.9,1.0594558636919489,1377.2926227995335,2.3399466918102845,2.344598403756065,5.221601643997997,0.4976864199044589,0.7748843209952234,2.204294104294488,0.4500000000000006,2.0760317302260134,1.9537905538110696,2.0651331688684853,-2.5502820462850324,3.2815718064312662,2.726434533473488,1.055051909027331,1.059452161182774,1.0594556222205016,outbound,0.1238402680311245,0.142610017039874,2.462695708704328,2.9782187154262347,1.182470165028164,4.284129799653989,0.0043647253851221,0.0002163260444274,0.0032284896862389,1,ref,False
20.0,60.0,0.8125,1,Solve_Succeeded,404,1413.2,1.0694757379663666,1390.318459356277,2.3620768932318663,2.292243714053575,5.183224772171615,0.4749914645013581,0.8362495732250679,2.0915824165253856,0.564795918367347,2.0334593717248706,1.6939859680883942,2.1233365408736264,-2.698742223070155,3.4339143338748013,2.872247702272164,1.0067713297554264,1.069471888066685,1.0694759806855172,outbound,0.0918127034946782,0.3295926678865329,1.7831229718599917,8.052374915321238,1.3098994928533187,3.890516656529547,0.0026902195435489,0.0004318924022433,0.0024254103515191,1,ref,False
20.0,60.0,0.875,1,Solve_Succeeded,421,372.7,1.0890570922343294,1415.7742199046284,2.4053248724169696,2.1389727720842058,4.551798629897603,0.4592922104876993,0.8979646105243845,1.978228266383784,0.6795918367346933,2.013691463770856,1.426494509136753,2.072586941930058,-2.8861420134731057,3.553228440980622,6.63338162013767,1.084058260601524,1.0889576683933877,1.0890541882798908,outbound,0.0524849429252746,0.1584176103322906,2.7774760910718075,7.325084785109077,1.366108753777354,4.302778711947385,0.0012881817815117,0.000143477047384,0.0016787342615276,1,ref,False
20.0,60.0,0.9375,1,Solve_Succeeded,458,1584.8,1.1236097139509773,1460.6926281362703,2.4816388517435786,2.099134024075675,4.531634346504215,0.4605346511236601,0.9605267325561828,1.8633182463253783,0.7943877551020408,1.8384394882665849,1.2500461116050354,1.8152805295483048,-2.946047736199313,3.460410476362923,15.36051308860925,1.1235969287425376,1.1235319005511912,1.1236079327725796,outbound,0.0878728026775411,0.3815270291304997,2.9744704183486586,8.581123564456504,1.2030121641613647,4.377147368333953,0.0108133543904101,0.0003013621739758,0.0017283398098442,1,ref,False
20.0,75.0,0.0625,1,Solve_Succeeded,539,1281.8,1.458681158340796,1896.285505843035,2.577350330741468,3.3998810807053474,4.707705712113206,0.4605361122572742,0.0855268056128636,1.94790637765628,0.7943877551020408,2.1687779138545453,1.253468547298005,1.8830819090059792,-2.957942189160756,3.506482492533326,19.75468301163742,1.446846200993238,1.4584262574038716,1.458675236825333,outbound,0.095704522432239,0.2460812368651406,3.601555812188458,10.428670195749248,0.8675401905125284,6.2061536555059655,0.0023563022545181,0.0001627733206573,0.0017773470530775,1,ref,True
20.0,75.0,0.125,1,Solve_Succeeded,501,377.8,1.4051675744066423,1826.717846728635,2.482796937449725,3.3409006278730446,4.427471743740812,0.4600948892799814,0.1480047444639991,2.062661775546121,0.6795918367346939,2.27836848638508,1.437009676128305,2.238082656456618,-3.097925573060037,3.8218002084556,8.772606882273552,1.3596178762007138,1.4051626202719132,1.405167405587821,outbound,0.0899658588577407,0.2136389917071958,2.3357288995421013,6.872218742615473,1.37958912501027,4.021025980083898,0.0100593186848693,9.820282859784868e-05,0.0004727327457523,1,ref,True
20.0,75.0,0.1875,1,Solve_Succeeded,510,1478.5,1.366237551021445,1776.108816327879,2.4140113031979324,3.419115514649814,4.558373691227671,0.4720694120529424,0.2111034706026471,2.178557394984454,0.564795918367347,2.253674767217469,1.673602933319167,2.4444045606365186,-3.166205313702388,3.999996218070443,4.201588752010508,1.2806881548089126,1.3662324909937251,1.366237396606076,outbound,0.1067308876159949,0.3968111934174647,2.5641883768226443,3.2481490875609893,1.749725819491189,3.969036649628986,0.0028001163802392,6.158442311102099e-05,0.0010312929122662,1,ref,True
20.0,75.0,0.25,1,Solve_Succeeded,1028,674.0,1.3766464286512248,1789.6403572465922,2.43240279612177,3.816301658646216,5.639629427081736,0.4980902042932258,0.2749045102146613,2.2957429779452965,0.45,2.343897206380693,1.9642575183661652,2.020903282770417,-2.452625839748086,3.177959028702581,3.287235539247224,1.210125668193083,1.376638329406101,1.3766454534686263,outbound,0.2368464442465989,0.2901126759042071,2.4388820217766383,4.350830049314871,0.6572309950549311,4.515486050906182,0.2515055045257193,0.0002447871754642,0.0030652910591,1,ref,True
20.0,75.0,0.375,1,Solve_Succeeded,506,417.1,1.390928753246863,1808.207379220922,2.457638299994457,3.619006232093676,4.146079172671526,0.537952382994423,0.4018976191497211,2.528995627009692,0.2204081632653061,2.456309550328458,2.381964309058755,2.4020386964139866,-2.725439306814384,3.632878929196385,3.703619727629272,1.3909283940669603,1.3909286427109468,1.3909287236628556,outbound,0.4216022943040812,0.2397783522898193,2.567699470229478,2.161984242963925,1.2300545763807378,5.590996721080951,0.0009386364157619,0.000467569425794,0.0008600755406151,1,ref,True
20.0,75.0,0.3125,1,Solve_Succeeded,351,322.7,1.3696158986165994,1780.5006682015792,2.419980520831232,3.811410915349584,5.18504163535409,0.5209205913049129,0.3385460295652457,2.4126355645075943,0.3352040816326531,2.3564442484408508,2.1988796638589934,1.943445364623857,-2.3282348798584094,3.0327640101180404,3.1277743889120324,1.249071628749192,1.3695831868861428,1.3696114096304297,outbound,0.1169722333427528,0.2544845420322116,3.0872627626984235,3.889179698350439,0.6661731063813789,4.975340625956157,0.0091753570761053,0.000425720059848,0.0035484717063272,1,ref,True
20.0,75.0,0.4375,1,Solve_Succeeded,322,302.1,1.460572678187408,1898.7444816436305,2.5806924657065995,3.7525221314111192,4.01103853702278,0.5753276189633914,0.4662663809481698,2.6472239650068428,0.1056122448979589,2.7672780643875208,2.714369261684603,2.2321772536018867,-2.560361285335352,3.3967727629239137,3.470400388369956,1.460568251392089,1.460572213370244,1.4605720917122338,outbound,0.2926511268253635,0.3507907019986874,2.9175200118131137,1.1390868893157853,0.8703129790873021,6.572955107787692,0.0141509566462086,0.0007799258128235,0.0024107930364919,1,ref,True
20.0,75.0,0.5,1,Solve_Succeeded,269,278.7,1.4862578520595655,1932.1352076774356,2.6260757154977035,3.937783530727131,4.702233528921913,0.5855388615488312,0.5292769430774413,2.6554096963883733,0.0,2.714746125223908,2.8615084934807737,2.077522442713336,-2.3054044323589995,3.1033834917261043,3.148700532011295,1.4087861171925056,1.48625658372218,1.4862557815720518,outbound,0.2520235150311748,0.5073730703329962,3.104670469020509,2.8538353789609268,0.773605583871819,6.3967790074344535,0.0061093256629418,0.0006027709349232,0.0071540774467564,1,ref,False
20.0,75.0,0.75,1,Solve_Succeeded,393,316.1,1.3633687630230693,1772.37939192999,2.408942428718981,3.621129585792857,5.056626592278273,0.5013357231034952,0.7750667861551743,2.203958964204782,0.4499999999999994,2.127324325903951,1.9945656960947544,2.086046279951407,-2.558633734551077,3.3012415345869344,3.4230396290206238,1.2532938285670163,1.3633382401129597,1.3633663241077394,outbound,0.1739767359147372,0.2339679623550452,2.9914856199561246,4.833502825259037,0.9094147868885614,5.910521302669507,0.0170469253895204,0.0002106526843295,0.0031228545085424,1,ref,False
20.0,75.0,0.5625,1,Solve_Succeeded,313,310.2,1.4098278500852146,1832.776205110779,2.4910311996069034,3.673442991707564,4.2190307035816765,0.5729844615941507,0.5911492230797075,2.5417667331189047,0.1056122448979592,2.533327270517503,2.7399403037929013,2.23725624861624,-2.636758496058161,3.4580067797081178,3.553776045420708,1.4098261706706052,1.409826258628296,1.409827251744185,outbound,0.1636590951281005,0.7761428534906816,2.94598513743421,1.1288599163567254,1.224363862791705,4.275450953274855,0.0092764519596004,0.0002900807007519,0.0015172904149367,1,ref,False
20.0,75.0,0.625,1,Solve_Succeeded,297,295.7,1.3581034599297976,1765.534497908737,2.399639140888532,3.6607110949195194,4.591757769449194,0.537813718959538,0.651890685947977,2.430200780911879,0.2204081632653061,2.313601336690906,2.4435888144452225,2.229332449099045,-2.5111890325037907,3.3579746165766755,3.417849372587733,1.3580754259187109,1.3580923726638103,1.358102281901007,outbound,0.1211623108788265,0.4689777795297137,3.166325459629995,3.326947106678176,1.1219790360219122,5.575662140646234,0.0056105554463613,0.0004078930660775,0.0044846472328241,1,ref,False
20.0,75.0,0.6875,1,Solve_Succeeded,252,261.6,1.357133093804057,1764.273021945274,2.3979245965956832,3.5727453647363,4.642660958524711,0.5183105021184513,0.7134155251059227,2.3171959742952444,0.3352040816326531,2.176484352556161,2.198077642262074,2.29817191534142,-2.7814257509258336,3.6080359422236064,3.730148874546076,1.3419847601823065,1.3571280607181948,1.357132804754907,outbound,0.1048980268301398,0.193409712151783,3.0272531809584526,3.615076729605075,1.426848557414928,5.839570772174094,0.0187660555528169,0.000265973114506,0.0031010428850541,1,ref,False
20.0,75.0,0.875,1,Solve_Succeeded,273,279.0,1.4122612302652298,1835.9395993447984,2.495330750043899,3.357088780485217,4.570711276676153,0.460896911623851,0.8980448455811925,1.9780808958712792,0.6795918367346939,2.1383278715345657,1.45725610974636,2.120406569224925,-2.8598000665103216,3.5601376994752125,7.314213390221882,1.3197217675363802,1.274694326122068,1.412259043475594,outbound,0.0434007561681347,0.2068139553647863,2.9565080904775574,12.79394164019456,1.0381369801049942,5.113666325614319,0.0108820707736983,0.0002413606860312,0.0011873062403884,1,ref,False
20.0,75.0,0.8125,1,Solve_Succeeded,823,523.5,1.3806993499807418,1794.9091549749644,2.439563921134848,3.618250708659424,5.321330132749952,0.4800513154565091,0.8365025657728253,2.091117736335627,0.564795918367347,2.148426592449492,1.758782899784039,2.1176367071785576,-2.643615270815227,3.3871945506093257,3.52586995675727,1.1949121454189289,1.3805392192542985,1.3806931962753004,outbound,0.6113398048707893,0.4060924729022992,1.6531934294949902,8.977787629645405,0.9002673827753682,3.9455729664081023,0.0071025627262103,0.0004580478353157,0.001283295414129,1,ref,False
20.0,75.0,0.9375,1,Solve_Succeeded,342,198.0,1.4631876781294195,1902.1439815682452,2.5853129209218424,3.399562867024947,4.917184316163735,0.4649187791016094,0.96074593895508,1.862915622327404,0.7943877551020402,1.9831976012214176,1.2910037565693149,1.9773438187814036,-3.12257605015631,3.695993745487512,20.1585729391069,1.4631717479678197,1.308652266490995,1.4631870664776234,outbound,0.057167912894482,0.2680372736080473,1.8930778741818728,13.80626003114252,1.0988619828056585,5.627341001037935,0.0027583230359251,0.0001736355419472,0.0009893055351575,0,ref,False
24.0,60.0,0.0,1,Solve_Succeeded,598,1528.3,1.15324703811305,1499.2211495469649,2.54709675424221,2.0225098591938524,4.150643101767421,0.448228794568478,0.0186761997736866,1.826559823314545,0.9,1.8997703858448325,1.0050206142056444,1.9063242029388217,-3.2906809756282924,3.802979522699577,18.834327827573343,1.1532395518706,1.1526843266042517,1.1532460828349689,outbound,0.0589974824826143,0.2588782123808221,3.2900984694784565,2.1809177641962343,1.579072196410095,4.214763006923221,0.0030128233468535,0.0002496661970519,0.0032955649630823,1,ref,True
24.0,75.0,0.75,1,Solve_Succeeded,336,284.4,1.3767344138238604,1789.7547379710186,2.432558257520922,3.758778417347978,5.554949475417915,0.5010346037447204,0.7708764418226967,2.211785496324555,0.45,2.2020093259575635,1.999243161023821,2.0189962328952817,-2.4221875082291966,3.153305902297921,3.253337988364591,1.252847421005837,1.37672730757674,1.3767335229920947,outbound,0.1799424064974184,0.1808597829949292,2.911332184204826,4.848394630710793,0.6851480190705672,6.012938011674835,0.1248963920035987,0.0002046614611117,0.0025418408809261,1,ref,False
24.0,60.0,0.125,1,Solve_Succeeded,428,372.2,1.0904518797568818,1417.5874436839465,2.4084054428881183,2.233525770027214,4.905835945886103,0.4546785999781814,0.1439449416657575,2.0558653169474885,0.6788135593220339,2.179990007489525,1.3868769024807706,2.0896783285683727,-2.9019693379763583,3.576056704729841,6.002319018652518,1.0605930607172576,1.0904218610906429,1.090450540573167,outbound,0.0882503601511447,0.2362966902439435,2.944289046346343,7.846166621297399,1.4053701398942025,4.300713886022319,0.0034354349006303,0.0004227922408013,0.0014745206320883,1,ref,True
24.0,60.0,0.1875,1,Solve_Succeeded,580,416.8,1.089386405036867,1416.202326547927,2.406052202765761,2.4045424188094247,5.603529821379798,0.4804197114326602,0.2075174879763608,2.17223540171944,0.5644067796610169,2.2358318411838702,1.691793799599657,1.9921592967550477,-2.608435224658757,3.2821689452080536,4.74605329765923,1.0522226631521767,1.0893829100778023,1.08938563652576,outbound,0.1145394713056295,0.6098881103925363,0.8527454889131117,13.666042068905952,0.8684210994585158,4.360950098695644,0.0568015014475271,0.0008210089844508,0.002429327000735,1,ref,True
24.0,60.0,0.25,1,Solve_Succeeded,342,330.2,1.0636206635717236,1382.7068626432406,2.3491451964716963,2.3623012457052908,5.155788850364103,0.4934581903532394,0.2705607579313852,2.287636641637112,0.4499999999999997,2.236322327762068,1.900336609292852,2.006133899874888,-2.456846526216369,3.1718556205490605,2.630241358530853,1.0567884385294142,1.063619798827902,1.0636205823667264,outbound,0.0942727983129209,0.3622800787632977,2.7828549527363786,1.8615223854161465,1.0689316042403476,4.1019620722115135,0.0030030222777796,0.0004535979792298,0.0016291750355983,1,ref,True
24.0,60.0,0.375,1,Solve_Succeeded,294,306.8,1.1086372960760826,1441.2284848989077,2.448570310735487,2.424924410564909,4.79634948791581,0.5524672070109077,0.3980194669587877,2.520950888670324,0.2211864406779661,2.5909414391529983,2.480097346109428,2.1110251487143907,-2.5905087542479577,3.3417305074377137,2.772254136750709,1.1086362893597277,1.1086353946489618,1.1086369885536136,outbound,0.1395669415189391,0.3292158714113621,2.9820458821630904,2.0575055958608157,1.6642289066477076,4.390859341694362,0.0026080723790131,0.001064049220147,0.0030562793407447,1,ref,True
24.0,60.0,0.3125,1,Solve_Succeeded,352,339.5,1.0563573837325948,1373.2645988523732,2.33310329400675,2.423887680008233,5.117071133156646,0.5179010946189251,0.3340792122757887,2.4039077106065285,0.3355932203389831,2.2472314014875376,2.1619197955014027,2.1191838317065432,-2.631394376293098,3.378635297890757,2.810570866299177,1.0563426306702066,1.056335775568253,1.0563538401971255,outbound,0.1171866266258389,0.2626376730195552,2.865937216541492,2.0308624979690952,1.4626282604571657,4.376276114237831,0.0117297243261028,0.0003868842454588,0.0019659444311157,1,ref,True
24.0,60.0,0.4375,1,Solve_Succeeded,318,309.0,1.1277265745371023,1466.044546898233,2.4907314762117445,2.4967241567495537,4.696281920056359,0.5717632892754563,0.4613234703864775,2.636829403419315,0.1067796610169491,2.6961882057596145,2.6792509583256696,1.9627787169930897,-2.3030876417719868,3.0260061099680367,2.4852861829993342,1.1277260020906243,1.1277264676519194,1.1277264267708431,outbound,0.1862480482593063,0.3511631022751107,2.904247863982192,2.040402611531351,1.0304624060134555,4.491171239848576,0.0205172346967026,0.0010645229956804,0.0053706411283542,1,ref,True
24.0,60.0,0.5,1,Solve_Succeeded,409,387.6,1.1404738066243112,1482.6159486116046,2.51888540368944,2.519648107650103,4.595813381077242,0.5884764453955854,0.5245198518914828,2.662743321961354,0.0,2.606620560922304,2.8758732881304634,1.943508127028948,-2.222683110518566,2.9525487378893605,2.411703531355763,1.140472372004293,1.140473686464653,1.1404735608144998,outbound,0.1694798823068594,0.8481728428412023,3.6449285170448142,3.764312154521853,1.2742764898162935,5.454515271622086,0.0111997149592217,0.0019556233658519,0.0067730003956638,1,ref,False
24.0,60.0,0.75,1,Solve_Succeeded,669,467.3,1.308887240264937,1701.553412344418,2.890848474931053,2.367114340516017,4.217527691758668,0.5039788418127741,0.7709991184088659,2.2115609357939405,0.4500000000000006,2.3433193387854705,2.1039455455959457,2.1607449546264457,-2.830415783845343,3.560908910430663,6.389135140605533,1.3088871591022466,1.308885909060031,1.3088872014239663,outbound,0.100877552688007,0.5064597781485368,0.9398571556048662,5.30756282616159,1.8520175635133285,6.094210946066049,0.0121877008083848,0.000574087366337,0.0053646208002734,1,ref,False
24.0,60.0,0.5625,1,Solve_Succeeded,251,280.0,1.1010749595544265,1431.3974474207544,2.4318679025157226,2.3676075514394337,4.359813352966164,0.5667797624695937,0.586115823436233,2.549991374048929,0.1067796610169491,2.5790932231918293,2.690971268840152,2.1361433521586606,-2.661478823989026,3.412708301556646,2.841298081008921,1.101072513267369,1.1010712752743927,1.1010744188526451,outbound,0.131280301481394,0.302348767526882,2.8951703490307383,1.3713244882616833,1.9606258732828223,4.749144015452259,0.0351651661602079,0.0005739629089713,0.0036726851154367,1,ref,False
24.0,60.0,0.625,1,Solve_Succeeded,259,275.4,1.070137445807945,1391.1786795503283,2.3635383614514582,2.494514817333884,5.314371218721377,0.5412007774346754,0.6475500323931115,2.437535533924474,0.2211864406779661,2.265525962209745,2.444070940091886,2.042909630710403,-2.318277288020917,3.089965912983982,2.519877197071516,1.0701346429169274,1.0701359586916752,1.0701369586137552,outbound,0.119556708146097,0.1810949440170227,3.11568908960029,1.7358080252204957,1.1008694672578514,4.924470888855065,0.0018567705111353,0.0004499461977935,0.0025888901528821,1,ref,False
24.0,60.0,0.6875,1,Solve_Succeeded,310,310.3,1.0608345486375803,1379.0849132288545,2.342991697636518,2.4094855254008865,5.257317776534643,0.5224090666133017,0.7092670444422206,2.324562020343054,0.3355932203389826,2.1065524152360218,2.2079053238472715,1.9867752336854612,-2.4230250215180438,3.1334208277996165,2.595944551351983,1.0583106909809752,1.0608304892349814,1.0608339395057471,outbound,0.1052387219476145,0.1555698298487877,3.0876622499788438,1.1942633684688495,1.1669091278091912,5.01313041605947,0.0127245814991614,0.0003801137332404,0.0028392753055137,1,ref,False
24.0,60.0,0.875,1,Solve_Succeeded,635,445.7,1.099407712722856,1429.230026539713,2.4281855700640724,2.2422315135425146,5.112002061907676,0.4684360445604587,0.894518168523352,1.9854582677877624,0.6788135593220334,2.018364878269975,1.480666525846902,1.898735073305169,-2.715969440805295,3.31386253214997,9.135246023378851,1.099402803462724,1.099395921813125,1.0994069817066654,outbound,0.1056079977322865,0.2643444576170295,2.3279301438410376,6.149468104656542,0.9790892145542216,4.374839627677321,0.0048623620671481,0.0002701012577643,0.001679376823085,1,ref,False
24.0,60.0,0.8125,1,Solve_Succeeded,742,490.7,1.087104669396842,1413.2360702158946,2.401012691498292,2.3535595219876684,5.481186396253308,0.4840989137497564,0.8326707880729064,2.098670421832646,0.5644067796610169,2.097439940159967,1.7347989455780537,2.0122781484685137,-2.615425103436282,3.2999563358457573,4.817750009171559,1.0717147080903575,1.0870969670691133,1.087104301649709,outbound,0.323728329657257,0.3849066559728976,2.446097506893536,6.103493800031693,0.8962888516281993,4.533570820813988,0.0173316083474565,0.0002852104794723,0.0042148698394399,1,ref,False
24.0,60.0,0.9375,1,Solve_Succeeded,318,1325.5,1.120275841932329,1456.358594512028,2.474275559823357,2.107023260434137,4.547529326000379,0.4567181054259869,0.9565299210594164,1.87194522924717,0.7932203389830514,1.85932985496238,1.230068953269822,1.960174565134818,-3.124474640690208,3.688444944162469,14.094462651671114,1.1202738295426484,1.1202666979557023,1.1202756298118406,outbound,0.0359981119879915,0.1633830288448228,2.7568370732103564,9.759033949434697,1.4781750046894615,4.293728428214232,0.0184937228639369,9.252782626795316e-05,0.002582801227643,1,ref,False
24.0,75.0,0.0625,1,Solve_Succeeded,908,580.2,1.4466606546990597,1880.6588511087773,2.5561112485338464,3.1296040058661063,3.8468716793275584,0.4535879505398514,0.0813994979391605,1.9413753521598196,0.7932203389830509,2.133041493418819,1.2269850590366935,2.170993594489993,-3.229904927303379,3.891721858860834,13.361388083488745,1.352247745733457,1.446651284561529,1.4466605863239976,outbound,0.1501497480334387,0.2030958406336491,2.71138910271398,4.913390395732748,1.4608270383380528,4.170934362500947,0.002207185078733,0.0001637547802513,0.0026929219330392,1,ref,True
24.0,75.0,0.875,1,Solve_Succeeded,455,409.3,1.400089244831663,1820.116018281162,2.473824013973717,3.2710077680480527,4.268799543337111,0.452239856686644,0.8938433273619436,1.986693570252713,0.6788135593220339,2.186305099236671,1.4419111096974255,2.335768022501967,-3.019950188916509,3.81784119607922,4.008112796618004,1.2064784652081222,1.4000600493697557,1.4000886224521631,outbound,0.0824599972991539,0.1897431045371561,2.154778580031549,7.315376998616728,1.4513662882493463,3.9569501020003166,0.033173866275424,0.0002438113222487,0.0007195448147063,1,ref,False
24.0,75.0,0.125,1,Solve_Succeeded,1019,673.7,1.41020217938318,1833.262833198134,2.491692603735147,3.416421063471301,4.721382544001837,0.4643527179128241,0.1443480299130345,2.056603173400131,0.6788135593220337,2.255444803741403,1.4542982687574784,2.098816696157835,-2.953881246227018,3.623595719845493,11.36408494173563,1.4031734728824057,1.4101561595333645,1.4102008408705078,outbound,0.0880106131156611,0.1936798467979514,3.0120071909998707,6.939417575058471,1.0508670233168689,4.823165335927623,0.0060794461345734,0.0001225387784825,0.0009775550039912,1,ref,True
24.0,75.0,0.1875,1,Solve_Succeeded,392,348.6,1.362305401445674,1770.997021879376,2.407063570342339,3.4543850631981874,4.681437218037428,0.4727386616539063,0.2071974442355794,2.1716495589397047,0.5644067796610169,2.2261036786110213,1.6853868740097675,2.423138024757004,-3.182498834666214,3.999987089938552,4.215848235422966,1.2377114354061562,1.3622666305392943,1.3623044497062884,outbound,0.0909400144796139,0.2879162740234996,2.4472267084180723,4.261723974216835,1.862726458615981,3.7831146748839934,0.0259025050367747,0.0001840109680224,0.0010873467047217,1,ref,True
24.0,75.0,0.25,1,Solve_Succeeded,388,326.8,1.354978372006466,1761.4718836084055,2.394117408913905,3.533813244386668,4.624435985327619,0.4974833195125534,0.2707284716463564,2.2879436430136693,0.45,2.239905102150804,1.9528612366650075,2.1555169601973936,-2.7241260414153627,3.473775475648354,3.6272213449889232,1.198458795836116,1.3549245544081223,1.354976208957558,outbound,0.0871604086800859,0.3665799461247551,2.6602834827049224,3.4036758641800624,1.2240369007809164,4.654177274879326,0.0247168244426771,0.0003074316276554,0.0018227641854589,1,ref,True
24.0,75.0,0.375,1,Solve_Succeeded,306,307.5,1.3894553817855009,1806.2919963211511,2.455034993300919,3.8871140685028434,5.100311330127333,0.5378353476703568,0.3974098061529316,2.519834899398587,0.2211864406779661,2.435473312344657,2.380468980519516,2.339116156430871,-2.65215966820688,3.536299661926172,3.604646028131566,1.3894495048051705,1.3894543061574245,1.3894549630934483,outbound,0.4058936370332885,0.3919120752128889,2.21366936777327,2.3518268123026687,1.118074355406975,5.7091706932807575,0.0214117547524154,0.0003430523671004,0.0007645334056216,1,ref,True
24.0,75.0,0.3125,1,Solve_Succeeded,728,768.9,1.3621617890573272,1770.8103257745254,2.4068098209643565,3.6123439727399447,4.572922421571782,0.5203665657281675,0.3341819402386736,2.4040957550131656,0.3355932203389831,2.330743161862338,2.203159654962963,2.423459752546457,-2.993187236099208,3.8512760226397367,4.000156824598037,1.3621602242118551,1.3621611182595543,1.3621617182014774,outbound,0.1347161519549736,0.3134609948293242,2.963135282612112,1.612660482985245,1.5739910138489392,4.956827218094709,0.0120061931420225,0.0002328524642738,0.0014980794252613,1,ref,True
24.0,75.0,0.4375,1,Solve_Succeeded,321,317.1,1.4443396174116665,1877.6415026351665,2.552010197261524,3.749229554486964,4.148726674058235,0.5650304569803624,0.461042935707515,2.6363158823120614,0.1067796610169491,2.8042306349481043,2.6571457906276947,2.1331690902836224,-2.4765266379335404,3.2685768395642563,3.348064605784178,1.3798542440181738,1.4443379948655397,1.444338859523785,outbound,0.3011752269105855,0.5218459599620012,3.4678532531672603,3.1064016415194478,0.8970318736395626,5.710701499809497,0.0366897322499368,0.0007466134486544,0.0028056973547656,1,ref,True
24.0,75.0,0.5,1,Solve_Succeeded,600,447.1,1.4703279433798888,1911.426326393856,2.5979290878611696,3.724742798278162,3.936919547946846,0.5883378314748748,0.5245140763114531,2.662753894209544,0.0,2.6781809119886626,2.875741840222205,2.3112594189720865,-2.6993052253877403,3.553613485115221,3.644822654943657,1.470325435316536,1.4703276202754605,1.470326752439423,outbound,0.2953433132033189,0.6743899509587817,3.211405573409091,2.901843938490892,1.167721829504643,4.065108199623708,0.002040482001153,0.000962733624743,0.0025092511119624,1,ref,False
24.0,75.0,0.9375,1,Solve_Succeeded,530,387.3,1.456731666158541,1893.7511660061036,2.5739057641945,3.2732340876363923,4.373126837813603,0.4592437329212433,0.9566351555383852,1.8717525966416,0.7932203389830509,2.0058320940522054,1.2533796443013194,1.9988825719055952,-3.080032402136096,3.671802164397774,18.28299927506788,1.4531969717523106,1.2142003991906811,1.4567310611506228,outbound,0.0379728929242129,0.2639675112329506,3.500561886826664,10.451569896630543,1.091271920814762,5.891170694727523,0.0023175724572948,0.0005068979470182,0.0009331548787059,1,ref,False
24.0,75.0,0.5625,1,Solve_Succeeded,438,454.5,1.4173127953676887,1842.5066339779955,2.504256383252457,3.762650053104589,4.503085711269997,0.5717341904085618,0.5863222579336899,2.54961349395189,0.1067796610169486,2.570975800932167,2.725910931934523,2.1775933981226188,-2.535834629889376,3.3425095778012968,3.4261310358219634,1.4173116697798296,1.4173116949010622,1.41731241301146,outbound,0.1999773928612003,0.4440814383991502,3.2612742754791704,2.8502627456539917,1.1057957978156594,5.265965991850326,0.0141779053464106,0.0004110564931814,0.0023936595677498,1,ref,False
24.0,75.0,0.625,1,Solve_Succeeded,266,273.1,1.3628336231972629,1771.6837101564415,2.4079968877423603,3.715237044363614,4.798395162401396,0.5393271952401131,0.647471966468338,2.437678434261348,0.2211864406779661,2.3037073783671813,2.4490595981901566,2.545118377439012,-2.911672228231853,3.867229333752322,3.948954281484012,1.36282685735698,1.3628266647799934,1.3628327074132227,outbound,0.1088990730151944,0.3671502248411823,2.8643224037078583,1.838672360076373,1.844310084080945,4.12337050421019,0.0116128586237624,0.0005380830786525,0.0012208030410231,1,ref,False
24.0,75.0,0.6875,1,Solve_Succeeded,1032,497.3,1.3836066086711751,1798.6885912725277,2.4447007696534526,3.865802205827839,5.638788371378218,0.524879737898113,0.709369989079088,2.324373579312856,0.3355932203389831,2.2737249329852727,2.262447614299849,2.0877591093644434,-2.3994995840932405,3.180618863177078,3.2510482771617,1.3835987454658,1.3836042321827628,1.38360634292205,outbound,0.1645975428983895,0.3611831363036684,2.4150719088937582,4.8339460189786205,0.5954068068553937,6.796400183328764,0.4471509798670345,0.0004465996252562,0.0045914325971969,1,ref,False
24.0,75.0,0.8125,1,Solve_Succeeded,1050,940.9,1.3746294386808804,1787.0182702851446,2.4288389674279918,3.301960912176018,4.300473514272421,0.4801710133990705,0.8325071255582944,2.0989700074526136,0.5644067796610165,2.1401729217458905,1.7598607140901443,2.13434699803799,-2.699247606947801,3.4411298655597427,3.593712305767289,1.176462798194009,1.374600293864486,1.3746290673564654,outbound,0.1674143084037081,0.2799935443818064,2.28602573601717,3.2530366870122864,1.065995099112925,3.956737142043383,0.0087934900408629,0.0002250889219746,0.0026995338379167,1,ref,False
20.0,75.0,0.9999,0,Maximum_CpuTime_Exceeded,615,1959.9,2.498844514170799,3248.4978684220387,4.415219664861758,4.970758972400643,5.999470041688768,0.5201611009145376,0.0259508272346467,1.8384811112473105,0.8999999965673987,1.97616942655014,0.850723459452405,0.9409474749027952,-3.887490976626557,3.99974602242178,104.28799826605204,2.4967547634548053,1.0979462701900051,1.6455426447278465,outbound,1.0989795389360195,26.558069942146403,5.075905594764904,14.872989080980744,54.13957402247529,14.99066088529121,0.2450486853500466,0.0240893165923965,0.0291629498742864,1,ref,False
24.0,60.0,0.0625,0,Infeasible_Problem_Detected,691,1704.7,2.49999967587948,3249.999578643324,5.521575906631539,3.604378249988264,5.99472242008658,0.552758930933692,0.0855316219547654,1.9489392401883845,0.7932203392896091,2.1426814818827906,1.223027327297037,0.3676205831414845,-3.4827023129526355,3.5020508696755,117.12729757402708,2.4999993371622686,1.1804251186799153,1.4441453768474697,outbound,0.3852945198721891,0.3979256233741153,3.3378145277107305,12.369130617646007,0.8075284550733954,27.61100535326034,0.0037846103811278,0.0002933425548228,0.0096729223836939,1,ref,True
24.0,75.0,1.0,0,Infeasible_Problem_Detected,668,2337.7,2.499999786033304,3249.9997218432945,4.41726091993652,4.407804361335146,4.871808336318478,0.5476725461478507,0.0228196893129292,1.8341445160304468,0.9,2.039414223668776,1.0573561597673051,0.7832547399299269,-3.922556262195543,3.999991952205925,107.86081941767408,2.499999557056361,1.0435347557642638,1.850306954160864,outbound,0.0544034446289095,0.4934410178257026,2.929195002811632,4.721714437907899,1.2848671531691735,27.724858482442613,0.0053379654783327,0.0009334895534325,0.0123904886412584,1,ref,False
