ref,T,m,phi,catch_model,control_dt,lead,reach,reason,success,released,caught,U_swing,U_star_swing,U_hold,U_peak,U_star,th_err,d_min,t_end,slip
sol_comp_T18_m60_phi0.250.pkl,18.0,60.0,0.25,compliant,0.02,zero,0.25,slipped off A,0,0,0,1.50912643040972,1.0728837664211315,0.0,1.5773570847932326,1.0728837600309664,0.1546559955871541,,2.5499999999999474,0.0
sol_comp_T18_m60_phi0.250.pkl,18.0,60.0,0.25,compliant,0.02,half,0.25,slipped off A,0,0,0,1.595618715478031,1.0728837664211315,0.0,1.595618715478031,1.0728837600309664,0.1844133336782301,,0.3099999999999934,0.0
sol_comp_T18_m60_phi0.250.pkl,18.0,60.0,0.25,compliant,0.002,zero,0.25,missed B,0,1,0,1.3157087652506654,1.0728837664211315,0.0,1.3157087652506654,1.0728837600309664,0.030038253300039723,0.037611996933312734,8.022999999996188,0.0
sol_comp_T18_m60_phi0.250.pkl,18.0,60.0,0.25,compliant,0.002,half,0.25,missed B,0,1,0,1.278500389870626,1.0728837664211315,0.0,1.2955292996373498,1.0728837600309664,0.030097421249734982,0.049758183605817255,8.021999999996186,0.0
sol_comp_T18_m60_phi0.312.pkl,18.0,60.0,0.3125,compliant,0.02,zero,0.25,slipped off A,0,0,0,1.7155846467315699,1.2439444932458412,0.0,1.9209794573593377,1.250371675685581,0.12913622262357258,,0.129999999999999,0.0
sol_comp_T18_m60_phi0.312.pkl,18.0,60.0,0.3125,compliant,0.02,half,0.25,slipped off A,0,0,0,1.4424143950784232,1.2439444932458412,0.0,1.6442671625129266,1.250371675685581,0.11393722592642627,,0.129999999999999,0.0
sol_comp_T18_m60_phi0.312.pkl,18.0,60.0,0.3125,compliant,0.002,zero,0.25,held B,1,1,1,1.2835693829645283,1.2439444932458412,1.8092959003286757,1.8092959003286757,1.250371675685581,0.030575943660979363,0.027981896407259794,9.634999999994662,0.0593158052312715
sol_comp_T18_m60_phi0.312.pkl,18.0,60.0,0.3125,compliant,0.002,half,0.25,missed B,0,1,0,1.277911222650821,1.2439444932458412,0.0,1.277911222650821,1.250371675685581,0.03069811480491381,0.027605956389306262,7.921999999995609,0.0
sol_comp_T18_m63_phi0.250.pkl,18.0,63.0,0.25,compliant,0.02,zero,0.25,hit wall,0,0,0,1.3649950193094973,1.102584800108633,0.0,1.959772195933474,1.1025847947031397,0.11556201322749193,,5.659999999999879,0.0
sol_comp_T18_m63_phi0.250.pkl,18.0,63.0,0.25,compliant,0.02,half,0.25,hit wall,0,0,0,1.6217505892368012,1.102584800108633,0.0,1.7422854542002926,1.1025847947031397,0.1253924353918262,,5.66899999999988,0.0
sol_comp_T18_m63_phi0.250.pkl,18.0,63.0,0.25,compliant,0.002,zero,0.25,held B,1,1,1,1.5073669995294505,1.102584800108633,1.2163808550684896,1.543129745102783,1.1025847947031397,0.013680682197779223,0.031883323218713136,9.303999999995114,0.013538927802951926
sol_comp_T18_m63_phi0.250.pkl,18.0,63.0,0.25,compliant,0.002,half,0.25,held B,1,1,1,1.5167866711808877,1.102584800108633,1.4582814649134115,1.5167866711808877,1.1025847947031397,0.013313189469122022,0.027519876762314828,9.312999999995107,0.0012308316069467341
sol_comp_T18_m63_phi0.312.pkl,18.0,63.0,0.3125,compliant,0.02,zero,0.25,slipped off A,0,0,0,1.4803213020437043,1.167595484846921,0.0,1.4803213020437043,1.167595483494901,0.11896547548783332,,4.569999999999904,0.0
sol_comp_T18_m63_phi0.312.pkl,18.0,63.0,0.3125,compliant,0.02,half,0.25,missed B,0,1,0,1.4421472965438689,1.167595484846921,0.0,1.5357009497599587,1.167595483494901,0.15016625107950327,0.5446445938320906,6.16699999999987,0.0
sol_comp_T18_m63_phi0.312.pkl,18.0,63.0,0.3125,compliant,0.002,zero,0.25,held B,1,1,1,1.1757862077358736,1.167595484846921,1.7903295221522708,1.8027782355464248,1.167595483494901,0.026128638489079283,0.01061730630269235,8.141999999995491,0.02584288543594778
sol_comp_T18_m63_phi0.312.pkl,18.0,63.0,0.3125,compliant,0.002,half,0.25,held B,1,1,1,1.1639637698930092,1.167595484846921,1.7241731446221011,1.7241731446221011,1.167595483494901,0.026239146048351324,0.019024859870036083,8.141999999995491,0.024561806150067367
sol_comp_T18_m66_phi0.250.pkl,18.0,66.0,0.25,compliant,0.02,zero,0.25,hit wall,0,0,0,1.3284186896525128,1.1676645849094502,0.0,1.896045401141331,1.167664579275231,0.10882673028686793,,4.6149999999999025,0.0
sol_comp_T18_m66_phi0.250.pkl,18.0,66.0,0.25,compliant,0.02,half,0.25,slipped off A,0,0,0,1.3636310191116463,1.1676645849094502,0.0,1.3636310191116463,1.167664579275231,0.13775609911087713,,1.2499999999999751,0.0
sol_comp_T18_m66_phi0.250.pkl,18.0,66.0,0.25,compliant,0.002,zero,0.25,lost hook,0,1,1,1.4952390180732138,1.1676645849094502,1.6803531694990341,1.680986629402446,1.167664579275231,0.027543749550930245,0.031420391279216114,7.747999999995709,0.005600800605133217
sol_comp_T18_m66_phi0.250.pkl,18.0,66.0,0.25,compliant,0.002,half,0.25,hit B's face,0,1,0,1.4988491341400123,1.1676645849094502,0.0,1.5137981231364035,1.167664579275231,0.027672913734498195,0.030404411197384996,6.339999999996486,0.0
sol_comp_T18_m66_phi0.312.pkl,18.0,66.0,0.3125,compliant,0.02,zero,0.25,hit wall,0,0,0,1.7767344230872484,1.1606406826003643,0.0,1.8939439985472029,1.1606406772306999,0.16570828028550327,,5.371999999999886,0.0
sol_comp_T18_m66_phi0.312.pkl,18.0,66.0,0.3125,compliant,0.02,half,0.25,hit wall,0,0,0,1.6209281662653476,1.1606406826003643,0.0,1.7251656269217504,1.1606406772306999,0.09902679009233459,,5.352999999999888,0.0
sol_comp_T18_m66_phi0.312.pkl,18.0,66.0,0.3125,compliant,0.002,zero,0.25,held B,1,1,1,1.2227682637396957,1.1606406826003643,1.4175208652036229,1.423027428914302,1.1606406772306999,0.02893540726182231,0.03606873767429449,8.885999999995079,0.05455531223730255
sol_comp_T18_m66_phi0.312.pkl,18.0,66.0,0.3125,compliant,0.002,half,0.25,held B,1,1,1,1.2189952077893396,1.1606406826003643,1.6519869655743185,1.6523151761817312,1.1606406772306999,0.028605350648671646,0.03043697632293033,8.894999999995072,0.05872706145619654
sol_comp_T18_m69_phi0.250.pkl,18.0,69.0,0.25,compliant,0.02,zero,0.25,hit wall,0,0,0,1.3522490288186175,1.1962197768068563,0.0,1.3522490288186175,1.1962197710526878,0.19289535962015947,,5.69099999999988,0.0
sol_comp_T18_m69_phi0.250.pkl,18.0,69.0,0.25,compliant,0.02,half,0.25,hit wall,0,0,0,1.541112123781451,1.1962197768068563,0.0,1.7381342164495537,1.1962197710526878,0.15149413314264593,,5.822999999999878,0.0
sol_comp_T18_m69_phi0.250.pkl,18.0,69.0,0.25,compliant,0.002,zero,0.25,held B,1,1,1,1.6360239347326488,1.1962197768068563,1.3108249122613227,1.6360239347326488,1.1962197710526878,0.01760559701839766,0.034936243526599804,9.323999999995122,0.032932916554576426
sol_comp_T18_m69_phi0.250.pkl,18.0,69.0,0.25,compliant,0.002,half,0.25,held B,1,1,1,1.6191953641993275,1.1962197768068563,1.6793474440294396,1.6793474440294396,1.1962197710526878,0.016710348830037705,0.028094679712508244,9.337999999995114,0.0
sol_comp_T18_m69_phi0.312.pkl,18.0,69.0,0.3125,compliant,0.02,zero,0.25,slipped off A,0,0,0,1.7643496903946922,1.172125597308903,0.0,1.7643496903946922,1.277723885134424,0.09131494347419254,,5.369999999999887,0.0
sol_comp_T18_m69_phi0.312.pkl,18.0,69.0,0.3125,compliant,0.02,half,0.25,hit wall,0,0,0,1.6320514396429162,1.172125597308903,0.0,1.6320514396429162,1.277723885134424,0.10861242870669198,,5.1769999999998895,0.0
sol_comp_T18_m69_phi0.312.pkl,18.0,69.0,0.3125,compliant,0.002,zero,0.25,grip capacity exceeded,0,1,1,1.2050399867998633,1.172125597308903,2.0010131182409894,2.0010131182409894,1.277723885134424,0.021195906600149375,0.014749268806400307,6.975999999996134,0.009811773616029591
sol_comp_T18_m69_phi0.312.pkl,18.0,69.0,0.3125,compliant,0.002,half,0.25,grip capacity exceeded,0,1,1,1.2031030080461902,1.172125597308903,2.006920687249129,2.006920687249129,1.277723885134424,0.021262606777480503,0.020892309318749417,6.978999999996134,0.008091321376203943
sol_comp_T18_m72_phi0.250.pkl,18.0,72.0,0.25,compliant,0.02,zero,0.25,grip capacity exceeded,0,0,0,2.232651134185926,1.213956219946676,0.0,2.232651134185926,1.2139562140885856,0.10695603760327786,,7.238999999999846,0.0
sol_comp_T18_m72_phi0.250.pkl,18.0,72.0,0.25,compliant,0.02,half,0.25,slipped off A,0,0,0,1.6873050967865066,1.213956219946676,0.0,1.6873050967865066,1.2139562140885856,0.11740406893945746,,2.590999999999946,0.0
sol_comp_T18_m72_phi0.250.pkl,18.0,72.0,0.25,compliant,0.002,zero,0.25,grip capacity exceeded,0,1,1,1.6560819070649895,1.213956219946676,2.009901815727747,2.009901815727747,1.2139562140885856,0.0333798736741479,0.03663076901502186,7.801999999996335,0.004209915852104968
sol_comp_T18_m72_phi0.250.pkl,18.0,72.0,0.25,compliant,0.002,half,0.25,grip capacity exceeded,0,1,1,1.6352346608015642,1.213956219946676,2.007693765290824,2.007693765290824,1.2139562140885856,0.033443947855118866,0.024230364759029406,7.7969999999963395,0.0
sol_comp_T18_m72_phi0.312.pkl,18.0,72.0,0.3125,compliant,0.02,zero,0.25,hit wall,0,0,0,1.394863549676131,1.247973154210873,0.0,1.400368021038293,1.247973528983325,0.09074600152861939,,4.457999999999906,0.0
sol_comp_T18_m72_phi0.312.pkl,18.0,72.0,0.3125,compliant,0.02,half,0.25,grip capacity exceeded,0,0,0,2.017765883300343,1.247973154210873,0.0,2.017765883300343,1.247973528983325,0.1258937668933808,,4.040999999999915,0.0
sol_comp_T18_m72_phi0.312.pkl,18.0,72.0,0.3125,compliant,0.002,zero,0.25,held B,1,1,1,1.2785590115326018,1.247973154210873,1.6924386115652952,1.6924386115652952,1.247973528983325,0.03674365237348434,0.028997819495284433,8.121999999995502,0.09487220374735678
sol_comp_T18_m72_phi0.312.pkl,18.0,72.0,0.3125,compliant,0.002,half,0.25,lost hook,0,1,1,1.2760676471081072,1.247973154210873,1.6827831048798352,1.6906324224663338,1.247973528983325,0.03691366487231558,0.02494895689896237,7.663999999995756,0.10981159099165397
sol_comp_T18_m75_phi0.250.pkl,18.0,75.0,0.25,compliant,0.02,zero,0.25,slipped off A,0,0,0,1.4013801159234218,1.3991371700791937,0.0,1.4013801159234218,1.3991371638747656,0.11156481088451042,,3.7499999999999236,0.0
sol_comp_T18_m75_phi0.250.pkl,18.0,75.0,0.25,compliant,0.02,half,0.25,hit B's face,0,1,0,1.7165825086694808,1.3991371700791937,0.0,1.7759081600695517,1.3991371638747656,0.09697604556262793,0.28924865819588774,7.848999999999835,0.0
sol_comp_T18_m75_phi0.250.pkl,18.0,75.0,0.25,compliant,0.002,zero,0.25,missed B,0,1,0,1.714058725262963,1.3991371700791937,0.0,1.714058725262963,1.3991371638747656,0.03864737895295223,0.03141141120356602,8.061999999996187,0.0
sol_comp_T18_m75_phi0.250.pkl,18.0,75.0,0.25,compliant,0.002,half,0.25,missed B,0,1,0,1.7199781380521895,1.3991371700791937,0.0,1.7199781380521895,1.3991371638747656,0.038691157696847424,0.041385417394668056,8.06099999999619,0.0
