factor,tag,n,min_cap_BW,mean_cap_BW,best_phi,mean_E,mean_tau,ref_min_cap_BW,ref_mean_cap_BW
基準（$\epsilon=0.20$ s，能力$\times1.0$，$\Delta_c=50$ ms，$v_{\rm rel}\le4$ m/s，$\mu_{\rm out}=1.0$）,ref,5,2.3399466918102845,2.38852343652451,0.75,2.4539842197375603,0.5114805187551705,2.3399466918102845,2.38852343652451
折り返し $\epsilon=0.10$ s,eps010,5,2.332405756788506,2.3770549413749773,0.75,2.3108836443474807,0.5077174208331414,2.3399466918102845,2.38852343652451
折り返し $\epsilon=0.40$ s,eps040,5,2.3531737743219363,2.3971748695486963,0.25,2.4470300728311996,0.5132242329596113,2.3399466918102845,2.38852343652451
関節能力 $\times0.7$,cap070,5,2.5013479305581843,2.5543437877306525,0.75,2.7054351942186754,0.5143601476092703,2.3399466918102845,2.38852343652451
関節能力 $\times1.3$,cap130,5,2.2772369814698195,2.31031658588764,0.75,2.201310668344288,0.5089455327106243,2.3399466918102845,2.38852343652451
捕捉均し時間 $\Delta_c=30$ ms,dc030,5,2.362302045778903,2.392800501550929,0.25,2.444582422659235,0.5112358333819966,2.3399466918102845,2.38852343652451
捕捉均し時間 $\Delta_c=100$ ms,dc100,5,2.2973350263275187,2.8184104065418345,0.625,2.362370024322921,0.5316358444093485,2.3399466918102845,2.38852343652451
手先相対速度上限 3 m/s,vrel3,5,2.367756203497997,2.415952144276456,0.75,2.4568761914175843,0.5128673558276557,2.3399466918102845,2.38852343652451
手先相対速度上限 5 m/s,vrel5,5,2.330073078417899,2.434137128371522,0.25,2.33308479019684,0.5034095050394534,2.3399466918102845,2.38852343652451
摩擦・引掛り $\mu_{\rm out}=0.6$,mu060,5,2.563330155957053,2.6414192903324687,0.25,2.497448901741792,0.4979580108357677,2.3399466918102845,2.38852343652451
摩擦・引掛り $\mu_{\rm out}=1.5$,mu150,5,2.33864860261929,2.3784248328274176,0.25,2.3993658452496724,0.5211358681964586,2.3399466918102845,2.38852343652451
