ok,status,iters,U_peak,effort,J,d_s,d_f,phi_l,phi_c,t_l,U_catch,U_imp,req_cap_N,req_cap_BW,U_swing,U_hold,U_catchphase,vrel_x,vrel_y,vrel_norm,wall_min_S,joint_margin_S_deg,wall_min_F,joint_margin_F_deg,wall_min_H,joint_margin_H_deg,wall_min,joint_margin_deg,u_max,task_key,cond,obj,T,m,phi,stage,solve_s,ref_used,U_min_stage1
True,Solve_Succeeded,31,1.0284778976405493,2.8490631467616927,13.13760577147909,5.736856742975471,0.4725313937961393,0.25,0.2762517440997855,22.5,1.0284778610399987,0.042868659390511016,1337.021266932714,2.2715278065455555,1.0284777726690097,1.0284779187236697,,2.2194084887045507,-2.666749353093362,3.469484998087999,-0.0006195342187768869,0.0,0.02999999999999936,1.76746525325853e-06,-0.0006195435199951582,-9.819329648636997e-08,-0.0006195435199951582,-9.819329648636997e-08,0.9999969001962699,T18_m60_phi0.2500_current,T18_m60_phi0.2500,current,18.0,60.0,0.25,1,191.70836520195007,sol_ref_T18_m60_phi0.250.pkl,
True,Solve_Succeeded,51,1.0697917886063828,2.9836767075241464,13.686864167796083,5.945431437183607,0.4953495338891926,0.3124999999999998,0.34001941854939943,23.624999999999996,1.0697917942873332,0.03895948079206188,1390.7293251882977,2.3627749323620417,1.0697917240954407,1.0697917918458013,,2.097642524581175,-2.310045099997621,3.120322503356713,-0.0006195453031970083,0.0,0.028862211657034276,-7.531606919024256e-07,-0.0006195453735808876,-7.531606919024256e-07,-0.0006195453735808876,-7.531606919024256e-07,0.9999999379988203,T18_m60_phi0.3125_current,T18_m60_phi0.3125,current,18.0,60.0,0.3125,1,201.50584816932678,sol_ref_T18_m60_phi0.312.pkl,
True,Solve_Succeeded,51,1.0768304286188337,2.96403179016425,4.046045206698793,5.934740939976087,0.49481739740858605,0.3125,0.3399898554115881,23.625,1.0768302738547988,0.038913343000549924,1399.8795572044837,2.3783206884208012,1.0677490426263678,1.0768303241238688,,2.1105657316191437,-2.3015286720526316,3.122742694453932,-0.0006195407137248674,-1.578811225686273e-21,0.028770459773192793,3.69510048718743e-05,-0.0006195419459356089,9.808913650110672e-07,-0.0006195419459356089,-1.578811225686273e-21,0.9999974076520232,T18_m60_phi0.3125_w1,T18_m60_phi0.3125,w1,18.0,60.0,0.3125,1,208.70484566688538,sol_ref_T18_m60_phi0.312.pkl,
True,Solve_Succeeded,63,2.4567277290338816,3.3905064860914274,5.855714659632303,5.957767500553546,0.6975747435484484,0.375,0.4137541524193582,24.75,2.4567277253139537,1.7237501182417458,3193.746047744046,5.426004158586554,1.5334642332698214,1.5130516771856592,,0.911846999793132,-3.615951559785596,3.729151462966826,-0.0006195453558925732,-2.36006412778716e-07,0.00017961941201649623,1.8165547993231112e-06,-0.0006195445724115345,-4.449581527843659e-07,-0.0006195453558925732,-4.449581527843659e-07,0.9999999892133586,T18_m60_phi0.3750_w1,T18_m60_phi0.3750,w1,18.0,60.0,0.375,1,210.50983476638794,sol_ref_T18_m60_phi0.375.pkl,
True,Solve_Succeeded,86,2.439952166446557,3.419101174808876,27.827657687210337,5.999999567425046,0.6990947980315718,0.375,0.4138385998906428,24.75,2.439952170808011,1.7118442501962652,3171.937816380524,5.388953136902011,1.5351859931655887,1.5166649293783252,,0.9068142149066494,-3.599528112917543,3.7119960474171427,-0.0006195454585087561,-3.24677440243143e-07,-7.484915243516355e-05,1.0139361259018036e-06,-0.0006195452985475747,-5.20191492566789e-07,-0.0006195454585087561,-5.20191492566789e-07,0.9999999960243621,T18_m60_phi0.3750_current,T18_m60_phi0.3750,current,18.0,60.0,0.375,1,241.0944242477417,sol_ref_T18_m60_phi0.375.pkl,
True,Solve_Succeeded,188,1.0982474793790338,2.78697168785364,3.8883542138189497,5.745724782385294,0.46395168017616006,0.25,0.27577509334311995,22.5,1.0982470268963347,0.04598126616686129,1427.7217231927439,2.425623043140917,1.0982393258719165,1.098246844218497,,2.4255402856863144,-2.7686812874715585,3.680875133590165,-0.0006194844982357426,3.500902072742947e-26,0.02999999999999936,0.00013355687946861665,-0.0006195067222325434,1.212456685957523e-05,-0.0006195067222325434,3.500902072742947e-26,0.9999755657710677,T18_m60_phi0.2500_w1,T18_m60_phi0.2500,w1,18.0,60.0,0.25,1,323.5022482872009,sol_ref_T18_m60_phi0.250.pkl,
True,Solve_Succeeded,215,1.013890565743164,2.910048848333981,104.30439220485651,5.786148793379222,0.47240891997008766,0.2500000000111257,0.276244940009464,22.500000000200263,1.013890550911399,0.041785975678174214,1318.0577354661132,2.23930977822989,1.0138903991720623,1.013890560141195,,2.0455625444764682,-2.539950997389412,3.2612385979110012,-0.0006194909242440549,-1.994551075218676e-07,0.029999999999666845,7.592831324420557e-08,-0.0006195447609664839,-2.1643408076876924e-07,-0.0006195447609664839,-2.1643408076876924e-07,0.999978037730146,T18_m60_phi0.2500_w100,T18_m60_phi0.2500,w100,18.0,60.0,0.25,1,349.93015146255493,sol_ref_T18_m60_phi0.250.pkl,
True,Solve_Succeeded,236,1.0500885347351243,3.0986896127866226,108.11623156309359,5.999999990550742,0.48044207688101837,0.3125,0.33919122649338995,23.625,1.0500885410781904,0.04080102773193888,1365.1150951556615,2.3192577219769985,1.0500883956408311,1.0500885374445754,,2.1524591813386977,-2.434306103346112,3.2494502199783564,-0.000619545490452551,-4.067838728172323e-07,0.02958295123606895,-7.162824657041056e-07,-0.0006195453705903908,-7.162824657041056e-07,-0.000619545490452551,-7.162824657041056e-07,0.9999999796335626,T18_m60_phi0.3125_w100,T18_m60_phi0.3125,w100,18.0,60.0,0.3125,1,361.9635429382324,sol_ref_T18_m60_phi0.312.pkl,
True,Solve_Succeeded,72,1.0136488324349924,3.244078015028033,101.40291568825049,5.9841167057964135,0.4726714711410443,0.25,0.27625952617450245,22.5,1.0136488191110138,0.04188808982346767,1317.7434821654901,2.2387758786365786,1.0136486765167212,1.0136488258504088,,2.0487125759996756,-2.546640234796401,3.268424651807518,-0.0006160819926319307,-5.805759854305995e-22,0.029999999999999805,-4.678445814251868e-08,-0.0006195448299104456,-2.3561263466471337e-07,-0.0006195448299104456,-2.3561263466471337e-07,0.9812972406120856,T18_m60_phi0.2500_lexico1,T18_m60_phi0.2500,lexico1,18.0,60.0,0.25,1,228.82377648353577,sol_ref_T18_m60_phi0.250.pkl,
True,Solve_Succeeded,58,1.023783103568655,2.9698472663092774,2.973667657884467,5.930289995331757,0.4678847224801809,0.25,0.2759935956933435,22.5,1.023761459754092,0.041623341504570185,1330.9180346392516,2.261158740467638,1.0235008742146547,1.023768484733105,,2.054984306506298,-2.527069131938847,3.257151961082769,-0.0006171723843457575,-7.145523304462046e-20,0.03,0.003430263967668024,-0.0006182894486363999,0.00030609078093878214,-0.0006182894486363999,-7.145523304462046e-20,0.9996666685262356,T18_m60_phi0.2500_lexico1_s2,T18_m60_phi0.2500,lexico2,18.0,60.0,0.25,2,226.10815906524658,sol_ref_T18_m60_phi0.250.pkl,1.0136488324349924
True,Solve_Succeeded,126,1.0294875575286773,2.8286248127963582,13.127059854898368,5.827758212952325,0.47365403283033775,0.75,0.7763141129350188,31.5,1.0294851320651368,0.03749513291160922,1338.3338247872805,2.273757772319539,1.0294808741750519,1.0294866841813286,,2.0814881388679307,-2.4672555206054607,3.227993599158153,-0.0006189639789078265,-5.921243436518251e-23,0.02999999999999936,9.488780185646514e-05,-0.0006194778341841456,2.1025467910284906e-05,-0.0006194778341841456,-5.921243436518251e-23,0.9997791015580094,T18_m60_phi0.7500_current,T18_m60_phi0.7500,current,18.0,60.0,0.75,1,288.8159017562866,sol_ref_T18_m60_phi0.688.pkl,
True,Solve_Succeeded,137,1.0625643843943078,2.760907754679234,3.826334260313386,5.807740405734925,0.46651991199074094,0.75,0.7759177728883745,31.5,1.062564136791908,0.04087833321578173,1381.3336997126,2.346812265906558,1.0625616079441675,1.0625640825484923,,2.182404608670501,-2.514719421874641,3.3296702008907384,-0.000619518507958711,-1.946841622711548e-24,0.02999999999999936,6.513981316614186e-05,-0.0006195257609311611,5.833985940487526e-06,-0.0006195257609311611,-1.946841622711548e-24,0.9999885796521353,T18_m60_phi0.7500_w1,T18_m60_phi0.7500,w1,18.0,60.0,0.75,1,294.16164660453796,sol_ref_T18_m60_phi0.688.pkl,
True,Solve_Succeeded,74,1.1394494645511806,3.425808795953819,14.824778495855004,5.7312300979348425,0.47034673983801445,0.25,0.27613037443544525,22.5,1.1394494787273262,0.0443362488119517,1481.2843039165348,2.2878391003560603,1.1394494057662559,1.1394494615702613,,2.118616580780193,-2.56111269916079,3.323828285901578,-0.0006195417403265114,0.0,0.029999999999999805,-3.3994353657543456e-07,-0.0006195451808395092,-3.484836503117416e-07,-0.0006195451808395092,-3.484836503117416e-07,0.9999994695888975,T18_m66_phi0.2500_current,T18_m66_phi0.2500,current,18.0,66.0,0.25,1,263.70284485816956,sol_ref_T18_m66_phi0.250.pkl,
True,Solve_Succeeded,246,1.0115575925852485,2.8209454516268284,103.9817002210818,5.632875019519363,0.4773278295270455,0.75,0.7765182127515025,31.5,1.0115575695466488,0.04142548306937522,1315.0248703608231,2.234157102210029,1.0115572775227817,1.0115575828782326,,2.0285116949529147,-2.5178229234596676,3.2333097547961183,-0.0006193401079043152,-6.816492126869232e-20,0.02999999999999936,4.953901950772195e-07,-0.0006195444320469257,-1.2352855185697283e-07,-0.0006195444320469257,-1.2352855185697283e-07,0.9998431044755622,T18_m60_phi0.7500_w100,T18_m60_phi0.7500,w100,18.0,60.0,0.75,1,408.6405825614929,sol_ref_T18_m60_phi0.688.pkl,
True,Solve_Succeeded,42,1.1948585450893567,3.6112683463765407,15.566976430552813,5.835028235063687,0.4872249989650934,0.3125,0.33956805549806074,23.625,1.1948585525068227,0.04462529435729392,1553.3161086161638,2.399092003546418,1.194858083999263,1.1948585470480475,,2.255023505804764,-2.378517385837741,3.2775716569534232,-0.0006195455219941658,-4.4912926259637914e-07,0.026956080060411475,-9.174232118702912e-07,-0.0006195454960398195,-5.181162696926651e-07,-0.0006195455219941658,-9.174232118702912e-07,0.999999987968811,T18_m66_phi0.3125_current,T18_m66_phi0.3125,current,18.0,66.0,0.3125,1,227.06599855422974,sol_ref_T18_m66_phi0.312.pkl,
True,Solve_Succeeded,406,1.0502218183675418,3.358955851085544,105.06426814041924,6.000000059907817,0.48046586194066304,0.3125,0.33919254788559233,23.625,1.0502218283588811,0.04051767911624439,1365.2883638778044,2.3195520962925658,1.0502218219618935,1.0502218251850781,,2.1431766273669197,-2.4154774838039352,3.22920075728587,-0.0006195456933637856,-5.724247497674037e-07,0.02975158388561134,-1.2016714956409942e-06,-0.0006195456928268506,-1.2016714956409942e-06,-0.0006195456933637856,-1.2016714956409942e-06,1.0000000099057658,T18_m60_phi0.3125_lexico1,T18_m60_phi0.3125,lexico1,18.0,60.0,0.3125,1,509.2339539527893,sol_ref_T18_m60_phi0.312.pkl,
True,Solve_Succeeded,99,1.060724024895386,3.072882727945286,3.0796831060160867,5.937159236211149,0.4832932252992058,0.3125,0.3393496236277337,23.625,1.0607236578718615,0.04108602326591705,1378.9412323640017,2.3427475915120652,1.0293728606421488,1.0607237922030799,,2.165506396996064,-2.4514796286261022,3.270958624776481,-0.0006195300330754747,2.3473577196800786e-25,0.029605531000113035,4.901298102973428e-05,-0.0006195323755591176,3.6290071220236806e-06,-0.0006195323755591176,2.3473577196800786e-25,0.9999964143463799,T18_m60_phi0.3125_lexico1_s2,T18_m60_phi0.3125,lexico2,18.0,60.0,0.3125,2,255.92666387557983,sol_ref_T18_m60_phi0.312.pkl,1.0502218183675418
True,Solve_Succeeded,233,1.2325254953788471,3.3630818552780157,4.599287445165941,5.75506271482862,0.46226696888067936,0.25,0.2756814982711489,22.5,1.2325254762841042,0.04982561435615969,1602.2831439925012,2.4747214406951796,1.2325248774431277,1.2325254638293641,,2.4980245859970402,-2.81387245323581,3.7627124545100443,-0.0006195430245530733,0.0,0.029999999999999805,1.8084791419869382e-06,-0.0006195442309930854,1.3506231815944187e-08,-0.0006195442309930854,0.0,0.9999995524120316,T18_m66_phi0.2500_w1,T18_m66_phi0.2500,w1,18.0,66.0,0.25,1,406.3876602649689,sol_ref_T18_m66_phi0.250.pkl,
True,Solve_Succeeded,195,1.1278794563631411,3.4628211385693755,116.25695413961601,5.657264248395089,0.4745794913796572,0.25,0.2763655272988699,22.5,1.1278794647611192,0.04505102129279217,1466.2432932720835,2.2646083051803716,1.1278794433916113,1.1278794612761405,,2.06409043579096,-2.544944513001058,3.27676851507364,-0.0006195418159541076,0.0,0.029999999999999805,-1.0766770197702254e-06,-0.0006195455596746946,-1.0766770197702254e-06,-0.0006195455596746946,-1.0766770197702254e-06,0.9999992043330718,T18_m66_phi0.2500_w100,T18_m66_phi0.2500,w100,18.0,66.0,0.25,1,361.86282229423523,sol_ref_T18_m66_phi0.250.pkl,
True,Solve_Succeeded,64,1.2054249206089467,3.5679905907759677,4.779986572965848,5.803549050197036,0.48527044268063446,0.3125,0.339459469037813,23.625,1.2054249001775543,0.044906143119554626,1567.0523967916306,2.4203076588385852,1.1766405441830483,1.2054248822095728,,2.2954205444820714,-2.3822476931062524,3.308180700527169,-0.0006195447040743592,-2.2872990797291694e-08,0.026712488475941636,0.12774104209732914,-0.000619543830185254,-1.5279945103485608e-07,-0.0006195447040743592,-1.5279945103485608e-07,0.999999876129921,T18_m66_phi0.3125_w1,T18_m66_phi0.3125,w1,18.0,66.0,0.3125,1,239.01938009262085,sol_ref_T18_m66_phi0.312.pkl,
True,Solve_Succeeded,621,2.3674781142128176,3.4414921728485774,240.20121647746996,5.971990290799125,0.7029408748765547,0.375,0.41405227082647517,24.75,2.367478124205662,1.6607593293704044,3077.721548476663,5.22888472388152,1.6384239679611408,1.4735191090655402,,0.7703066017994681,-3.4751334276778567,3.55948375483579,-0.0006195456930947873,-1.1877586299090248e-06,-7.629056310332061e-05,-1.3210186295082313e-06,-0.0006195456922135634,-5.727541057463332e-07,-0.0006195456930947873,-1.3210186295082313e-06,1.000000009951918,T18_m60_phi0.3750_w100,T18_m60_phi0.3750,w100,18.0,60.0,0.375,1,704.0153803825378,sol_ref_T18_m60_phi0.375.pkl,
True,Solve_Succeeded,196,1.0114585603828754,3.1285562271434144,101.18266296094768,5.912069425635338,0.4775650842928185,0.75,0.7765313935718233,31.5,1.0114585699872294,0.04147263597984921,1314.8961284977381,2.23393837665263,1.0114585619412555,1.0114585698571474,,2.0301756698282465,-2.5208397714664312,3.2367030144530555,-0.0006195296831502765,-3.8199919054531884e-07,0.029999999999999805,-1.1830556836459507e-06,-0.0006195456783064657,-1.1830556836459507e-06,-0.0006195456783064657,-1.1830556836459507e-06,0.9999948984354481,T18_m60_phi0.7500_lexico1,T18_m60_phi0.7500,lexico1,18.0,60.0,0.75,1,367.24514293670654,sol_ref_T18_m60_phi0.688.pkl,
True,Solve_Succeeded,102,1.021573090672986,2.9383248758808094,2.9416765753651357,5.935192245845816,0.4747246641824677,0.7499999999999998,0.7763735924545814,31.499999999999996,1.0215725111383507,0.04222007081765745,1328.045017874882,2.2562776382515835,1.0215574874504079,1.0215726579757227,,2.08065468244865,-2.5631316189565587,3.3013281575284763,-0.0006194625095656235,1.1848489498583662e-23,0.03,9.235969420347144e-05,-0.0006195112142477477,8.759207117011649e-06,-0.0006195112142477477,1.1848489498583662e-23,0.9999858943216167,T18_m60_phi0.7500_lexico1_s2,T18_m60_phi0.7500,lexico2,18.0,60.0,0.75,2,247.29994916915894,sol_ref_T18_m60_phi0.688.pkl,1.0114585603828754
True,Solve_Succeeded,36,3.4174921230283934,3.910790677669632,7.337491983698211,5.970386263578693,0.6717970241913093,0.375,0.41232205689951723,24.75,3.417492008865443,2.679412258660319,4442.7397599369115,6.861798041480418,1.5662906831653705,1.2186922889297673,,-0.1775875173858647,-3.990201223605534,3.9941511152176474,-0.000619543811400676,-1.7503931591674284e-23,-7.211509216986656e-05,6.712724339294879e-06,-0.0006195416192817937,-3.302001538017589e-07,-0.000619543811400676,-3.302001538017589e-07,0.9999999086847052,T18_m66_phi0.3750_w1,T18_m66_phi0.3750,w1,18.0,66.0,0.375,1,192.59350275993347,sol_ref_T18_m66_phi0.375.pkl,
True,Solve_Succeeded,160,3.402933593984343,3.929558061262001,37.96888596893935,5.984196175766661,0.6704596468106209,0.375,0.41224775815614556,24.75,3.4029335997906984,2.6759679873471534,4423.813672179646,6.832566756524953,1.5645594409062802,1.2338364989311805,,-0.09700306868685057,-3.998823561934789,3.999999934352437,-0.0006195454907462396,-3.6469319457919574e-07,-7.231518103090195e-05,4.067820026510796e-08,-0.0006195452817263636,-5.625493326272364e-07,-0.0006195454907462396,-5.625493326272364e-07,0.9999999991695141,T18_m66_phi0.3750_current,T18_m66_phi0.3750,current,18.0,66.0,0.375,1,276.29093861579895,sol_ref_T18_m66_phi0.375.pkl,
True,Solve_Succeeded,485,2.363588393627015,3.8745074175485597,236.40987510784427,5.967855252915991,0.7024861107125918,0.3750000000000002,0.4140270061506997,24.750000000000004,2.3635884036269315,1.6478693700797988,3072.6649117151196,5.22029376777968,1.6386396077001713,1.499896351977513,,0.853146562394031,-3.485751267247901,3.5886377574290083,-0.0006195456939314791,-1.203141853348016e-06,-7.650487284971419e-05,-1.485292319584138e-06,-0.0006195456939268595,-5.729568183989563e-07,-0.0006195456939314791,-1.485292319584138e-06,1.0000000099997597,T18_m60_phi0.3750_lexico1,T18_m60_phi0.3750,lexico1,18.0,60.0,0.375,1,595.7636797428131,sol_ref_T18_m60_phi0.375.pkl,
True,Solve_Succeeded,138,2.3872242904004097,3.5158731724863745,3.5253045917638235,5.917664612044751,0.7063642482302173,0.375,0.414242458235012,24.75,2.387224289405832,1.673886408407898,3103.391577520533,5.272496733809944,1.7291237201567924,1.4827537599297627,,0.8134553137616677,-3.5081312776908646,3.601207382115064,-0.0006195453192812238,-2.815659311745439e-07,-7.582957090379594e-05,2.5720257189239647e-06,-0.000619544896961699,-4.7209373568797375e-07,-0.0006195453192812238,-4.7209373568797375e-07,0.9999999871098997,T18_m60_phi0.3750_lexico1_s2,T18_m60_phi0.3750,lexico2,18.0,60.0,0.375,2,248.29698729515076,sol_ref_T18_m60_phi0.375.pkl,2.363588393627015
True,Solve_Succeeded,498,1.1780567457867355,3.6648498191123364,121.48082938265617,5.871960589540669,0.4809610995319084,0.3125,0.33922006108510594,23.625,1.1780567553377725,0.04592182408663399,1531.4737695227561,2.3653565772754397,1.1780567436344371,1.178056751891702,,2.22628936040987,-2.483419655643651,3.33522675425696,-0.0006195456784786838,-5.55568827733145e-07,0.027132358779143696,-1.165235112099023e-06,-0.0006195456748772088,-1.165235112099023e-06,-0.0006195456784786838,-1.165235112099023e-06,1.0000000081481981,T18_m66_phi0.3125_w100,T18_m66_phi0.3125,w100,18.0,66.0,0.3125,1,561.261251449585,sol_ref_T18_m66_phi0.312.pkl,
True,Solve_Succeeded,40,1.358475219543182,4.437826779051425,18.02790033142302,5.615642869823007,0.47882342076956436,0.25000000001940414,0.27660130117326887,22.500000000349274,1.346833738024672,0.05210664820463711,1766.0177854061365,2.4002960046294755,1.3584748528864206,1.3584750992824304,,2.2650587909737023,-2.749001656939116,3.5619519138277616,-0.0006194753069188128,-1.9427157623769934e-07,0.0292020553830699,4.648647121107924e-06,-0.0006195417483612076,3.658143082988648e-07,-0.0006195417483612076,-1.9427157623769934e-07,0.9999952214366408,T18_m75_phi0.2500_current,T18_m75_phi0.2500,current,18.0,75.0,0.25,1,180.86337685585022,sol_ref_T18_m75_phi0.250.pkl,
True,Solve_Succeeded,392,1.1280259533731114,3.5587873839813136,112.84486685430045,5.712608493646267,0.4746932356411035,0.2499999999999998,0.27637184642450563,22.499999999999996,1.128025963396695,0.04436362811297499,1466.4337393850449,2.264902448622378,1.1280259588594426,1.128025959311889,,2.059927038066439,-2.5406639743694446,3.2708214308971244,-0.0006195442124403861,-5.655845725361358e-07,0.02999999999999936,-1.202630445599674e-06,-0.0006195456932922561,-1.202630445599674e-06,-0.0006195456932922561,-1.202630445599674e-06,0.9999998967877043,T18_m66_phi0.2500_lexico1,T18_m66_phi0.2500,lexico1,18.0,66.0,0.25,1,516.8317427635193,sol_ref_T18_m66_phi0.250.pkl,
True,Solve_Succeeded,101,1.1393062208074136,3.5453285717982883,3.5496169208924058,5.904807960650116,0.46866570966115517,0.25,0.27603698387006426,22.5,1.1393062085187557,0.04571787707371856,1481.0980870496378,2.287551488971732,1.1393058950658175,1.1393062039391524,,2.0693635973896205,-2.518306836401542,3.2594685180973992,-0.000619542420648678,-5.234625633944579e-23,0.029999999999999805,3.240384884354088e-06,-0.0006195438588307844,-1.1845222119651362e-07,-0.0006195438588307844,-1.1845222119651362e-07,0.9999996877285446,T18_m66_phi0.2500_lexico1_s2,T18_m66_phi0.2500,lexico2,18.0,66.0,0.25,2,215.96370148658752,sol_ref_T18_m66_phi0.250.pkl,1.1280259533731114
True,Solve_Succeeded,345,3.5679772832584224,3.3532221992975444,6.924086933563273,5.401155941271521,0.6106224062928495,0.75,0.7839234670162694,31.5,3.567977263185238,2.7175702332569704,4638.370468235949,7.163949075210745,1.2812995048865157,1.1199857247222285,,-0.44462193010746565,-3.9307672614864684,3.9558336573605213,-0.0006195197733574378,-1.6333142773797578e-20,0.0067704223363369564,0.8579377900214202,-0.0006195298057911636,-4.553477240818425e-07,-0.0006195298057911636,-4.553477240818425e-07,0.9999978981344266,T18_m66_phi0.7500_w1,T18_m66_phi0.7500,w1,18.0,66.0,0.75,1,369.1027956008911,sol_ref_T18_m66_phi0.375.pkl,
True,Solved_To_Acceptable_Level,335,1.1818382224609176,4.062710525013862,118.2334632805122,6.000000059991241,0.486073747075129,0.3124999999999998,0.33950409705972917,23.624999999999996,1.1818382324603107,0.044773075668208796,1536.3896891991928,2.372949200258229,1.1818382299613968,1.1818382306273194,,2.1869803262606116,-2.4154415338659474,3.258410770755531,-0.0006195456938571167,-5.729075579680499e-07,0.027138185684497704,-1.2031024399144034e-06,-0.000619545693879342,-1.2031024399144034e-06,-0.000619545693879342,-1.2031024399144034e-06,1.00000000999361,T18_m66_phi0.3125_lexico1,T18_m66_phi0.3125,lexico1,18.0,66.0,0.3125,1,406.92861437797546,sol_ref_T18_m66_phi0.312.pkl,
True,Solve_Succeeded,120,1.1936565535353931,3.687127892945114,3.694427781795618,5.927399931030265,0.4866585232864325,0.3125,0.3395365846270241,23.625,1.1936560456728897,0.04460486904189957,1551.753519596011,2.3966785895592175,1.1531616137549343,1.1936561110648096,,2.1985942142346255,-2.3987751486922164,3.253911297630797,-0.0006195129213694937,-1.7772734247875494e-23,0.025727543910087643,2.8646544309581934e-05,-0.0006195194568969775,4.8170991822021815e-06,-0.0006195194568969775,-1.7772734247875494e-23,0.9999962775512982,T18_m66_phi0.3125_lexico1_s2,T18_m66_phi0.3125,lexico2,18.0,66.0,0.3125,2,209.96338748931885,sol_ref_T18_m66_phi0.312.pkl,1.1818382224609176
True,Solve_Succeeded,31,1.3752100631438062,4.39796036503994,5.778018060629104,5.612205505008813,0.47442924152108923,0.2499999999999998,0.2763571800845048,22.499999999999996,1.361022661162473,0.05735452368086033,1787.773082086948,2.429864875415492,1.3751579472792799,1.3752053503082196,,2.3318880835417732,-2.7687757986453803,3.6199200899092356,-0.0006190427996473711,3.9840545938987567e-22,0.029441563618164402,0.0025341988724197923,-0.0006194011279863076,3.887349359175092e-05,-0.0006194011279863076,3.9840545938987567e-22,0.9999567699916123,T18_m75_phi0.2500_w1,T18_m75_phi0.2500,w1,18.0,75.0,0.25,1,160.34932112693787,sol_ref_T18_m75_phi0.250.pkl,
True,Solved_To_Acceptable_Level,344,3.3797569243296786,4.358825204734497,338.0314908107263,5.964781314525455,0.6693982009045085,0.375,0.41218878893913946,24.75,3.3797569343309246,2.6804772248686604,4393.684001628582,6.786031572033148,1.492517696670576,1.2325632314954877,,-0.12132995976208874,-3.998159476769219,4.000000020101923,-0.0006195456939309067,-1.4893097927022632e-06,-7.215405778771e-05,-1.4893097927022632e-06,-0.0006195456939277477,-5.729575769612478e-07,-0.0006195456939309067,-1.4893097927022632e-06,1.0000000099997237,T18_m66_phi0.3750_lexico1,T18_m66_phi0.3750,lexico1,18.0,66.0,0.375,1,399.0384066104889,sol_ref_T18_m66_phi0.375.pkl,
True,Solve_Succeeded,115,3.413553776503327,3.999876869842166,4.009212719130138,5.9391730298869465,0.6725719757809502,0.375,0.41236510976560836,24.75,3.413553035308721,2.6852500015156724,4437.619909454324,6.853890447988022,1.497801250460632,1.2038171735363246,,-0.26564812641359853,-3.9813584435434066,3.9902110198636653,-0.0006195387454930035,-4.470406947008979e-24,-7.078068363020051e-05,2.6592023869435215e-05,-0.0006195263690225161,7.630348781679312e-07,-0.0006195387454930035,-4.470406947008979e-24,0.9999996555355464,T18_m66_phi0.3750_lexico1_s2,T18_m66_phi0.3750,lexico2,18.0,66.0,0.375,2,203.94462132453918,sol_ref_T18_m66_phi0.375.pkl,3.3797569243296786
True,Solve_Succeeded,619,3.1485724280630785,3.378271654394374,34.86963572770579,5.386360166653184,0.5731280648238327,0.75,0.7818404480457686,31.5,3.148572389513588,2.3899359446680135,4093.144156482002,6.321848695644522,1.9767164495556446,1.26845982229132,,0.696124615888657,-3.8327832919493448,3.8954867788111134,-0.0006193681173026402,-4.6761722594690224e-18,-7.191267120587597e-05,4.566754939602731e-05,-0.0006195324175028993,-4.535636682665879e-07,-0.0006195324175028993,-4.535636682665879e-07,0.9999722460643833,T18_m66_phi0.7500_current,T18_m66_phi0.7500,current,18.0,66.0,0.75,1,574.7944514751434,sol_ref_T18_m66_phi0.375.pkl,
True,Solve_Succeeded,703,3.0562594374428693,3.5441419159433862,309.17898255013085,5.508530599142351,0.5754019096945361,0.7499999999999998,0.7819667727608075,31.499999999999996,3.0562594451715586,2.3407852309030215,3973.13726867573,6.136498422567772,2.337447080570308,1.2856429830219829,,0.9207161914519252,-3.8332832279009024,3.942306255291197,-0.0006194507133724398,4.739395799433465e-23,-7.214198031624264e-05,4.897982201695827e-07,-0.0006195450406947245,-5.661027739492773e-07,-0.0006195450406947245,-5.661027739492773e-07,0.9999903836435928,T18_m66_phi0.7500_w100,T18_m66_phi0.7500,w100,18.0,66.0,0.75,1,613.5581750869751,sol_ref_T18_m66_phi0.375.pkl,
True,Solve_Succeeded,118,3.9124995624575707,4.4573611253427226,8.374713828818933,4.875190601881412,0.6190354211600952,0.3125,0.3468908567311164,23.625,3.912499150196426,3.052200166948518,5086.249431194842,6.9130131582668595,1.4905092117654029,1.3838671150741715,,-0.36660939570896395,-3.9522016940821287,3.969168764329345,-0.0006194270950495694,-4.498376232777706e-22,-7.353098304552219e-05,11.902732191002256,-0.0006195024399944238,1.937559339318187e-07,-0.0006195024399944238,-4.498376232777706e-22,0.9999928796612322,T18_m75_phi0.3125_w1,T18_m75_phi0.3125,w1,18.0,75.0,0.3125,1,216.21550703048706,sol_ref_T18_m75_phi0.312.pkl,
True,Solve_Succeeded,216,3.8095138971355937,4.576630350686315,42.67830170300528,4.96378148643754,0.621361441386943,0.3125,0.3470200800770523,23.625,3.809513890145274,3.0271306306396215,4952.368066276272,6.7310473207968355,1.4297732968837067,1.4403129243274602,,0.10384372797518575,-3.9986516132625143,3.9999997805108305,-0.0006195405131091195,1.0847616118088069e-26,-7.433354560015815e-05,6.746855540770369e-05,-0.000619542889293001,-5.355296666292718e-07,-0.000619542889293001,-5.355296666292718e-07,0.9999997054075452,T18_m75_phi0.3125_current,T18_m75_phi0.3125,current,18.0,75.0,0.3125,1,280.38429141044617,sol_ref_T18_m75_phi0.312.pkl,
True,Solve_Succeeded,344,1.339245735591687,4.469622855198291,138.4009456672675,5.6064577972692655,0.47909149292270553,0.25,0.2766161940512614,22.5,1.3392457454112687,0.05027852365255325,1741.019456269193,2.3663193425337314,1.3392457400175048,1.3392457417390489,,2.179146429670935,-2.666318706059928,3.4435351899222217,-0.0006195450725392324,-7.405305936614789e-25,0.029073508331447367,-1.1991507661115284e-06,-0.0006195456884001693,-5.713840659145194e-07,-0.0006195456884001693,-1.1991507661115284e-06,0.999999953249075,T18_m75_phi0.2500_w100,T18_m75_phi0.2500,w100,18.0,75.0,0.25,1,373.58477997779846,sol_ref_T18_m75_phi0.250.pkl,
True,Solve_Succeeded,1252,3.359572672881886,3.9447591516861005,339.9149776678217,5.961499089550549,0.6667979366463814,0.375,0.41204432981368794,24.75,3.3595726828862293,2.6683149114022298,4367.444474746452,6.745504702601631,1.489076503048843,1.2177700807598486,,-0.015951143061040465,-3.9999682151520517,4.000000020148955,-0.000619545693925869,-1.489102547759219e-06,-7.246169187791196e-05,-1.489102547759219e-06,-0.0006195456939206423,-5.729574338362872e-07,-0.000619545693925869,-1.489102547759219e-06,1.0000000099994675,T18_m66_phi0.3750_w100,T18_m66_phi0.3750,w100,18.0,66.0,0.375,1,953.7493731975555,sol_ref_T18_m66_phi0.375.pkl,
True,Solve_Succeeded,448,3.736824416274303,4.97350964353217,378.6681179978435,6.000000054938404,0.6338392755069621,0.3125,0.34771329308372007,23.625,3.7368244262107635,3.0573068364177685,4857.871741156594,6.602611948564857,2.056327225098998,1.434771259905964,,-0.03283112703664472,-3.9998652819978084,4.000000019629238,-0.0006195456835384801,-5.643565603736228e-07,-0.00034608348127338623,-1.0454278919137843e-06,-0.0006195456844841907,-5.728119520846024e-07,-0.0006195456844841907,-1.0454278919137843e-06,1.000000009402212,T18_m75_phi0.3125_w100,T18_m75_phi0.3125,w100,18.0,75.0,0.3125,1,421.77832555770874,sol_ref_T18_m75_phi0.312.pkl,
True,Solve_Succeeded,757,3.0870967189727727,3.9710262342702882,308.7584689814393,5.999999593272944,0.5847555232371575,0.75,0.7824864179576198,31.5,3.0870967288029094,2.458012538535674,4013.2257346646047,6.198414936312057,2.3632815823316458,1.3833579087997798,,0.4726972314490073,-3.815989764094136,3.8451554652953597,-0.0006194587518098624,-1.9294658136258135e-07,-7.125827798049045e-05,-9.579595339521684e-07,-0.0006195456491573381,-5.724057014254164e-07,-0.0006195456491573381,-9.579595339521684e-07,0.9999953310947209,T18_m66_phi0.7500_lexico1,T18_m66_phi0.7500,lexico1,18.0,66.0,0.75,1,624.6832582950592,sol_ref_T18_m66_phi0.375.pkl,
True,Solve_Succeeded,103,3.117967657180778,3.6989700214588397,3.7047175774642858,5.934799395801695,0.581693432181819,0.75,0.782316301787879,31.5,3.1179676081858174,2.481197191717872,4053.3579543350115,6.260399027484341,2.332477380578488,1.3748924576268144,,0.4917805538616805,-3.8410729809828816,3.8724268564290822,-0.0006195300883428592,0.0,0.001953279131073682,1.0987905885022635,-0.0006195350326558824,-4.0567562285097236e-07,-0.0006195350326558824,-4.0567562285097236e-07,0.9999981534325156,T18_m66_phi0.7500_lexico1_s2,T18_m66_phi0.7500,lexico2,18.0,66.0,0.75,2,199.41589260101318,sol_ref_T18_m66_phi0.375.pkl,3.0870967189727727
True,Solve_Succeeded,460,1.339134418856788,4.907613248884253,133.96980645416485,5.999998244683401,0.4793087637434943,0.2499999999999998,0.2766282646524161,22.499999999999996,1.3391344280236284,0.05015608782611274,1740.8747445138245,2.3661226564917763,1.3391344166501236,1.3391344242389465,,2.178816502923074,-2.668354196568536,3.4449028247186964,-0.0006192841225391137,-2.149390519669554e-27,0.028932143130522687,-1.1842151103273128e-06,-0.0006195456660704757,-5.654710076506796e-07,-0.0006195456660704757,-1.1842151103273128e-06,0.9999821807272475,T18_m75_phi0.2500_lexico1,T18_m75_phi0.2500,lexico1,18.0,75.0,0.25,1,446.3196017742157,sol_ref_T18_m75_phi0.250.pkl,
True,Solve_Succeeded,80,1.3525257039864063,4.687210241663422,4.692786100370002,5.925808558114763,0.4730342397807111,0.25,0.2762796799878174,22.5,1.352525257264598,0.05469813318274022,1758.283415182328,2.3897837787051692,1.3525196587947643,1.3525253924963974,,2.1976327515012932,-2.6474646306764256,3.440735194860803,-0.000619512436550609,-5.74070308457378e-23,0.029999999999999805,2.2601207921539648e-05,-0.0006195354866065372,1.986357966407164e-06,-0.0006195354866065372,-5.74070308457378e-23,0.9999964353886475,T18_m75_phi0.2500_lexico1_s2,T18_m75_phi0.2500,lexico2,18.0,75.0,0.25,2,187.03276419639587,sol_ref_T18_m75_phi0.250.pkl,1.339134418856788
True,Solve_Succeeded,189,4.03455129172969,4.208124140686313,8.245703781016084,4.900678101027276,0.6004006163751426,0.75,0.7833555897986189,31.5,4.034551268589346,3.098037936420444,5244.916679248597,7.12866691029371,1.3391406964360817,1.3762697184663508,,-0.49999791048950737,-3.9686268961271347,3.9999996688946826,-0.0006195381746473549,-6.619504345927818e-23,0.018809149263929736,28.115771125658654,-0.0006195417897738587,-5.129793987641216e-07,-0.0006195417897738587,-5.129793987641216e-07,0.9999987543229772,T18_m75_phi0.7500_w1,T18_m75_phi0.7500,w1,18.0,75.0,0.75,1,250.5130262374878,sol_ref_T18_m75_phi0.312.pkl,
True,Solve_Succeeded,454,3.586482168547152,4.491460743421149,40.36310814416964,5.4042166122919015,0.5794551916323215,0.7499999999999998,0.7821919550906844,31.499999999999996,3.586482174300674,2.7902321089792883,4662.426819111298,6.336971551629355,1.9839797534051455,1.3967541329168518,,0.2472234616711984,-3.773179430671166,3.7812699528122393,-0.0006195374195447044,-1.688759654253677e-19,-6.94591566992031e-05,2.287340172495654e-06,-0.0006195444507834935,-5.613349252873733e-07,-0.0006195444507834935,-5.613349252873733e-07,0.999998820263564,T18_m75_phi0.7500_current,T18_m75_phi0.7500,current,18.0,75.0,0.75,1,420.86894702911377,sol_ref_T18_m75_phi0.312.pkl,
True,Solve_Succeeded,533,3.7388535294845955,5.48566166316408,373.95154736572886,5.999999953578311,0.6327632876689908,0.3125,0.34765351598161054,23.625,3.7388535390748263,3.057197167642404,4860.509588329975,6.606197197866089,2.0536900095227546,1.4362958440530411,,-0.03105658689237062,-3.9998794517970047,4.000000017562163,-0.000619545622521641,-5.111221218092676e-07,-0.00034999343275496017,-4.1731472753421417e-07,-0.0006195456299007418,-5.719739538496264e-07,-0.0006195456299007418,-5.719739538496264e-07,1.000000005844946,T18_m75_phi0.3125_lexico1,T18_m75_phi0.3125,lexico1,18.0,75.0,0.3125,1,478.6781928539276,sol_ref_T18_m75_phi0.312.pkl,
True,Solve_Succeeded,133,3.7762406890127176,4.995269700593698,5.002795620670702,5.929373389358841,0.6306697808037377,0.3124999999999998,0.347537210044652,23.624999999999996,3.7762392852612585,3.061896581004849,4909.112895716533,6.672256738996307,2.010947700451569,1.3870306079651964,,-0.11108468231653892,-3.998369743291796,3.9999125503836543,-0.0006192307089747419,-1.1848489498583662e-23,-7.368065218260611e-05,3.3324714069320955,-0.000619427594967803,2.1830796594405883e-06,-0.000619427594967803,-1.1848489498583662e-23,0.9999881510292594,T18_m75_phi0.3125_lexico1_s2,T18_m75_phi0.3125,lexico2,18.0,75.0,0.3125,2,218.87112307548523,sol_ref_T18_m75_phi0.312.pkl,3.7388535294845955
True,Solve_Succeeded,526,3.561602337187627,4.542498106393129,360.7120031673739,5.410945663786981,0.5885631983824006,0.75,0.782697955465689,31.5,3.5616023471111378,2.7641275901787092,4630.083038343915,6.293011265163323,2.277870719450012,1.4111825253967938,,0.8543468592945348,-3.9017222231308053,3.9941638502268817,-0.0006195447994224723,-5.29434420627307e-07,-6.974073408150261e-05,-1.1249867447157867e-06,-0.0006195456721398429,-5.727655048543117e-07,-0.0006195456721398429,-1.1249867447157867e-06,0.9999999856597412,T18_m75_phi0.7500_w100,T18_m75_phi0.7500,w100,18.0,75.0,0.75,1,492.4508514404297,sol_ref_T18_m75_phi0.312.pkl,
True,Solve_Succeeded,283,3.5617517919727146,5.200662422130501,356.23627378419434,5.979204017140707,0.5895814709577063,0.75,0.7827545261643168,31.5,3.561751789243975,2.766215553173279,4630.277329564529,6.29327533749851,2.1637654026647035,1.4105077175881766,,0.8553050424099032,-3.9035197249098252,3.9961247425889854,-0.0006194647950581705,-1.0246532107297552e-20,-6.958016373070919e-05,7.102870539740094e-06,-0.0006195422701700259,-5.433456793840235e-07,-0.0006195422701700259,-5.433456793840235e-07,0.999996611041099,T18_m75_phi0.7500_lexico1,T18_m75_phi0.7500,lexico1,18.0,75.0,0.75,1,303.98084712028503,sol_ref_T18_m75_phi0.312.pkl,
True,Solve_Succeeded,101,3.597368963484956,4.732174103508655,4.738135356540668,5.931893354479623,0.5740669711043052,0.7500000000091167,0.7818926095149116,31.5000000001641,3.597368591370593,2.7745093423826663,4676.579652530443,6.356207478804544,1.9621172592384417,1.3821648392284576,,0.6086002717317646,-3.8493443699719605,3.8971587559896514,-0.0006194087221690053,-1.3250348063934672e-08,-6.98082216201712e-05,0.0006791419818060824,-0.0006195098679069311,1.6623639764761928e-07,-0.0006195098679069311,-1.3250348063934672e-08,0.9999889598636452,T18_m75_phi0.7500_lexico1_s2,T18_m75_phi0.7500,lexico2,18.0,75.0,0.75,2,218.66319799423218,sol_ref_T18_m75_phi0.312.pkl,3.5617517919727146
False,Infeasible_Problem_Detected,2048,5.987513310151232,6.100302801682137,65.99084737947791,5.50993160640109,0.6779453570812952,0.3749999999974172,0.41266363094637803,24.74999999995351,4.343436581030395,3.153939701918658,7783.7673031966015,10.579364326464969,1.5794451931257394,1.479950186887347,,-0.4999998505610454,-3.9686269995188552,4.000000013983887,-0.01563689019504295,-5.09322150498387e-07,-7.46149255013151e-05,3.17411698434386e-07,-0.0006967699383544357,-5.264691807512532e-07,-0.01563689019504295,-5.264691807512532e-07,1.0000000008837062,T18_m75_phi0.3750_current,T18_m75_phi0.3750,current,18.0,75.0,0.375,1,12014.461612701416,sol_ref_T18_m75_phi0.312.pkl,
False,Infeasible_Problem_Detected,1358,5.987506646952742,6.082173601028406,12.083233837186889,5.739462979852485,0.6759270985636912,0.3749999999885642,0.4125515054643248,24.749999999794156,4.328891658918456,3.1542977741750104,7783.758641038565,10.579352553229446,1.5434927409439518,1.4851297446074112,,-0.4999995000477914,-3.9686270312913687,4.000000001693072,-0.011313760596669092,-3.670275563265465e-07,-7.471092468369633e-05,4.882994079481586e-06,-0.000712619769245304,-4.899798043974568e-07,-0.011313760596669092,-4.899798043974568e-07,0.9999999783973097,T18_m75_phi0.3750_w1,T18_m75_phi0.3750,w1,18.0,75.0,0.375,1,14485.455543756485,sol_ref_T18_m75_phi0.312.pkl,
False,Infeasible_Problem_Detected,942,5.987494980240868,5.72242434180888,598.820026648252,5.473954995755984,0.6734385236297148,0.3749999997228745,0.41241325103563653,24.74999999501174,4.248315246361866,3.1489204528836066,7783.743474313128,10.579331939263511,1.571353573151948,1.5080520536071398,,-0.4999940119331726,-3.968627577068077,3.9999998571792807,-0.011150276363945971,1.230776255432841e-06,-7.451253955936821e-05,0.0001228880984966513,-0.0006845461853335344,-1.219146620782859e-07,-0.011150276363945971,-1.219146620782859e-07,0.9999996368621029,T18_m75_phi0.3750_lexico1,T18_m75_phi0.3750,lexico1,18.0,75.0,0.375,1,14611.047341823578,sol_ref_T18_m75_phi0.312.pkl,
False,Maximum_CpuTime_Exceeded,1007,5.986425453817972,5.380139391086805,604.0345951229035,4.082861812976056,0.6747279971739701,0.3749765189143359,0.4124614076462232,24.749577340458046,4.078495149260536,3.1050804654087503,7782.353089963364,10.577442188193496,1.7421888193015367,1.486324705478035,,-0.492904138062557,-3.969086595454397,3.9995753388997395,-0.0016891054139318278,-0.017220538397844938,0.018603119622543077,0.06765953735448553,-0.0018462064495707864,-0.03516791579256988,-0.0018462064495707864,-0.03516791579256988,1.000042502287465,T18_m75_phi0.3750_w100,T18_m75_phi0.3750,w100,18.0,75.0,0.375,1,18162.227580547333,sol_ref_T18_m75_phi0.312.pkl,
