ctrl,ref,T,m,phi,U_star,start,knot,sig_th,sig_thd,seed,control_dt,n_fail,n_solve,solve_s,reason,t,success_held,U_peak,U_peak_A,U_peak_C,E,d_min,released,caught,release_time,catch_time,catch_off,catch_hx,catch_hy,jr_max,wall_max,slip,wall_s,swing_err,first_failure,t_first_failure,succ_1,succ_1.25,succ_1.5,succ_1.75,succ_2,succ_2.25,succ_2.5,t_exc_1,t_exc_1.25,t_exc_1.5,t_exc_1.75,t_exc_2,t_exc_2.25,t_exc_2.5,task_key,method,learn_seed,group,models_file
VMPC,sol_ref_T18_m60_phi0.250.pkl,18.0,60.0,0.25,1.0308262773085413,rest,,0.0,0.0,0,0.002,43,,,grip capacity exceeded,0.739499999999591,0,2.5166394264300154,2.5166394264300154,0.0,0.19451496337427765,,0,0,,,,,,0.000764008176539023,0.0,0.0,1501.4,,grip capacity exceeded,0.7369999999995933,0,0,0,0,0,0,0,0.7299999999995954,0.7324999999995931,0.7339999999995932,0.7359999999995921,0.7369999999995933,0.737999999999591,0.7389999999995922,main_T18_m60_phi0.250_VMPC_s0_l0,VMPC,0,main,models_seed0.pt
SMPC,sol_ref_T18_m60_phi0.250.pkl,18.0,60.0,0.25,1.0308262773085413,rest,,0.01,0.1,2,0.002,8,,,slipped off A,5.423999999996994,0,0.7285662575128853,0.7285662575128853,0.0,1.4211077984282747,,0,0,,,,,,0.006083482233427473,0.0009905823789210962,0.0,1620.3,,slipped off A,5.423999999996994,0,0,0,0,0,0,0,,,,,,,,main_T18_m60_phi0.250_SMPC_s2_l0,SMPC,0,main,models_seed0.pt
VMPC,sol_ref_T18_m60_phi0.250.pkl,18.0,60.0,0.25,1.0308262773085413,rest,,0.01,0.1,1,0.002,49,,,slipped off A,2.841999999998425,0,1.0666502660696824,1.0666502660696824,0.0,1.0775839919212138,,0,0,,,,,,0.012687076564468436,0.003997275982320176,0.0,1990.8,,slipped off A,2.841999999998425,0,0,0,0,0,0,0,2.3379999999987042,,,,,,,main_T18_m60_phi0.250_VMPC_s1_l0,VMPC,0,main,models_seed0.pt
SMPC,sol_ref_T18_m60_phi0.250.pkl,18.0,60.0,0.25,1.0308262773085413,rest,,0.01,0.1,1,0.002,35,,,slipped off A,6.435999999996433,0,0.9718510533983403,0.9718510533983403,0.0,1.906844259867913,,0,0,,,,,,0.028292588601402824,0.006199451012755073,0.0,2921.0,,slipped off A,6.435999999996433,0,0,0,0,0,0,0,,,,,,,,main_T18_m60_phi0.250_SMPC_s1_l0,SMPC,0,main,models_seed0.pt
VMPC,sol_ref_T18_m60_phi0.250.pkl,18.0,60.0,0.25,1.0308262773085413,rest,,0.01,0.1,2,0.002,86,,,slipped off A,4.243999999997648,0,1.418503759956698,1.418503759956698,0.0,1.5466597699275817,,0,0,,,,,,0.05345847281965943,0.019219022673335806,0.0,3222.2,,slipped off A,4.243999999997648,0,0,0,0,0,0,0,3.30199999999817,4.105999999997724,,,,,,main_T18_m60_phi0.250_VMPC_s2_l0,VMPC,0,main,models_seed0.pt
SMPC,sol_ref_T18_m60_phi0.250.pkl,18.0,60.0,0.25,1.0308262773085413,rest,,0.01,0.1,3,0.002,30,,,hit wall,6.0794999999966315,0,1.061362650844392,1.061362650844392,0.0,1.795442692876672,,0,0,,,,,,0.17162888007665256,0.020408205295200765,0.0,2309.4,,hit wall,6.0794999999966315,0,0,0,0,0,0,0,5.853499999996757,,,,,,,main_T18_m60_phi0.250_SMPC_s3_l0,SMPC,0,main,models_seed0.pt
VMPC,sol_ref_T18_m66_phi0.250.pkl,18.0,66.0,0.25,1.14052889559245,rest,,0.0,0.0,0,0.002,43,,,hit wall,3.2969999999981745,0,1.283504630151148,1.283504630151148,0.0,1.584157625871893,,0,0,,,,,,0.03492168307150667,0.020641339069682216,0.0,1942.6,,hit wall,3.2969999999981745,0,0,0,0,0,0,0,1.1899999999993405,3.2959999999981733,,,,,,main_T18_m66_phi0.250_VMPC_s0_l0,VMPC,0,main,models_seed0.pt
SMPC,sol_ref_T18_m66_phi0.250.pkl,18.0,66.0,0.25,1.14052889559245,rest,,0.0,0.0,0,0.002,25,,,slipped off A,5.940999999996709,0,2.085058657182113,2.085058657182113,0.0,2.444478368975329,,0,0,,,,,,0.04623188710076372,0.007053768449650444,0.0,2235.0,,grip capacity exceeded,5.335999999997043,0,0,0,0,0,0,0,0.7959999999995588,5.324499999997048,5.330999999997047,5.330999999997047,5.335999999997043,,,main_T18_m66_phi0.250_SMPC_s0_l0,SMPC,0,main,models_seed0.pt
VMPC,sol_ref_T18_m60_phi0.250.pkl,18.0,60.0,0.25,1.0308262773085413,rest,,0.01,0.1,3,0.002,119,,,hit wall,7.651999999995759,0,1.193025882477211,1.193025882477211,0.0,2.6592477198975337,,0,0,,,,,,0.2009902083220949,0.020197541211184722,0.0,4964.2,,hit wall,7.651999999995759,0,0,0,0,0,0,0,4.523999999997493,,,,,,,main_T18_m60_phi0.250_VMPC_s3_l0,VMPC,0,main,models_seed0.pt
VMPC,sol_ref_T18_m66_phi0.250.pkl,18.0,66.0,0.25,1.14052889559245,rest,,0.01,0.1,2,0.002,45,,,slipped off A,2.2434999999987575,0,0.7628564473829914,0.7628564473829914,0.0,0.7482396564014195,,0,0,,,,,,0.03922030876211646,0.0006285929469220467,0.0,1781.0,,slipped off A,2.2434999999987575,0,0,0,0,0,0,0,,,,,,,,main_T18_m66_phi0.250_VMPC_s2_l0,VMPC,0,main,models_seed0.pt
SMPC,sol_ref_T18_m60_phi0.250.pkl,18.0,60.0,0.25,1.0308262773085413,rest,,0.0,0.0,0,0.002,157,,,hit wall,15.878499999992307,0,1.8300133163704084,1.8300133163704084,0.0,4.4475715579979855,,0,0,,,,,,0.07965656158093404,0.020025605174080644,0.0,8521.5,,hit wall,15.878499999992307,0,0,0,0,0,0,0,2.983999999998346,10.920499999993947,10.920499999993947,10.920499999993947,,,,main_T18_m60_phi0.250_SMPC_s0_l0,SMPC,0,main,models_seed0.pt
SMPC,sol_ref_T18_m66_phi0.250.pkl,18.0,66.0,0.25,1.14052889559245,rest,,0.01,0.1,1,0.002,36,,,hit wall,5.5939999999969,0,1.1611935482741862,1.1611935482741862,0.0,2.411796818836935,2.2793591827707695,1,0,5.563999999996916,,,,,0.031612420010160625,0.021331550882381055,0.0,2360.1,,hit wall,5.5939999999969,0,0,0,0,0,0,0,2.0559999999988605,,,,,,,main_T18_m66_phi0.250_SMPC_s1_l0,SMPC,0,main,models_seed0.pt
VMPC,sol_ref_T18_m66_phi0.250.pkl,18.0,66.0,0.25,1.14052889559245,rest,,0.01,0.1,3,0.002,4,,,slipped off A,0.7859999999995644,0,0.9793130551555267,0.9793130551555267,0.0,0.3700614643392945,,0,0,,,,,,0.0010538017535546285,0.0,0.0,395.5,,slipped off A,0.7859999999995644,0,0,0,0,0,0,0,,,,,,,,main_T18_m66_phi0.250_VMPC_s3_l0,VMPC,0,main,models_seed0.pt
VMPC,sol_ref_T18_m66_phi0.250.pkl,18.0,66.0,0.25,1.14052889559245,rest,,0.01,0.1,4,0.002,3,,,slipped off A,0.7999999999995566,0,1.2160163387007519,1.2160163387007519,0.0,0.3955949138539418,,0,0,,,,,,0.0010845463467623606,0.0,0.0,315.8,,slipped off A,0.7999999999995566,0,0,0,0,0,0,0,0.12399999999993128,,,,,,,main_T18_m66_phi0.250_VMPC_s4_l0,VMPC,0,main,models_seed0.pt
SMPC,sol_ref_T18_m60_phi0.250.pkl,18.0,60.0,0.25,1.0308262773085413,rest,,0.01,0.1,4,0.002,95,,,hit wall,14.76149999999182,0,0.9789983599913589,0.9789983599913589,0.0,3.888956333345759,,0,0,,,,,,0.030013859506083262,0.02009314602008011,0.0,6645.2,,hit wall,14.76149999999182,0,0,0,0,0,0,0,,,,,,,,main_T18_m60_phi0.250_SMPC_s4_l0,SMPC,0,main,models_seed0.pt
VMPC,sol_ref_T18_m69_phi0.250.pkl,18.0,69.0,0.25,1.2009456619683798,rest,,0.0,0.0,0,0.002,12,,,slipped off A,1.5704999999991287,0,1.0653939473215077,1.0653939473215077,0.0,0.6398100000985453,,0,0,,,,,,0.004994028428864594,0.0006759182090585649,0.0,695.4,,slipped off A,1.5704999999991287,0,0,0,0,0,0,0,1.1139999999993826,,,,,,,main_T18_m69_phi0.250_VMPC_s0_l0,VMPC,0,main,models_seed0.pt
SMPC,sol_ref_T18_m66_phi0.250.pkl,18.0,66.0,0.25,1.14052889559245,rest,,0.01,0.1,3,0.002,13,,,hit wall,5.4334999999969895,0,1.0200176132990488,1.0200176132990488,0.0,2.1728169020391266,2.2679317031287507,1,0,5.417999999996997,,,,,0.006774729299975545,0.020425422980082243,0.0,1788.5,,hit wall,5.4334999999969895,0,0,0,0,0,0,0,5.415999999996998,,,,,,,main_T18_m66_phi0.250_SMPC_s3_l0,SMPC,0,main,models_seed0.pt
SMPC,sol_ref_T18_m66_phi0.250.pkl,18.0,66.0,0.25,1.14052889559245,rest,,0.01,0.1,2,0.002,27,,,hit wall,6.785999999996239,0,1.1354766419604214,1.1354766419604214,0.0,3.030269309357172,2.3782868836725823,1,0,6.7599999999962535,,,,,0.03341464351919493,0.020928972757469938,0.0,2505.0,,hit wall,6.785999999996239,0,0,0,0,0,0,0,0.6379999999996464,,,,,,,main_T18_m66_phi0.250_SMPC_s2_l0,SMPC,0,main,models_seed0.pt
SMPC,sol_ref_T18_m66_phi0.250.pkl,18.0,66.0,0.25,1.14052889559245,rest,,0.01,0.1,4,0.002,28,,,hit wall,6.120999999996609,0,1.0427212059313566,1.0427212059313566,0.0,2.5399288806012357,2.3231524826446504,1,0,6.105999999996616,,,,,0.007569698552862825,0.020497524314337368,0.0,2034.8,,hit wall,6.120999999996609,0,0,0,0,0,0,0,4.893999999997288,,,,,,,main_T18_m66_phi0.250_SMPC_s4_l0,SMPC,0,main,models_seed0.pt
SMPC,sol_ref_T18_m69_phi0.250.pkl,18.0,69.0,0.25,1.2009456619683798,rest,,0.01,0.1,1,0.002,17,,,slipped off A,3.8859999999978463,0,1.1448480101635978,1.1448480101635978,0.0,1.6797040125581921,,0,0,,,,,,0.003961945730869387,0.0007028698302016367,0.0,1523.8,,slipped off A,3.8859999999978463,0,0,0,0,0,0,0,0.4959999999997251,,,,,,,main_T18_m69_phi0.250_SMPC_s1_l0,SMPC,0,main,models_seed0.pt
VMPC,sol_ref_T18_m69_phi0.250.pkl,18.0,69.0,0.25,1.2009456619683798,rest,,0.01,0.1,1,0.002,59,,,slipped off A,5.779999999996797,0,1.2191563327097117,1.2191563327097117,0.0,2.5028540451110297,,0,0,,,,,,0.032771349522052406,0.0015811414781824185,0.0,2919.6,,slipped off A,5.779999999996797,0,0,0,0,0,0,0,1.0419999999994225,,,,,,,main_T18_m69_phi0.250_VMPC_s1_l0,VMPC,0,main,models_seed0.pt
SMPC,sol_ref_T18_m69_phi0.250.pkl,18.0,69.0,0.25,1.2009456619683798,rest,,0.0,0.0,0,0.002,40,,,hit wall,11.864499999993424,0,1.0113029082242408,1.0113029082242408,0.0,6.044856703857856,,0,0,,,,,,0.027650429251137365,0.020083461909072467,0.0,3889.5,,hit wall,11.864499999993424,0,0,0,0,0,0,0,5.245499999997094,,,,,,,main_T18_m69_phi0.250_SMPC_s0_l0,SMPC,0,main,models_seed0.pt
SMPC,sol_ref_T18_m69_phi0.250.pkl,18.0,69.0,0.25,1.2009456619683798,rest,,0.01,0.1,2,0.002,24,,,slipped off A,5.023999999997216,0,1.224138178658852,1.224138178658852,0.0,1.9744747395150162,,0,0,,,,,,0.010856693670358398,0.015005062744423925,0.0,2047.5,,slipped off A,5.023999999997216,0,0,0,0,0,0,0,4.621999999997438,,,,,,,main_T18_m69_phi0.250_SMPC_s2_l0,SMPC,0,main,models_seed0.pt
VMPC,sol_ref_T18_m60_phi0.250.pkl,18.0,60.0,0.25,1.0308262773085413,rest,,0.01,0.1,4,0.002,422,,,no release,18.0019999999949,0,1.6441688052611358,1.6441688052611358,0.0,8.012477529954973,,0,0,,,,,,0.17397614406097028,0.01666552991649144,0.0,13398.2,,no release,18.0019999999949,0,0,0,0,0,0,0,2.804499999998445,2.809499999998444,2.8719999999984083,,,,,main_T18_m60_phi0.250_VMPC_s4_l0,VMPC,0,main,models_seed0.pt
SMPC,sol_ref_T18_m69_phi0.250.pkl,18.0,69.0,0.25,1.2009456619683798,rest,,0.01,0.1,3,0.002,41,,,hit wall,5.426999999996994,0,1.3128600298036752,1.3128600298036752,0.0,2.525985938764671,,0,0,,,,,,0.06757788385166097,0.02061450344636101,0.0,2180.1,,hit wall,5.426999999996994,0,0,0,0,0,0,0,3.0319999999983196,5.1359999999971535,,,,,,main_T18_m69_phi0.250_SMPC_s3_l0,SMPC,0,main,models_seed0.pt
VMPC,sol_ref_T18_m69_phi0.250.pkl,18.0,69.0,0.25,1.2009456619683798,rest,,0.01,0.1,3,0.002,89,,,slipped off A,5.635999999996876,0,0.9810894383126797,0.9810894383126797,0.0,1.9964171091682872,,0,0,,,,,,0.010985607215238335,0.002121165569934951,0.0,3143.3,,slipped off A,5.635999999996876,0,0,0,0,0,0,0,,,,,,,,main_T18_m69_phi0.250_VMPC_s3_l0,VMPC,0,main,models_seed0.pt
VMPC,sol_ref_T18_m66_phi0.250.pkl,18.0,66.0,0.25,1.14052889559245,rest,,0.01,0.1,1,0.002,373,,,no release,18.0019999999949,0,0.9280092448409089,0.9280092448409089,0.0,7.253056736969292,,0,0,,,,,,0.09008554255871859,0.0009419350557759044,0.0,11519.9,,no release,18.0019999999949,0,0,0,0,0,0,0,,,,,,,,main_T18_m66_phi0.250_VMPC_s1_l0,VMPC,0,main,models_seed0.pt
SMPC,sol_ref_T18_m72_phi0.250.pkl,18.0,72.0,0.25,1.259980291466513,rest,,0.0,0.0,0,0.002,19,,,slipped off A,4.438499999997539,0,1.1781974415773293,1.1781974415773293,0.0,1.8126226733663162,,0,0,,,,,,0.0039736057966505145,0.0012911776770462915,0.0,1287.5,,slipped off A,4.438499999997539,0,0,0,0,0,0,0,3.8999999999978385,,,,,,,main_T18_m72_phi0.250_SMPC_s0_l0,SMPC,0,main,models_seed0.pt
VMPC,sol_ref_T18_m72_phi0.250.pkl,18.0,72.0,0.25,1.259980291466513,rest,,0.0,0.0,0,0.002,58,,,slipped off A,3.4159999999981068,0,1.0955357174681153,1.0955357174681153,0.0,1.1266857650115298,,0,0,,,,,,0.30753588415212063,0.0010550997297751694,0.0,1354.7,,slipped off A,3.4159999999981068,0,0,0,0,0,0,0,3.3299999999981544,,,,,,,main_T18_m72_phi0.250_VMPC_s0_l0,VMPC,0,main,models_seed0.pt
SMPC,sol_ref_T18_m69_phi0.250.pkl,18.0,69.0,0.25,1.2009456619683798,rest,,0.01,0.1,4,0.002,34,,,slipped off A,9.533999999994716,0,1.1449626675040347,1.1449626675040347,0.0,5.23678487648977,,0,0,,,,,,0.03661467509621996,0.003238769821712735,0.0,2882.3,,slipped off A,9.533999999994716,0,0,0,0,0,0,0,0.12799999999992906,,,,,,,main_T18_m69_phi0.250_SMPC_s4_l0,SMPC,0,main,models_seed0.pt
VMPC,sol_ref_T18_m72_phi0.250.pkl,18.0,72.0,0.25,1.259980291466513,rest,,0.01,0.1,1,0.002,47,,,slipped off A,6.09799999999662,0,1.142482150037805,1.142482150037805,0.0,2.691730409182078,,0,0,,,,,,0.030561592378865243,0.0009143833318432243,0.0,1773.0,,slipped off A,6.09799999999662,0,0,0,0,0,0,0,2.386999999998679,,,,,,,main_T18_m72_phi0.250_VMPC_s1_l0,VMPC,0,main,models_seed0.pt
VMPC,sol_ref_T18_m72_phi0.250.pkl,18.0,72.0,0.25,1.259980291466513,rest,,0.01,0.1,2,0.002,48,,,slipped off A,4.498999999997508,0,1.3408803207825677,1.3408803207825677,0.0,1.7713993246785633,,0,0,,,,,,0.027239839060860138,0.0022860625801141825,0.0,1625.6,,slipped off A,4.498999999997508,0,0,0,0,0,0,0,3.5179999999980502,4.118999999997719,,,,,,main_T18_m72_phi0.250_VMPC_s2_l0,VMPC,0,main,models_seed0.pt
SMPC,sol_ref_T18_m72_phi0.250.pkl,18.0,72.0,0.25,1.259980291466513,rest,,0.01,0.1,2,0.002,34,,,hit wall,5.589999999996902,0,1.2980688129363631,1.2980688129363631,0.0,2.4989934952953776,2.2892507477523902,1,0,5.573999999996911,,,,,0.005054029975169794,0.02099475209263302,0.0,1640.0,,hit wall,5.589999999996902,0,0,0,0,0,0,0,4.27599999999763,4.429499999997546,,,,,,main_T18_m72_phi0.250_SMPC_s2_l0,SMPC,0,main,models_seed0.pt
SMPC,sol_ref_T18_m72_phi0.250.pkl,18.0,72.0,0.25,1.259980291466513,rest,,0.01,0.1,1,0.002,36,,,slipped off A,13.213999999992676,0,1.0856576884991784,1.0856576884991784,0.0,7.211293112164027,,0,0,,,,,,0.022853548980617644,0.014321866669927089,0.0,2320.6,,slipped off A,13.213999999992676,0,0,0,0,0,0,0,4.699999999997395,,,,,,,main_T18_m72_phi0.250_SMPC_s1_l0,SMPC,0,main,models_seed0.pt
VMPC,sol_ref_T18_m72_phi0.250.pkl,18.0,72.0,0.25,1.259980291466513,rest,,0.01,0.1,3,0.002,57,,,slipped off A,6.014999999996668,0,1.2615628966734216,1.2615628966734216,0.0,2.51630840107999,,0,0,,,,,,0.015324591532484055,0.00204915847982513,0.0,1550.5,,slipped off A,6.014999999996668,0,0,0,0,0,0,0,3.2919999999981755,3.3119999999981644,,,,,,main_T18_m72_phi0.250_VMPC_s3_l0,VMPC,0,main,models_seed0.pt
VMPC,sol_ref_T18_m69_phi0.250.pkl,18.0,69.0,0.25,1.2009456619683798,rest,,0.01,0.1,4,0.002,117,,,no release,18.001999999994865,0,2.095546387551348,2.095546387551348,0.0,10.400255609932893,,0,0,,,,,,0.0735007863028363,0.007232509204694482,0.0,6310.8,,grip capacity exceeded,17.225999999993917,0,0,0,0,0,0,0,0.5979999999996686,17.225999999993917,17.225999999993917,17.225999999993917,17.225999999993917,,,main_T18_m69_phi0.250_VMPC_s4_l0,VMPC,0,main,models_seed0.pt
SMPC,sol_ref_T18_m72_phi0.250.pkl,18.0,72.0,0.25,1.259980291466513,rest,,0.01,0.1,3,0.002,19,,,slipped off A,6.81999999999622,0,1.0643331254246848,1.0643331254246848,0.0,2.913814958230721,,0,0,,,,,,0.1361354863628717,0.0015146820838261507,0.0,1579.9,,slipped off A,6.81999999999622,0,0,0,0,0,0,0,5.085999999997181,,,,,,,main_T18_m72_phi0.250_SMPC_s3_l0,SMPC,0,main,models_seed0.pt
VMPC,sol_ref_T18_m72_phi0.250.pkl,18.0,72.0,0.25,1.259980291466513,rest,,0.01,0.1,4,0.002,35,,,hit wall,2.3379999999987042,0,1.6793598346348078,1.6793598346348078,0.0,0.8690168900429841,,0,0,,,,,,0.11479704155943016,0.020403793121484253,0.0,1173.1,,hit wall,2.3379999999987042,0,0,0,0,0,0,0,2.265999999998744,2.283999999998734,2.3314999999987087,,,,,main_T18_m72_phi0.250_VMPC_s4_l0,VMPC,0,main,models_seed0.pt
VMPC,sol_ref_T18_m69_phi0.250.pkl,18.0,69.0,0.25,1.2009456619683798,rest,,0.01,0.1,2,0.002,426,,,no release,18.001999999994865,0,1.1199050682685874,1.1199050682685874,0.0,8.840756577038752,,0,0,,,,,,0.12647514656233033,0.010762837717861785,0.0,10079.0,,no release,18.001999999994865,0,0,0,0,0,0,0,3.4539999999980857,,,,,,,main_T18_m69_phi0.250_VMPC_s2_l0,VMPC,0,main,models_seed0.pt
SMPC,sol_ref_T18_m72_phi0.250.pkl,18.0,72.0,0.25,1.259980291466513,rest,,0.01,0.1,4,0.002,45,,,hit wall,16.12399999999281,0,1.81890108516811,1.81890108516811,0.0,9.417119292752151,,0,0,,,,,,0.01587528691562176,0.0200482350217662,0.0,3515.8,,hit wall,16.12399999999281,0,0,0,0,0,0,0,4.375999999997575,15.891999999992528,16.05599999999273,16.064999999992736,,,,main_T18_m72_phi0.250_SMPC_s4_l0,SMPC,0,main,models_seed0.pt
