task_key,k,ok,status,t_in,dir,eps,status_p,status_m,J0,Jp,Jm,d_s0,d_sp,d_sm,D_fd,D_dual,D_dual_avg,abs_err,rel_err,sign_ok,D_fwd,D_bwd,curvature,active_set_changed,dd_s
fdt_k008_theta1_0.001,8,0,base failed,,,,,,,,,,,,,,,,,,,,,,
fdt_k008_theta1_0.003,8,0,base failed,,,,,,,,,,,,,,,,,,,,,,
fdt_k008_theta1_0.01,8,0,base failed,,,,,,,,,,,,,,,,,,,,,,
fdt_k008_thetad1_0.001,8,0,base failed,,,,,,,,,,,,,,,,,,,,,,
fdt_k008_thetad1_0.003,8,0,base failed,,,,,,,,,,,,,,,,,,,,,,
fdt_k008_thetad1_0.01,8,0,base failed,,,,,,,,,,,,,,,,,,,,,,
fdt_k008_random_0.001,8,0,base failed,,,,,,,,,,,,,,,,,,,,,,
fdt_k008_random_0.003,8,0,base failed,,,,,,,,,,,,,,,,,,,,,,
fdt_k008_random_0.01,8,0,base failed,,,,,,,,,,,,,,,,,,,,,,
fdt_k019_theta1_0.001,19,0,base failed,,,,,,,,,,,,,,,,,,,,,,
fdt_k019_theta1_0.003,19,0,base failed,,,,,,,,,,,,,,,,,,,,,,
fdt_k019_theta1_0.01,19,0,base failed,,,,,,,,,,,,,,,,,,,,,,
fdt_k019_thetad1_0.001,19,0,base failed,,,,,,,,,,,,,,,,,,,,,,
fdt_k019_thetad1_0.003,19,0,base failed,,,,,,,,,,,,,,,,,,,,,,
fdt_k019_thetad1_0.01,19,0,base failed,,,,,,,,,,,,,,,,,,,,,,
fdt_k019_random_0.001,19,0,base failed,,,,,,,,,,,,,,,,,,,,,,
fdt_k019_random_0.003,19,0,base failed,,,,,,,,,,,,,,,,,,,,,,
fdt_k019_random_0.01,19,0,base failed,,,,,,,,,,,,,,,,,,,,,,
fdt_k031_theta1_0.001,31,0,base failed,,,,,,,,,,,,,,,,,,,,,,
fdt_k031_theta1_0.003,31,0,base failed,,,,,,,,,,,,,,,,,,,,,,
fdt_k031_theta1_0.01,31,0,base failed,,,,,,,,,,,,,,,,,,,,,,
fdt_k031_thetad1_0.001,31,0,base failed,,,,,,,,,,,,,,,,,,,,,,
fdt_k031_thetad1_0.003,31,0,base failed,,,,,,,,,,,,,,,,,,,,,,
fdt_k031_thetad1_0.01,31,0,base failed,,,,,,,,,,,,,,,,,,,,,,
fdt_k031_random_0.001,31,0,base failed,,,,,,,,,,,,,,,,,,,,,,
fdt_k031_random_0.003,31,0,base failed,,,,,,,,,,,,,,,,,,,,,,
fdt_k031_random_0.01,31,0,base failed,,,,,,,,,,,,,,,,,,,,,,
fdt_k042_theta1_0.001,42,0,base failed,,,,,,,,,,,,,,,,,,,,,,
fdt_k042_theta1_0.003,42,0,base failed,,,,,,,,,,,,,,,,,,,,,,
fdt_k042_theta1_0.01,42,0,base failed,,,,,,,,,,,,,,,,,,,,,,
fdt_k042_thetad1_0.001,42,0,base failed,,,,,,,,,,,,,,,,,,,,,,
fdt_k042_thetad1_0.003,42,0,base failed,,,,,,,,,,,,,,,,,,,,,,
fdt_k042_thetad1_0.01,42,0,base failed,,,,,,,,,,,,,,,,,,,,,,
fdt_k042_random_0.001,42,0,base failed,,,,,,,,,,,,,,,,,,,,,,
fdt_k042_random_0.003,42,0,base failed,,,,,,,,,,,,,,,,,,,,,,
fdt_k042_random_0.01,42,0,base failed,,,,,,,,,,,,,,,,,,,,,,
fdt_k065_theta1_0.001,65,1,,2.494068406893014,theta1,0.001,Solve_Succeeded,Solve_Succeeded,14.02501971876266,14.03031107272886,14.024206409035193,3.174539149167235,3.120641230076842,3.172593182886377,3.0523318468338445,0.0330398568503456,0.0313294246674535,3.0192919899834987,0.9891755357843488,1.0,5.291353966201839,0.8133097274658496,4478.04423873599,0.0,0.0519519528095351
fdt_k054_theta1_0.001,54,0,,2.071995291880352,theta1,0.001,Solve_Succeeded,Maximum_Iterations_Exceeded,14.107902815142202,14.1051277115981,14.103681742254889,3.5413422932013967,3.5424379354158333,3.537228389128225,,,,,,,,,,,
fdt_k054_thetad1_0.001,54,0,,2.071995291880352,thetad1,0.001,Maximum_Iterations_Exceeded,Solved_To_Acceptable_Level,14.107902815142202,14.10344520761491,14.102173980723563,3.5413422932013967,3.5389516304913604,3.540824198666843,,,,,,,,,,,
fdt_k054_random_0.01,54,1,,2.071995291880352,random,0.01,Solve_Succeeded,Solved_To_Acceptable_Level,14.107902815142202,14.104761452809637,14.10313646685687,3.5413422932013967,3.541321785973073,3.541629180411584,0.0812492976382195,0.0336792077827448,0.0340027339970086,0.0475700898554746,0.5854830901713267,1.0,-0.3141362332566899,0.476634828533129,-79.0771061789819,0.0,0.0003073944385101
fdt_k054_thetad1_0.003,54,1,,2.071995291880352,thetad1,0.003,Solve_Succeeded,Solved_To_Acceptable_Level,14.107902815142202,14.10220181773238,14.101948385731184,3.5413422932013967,3.5404633848728304,3.54014861450081,0.0422386668657755,0.0081355704457662,0.0082666625186737,0.0341030964200092,0.8073904540685625,1.0,-1.900332469941072,1.9848098036726232,-1295.0474245378985,0.0,0.0003147703720203
fdt_k054_thetad1_0.01,54,0,,2.071995291880352,thetad1,0.01,Maximum_Iterations_Exceeded,Solved_To_Acceptable_Level,14.107902815142202,14.109459281336663,14.098929938357344,3.5413422932013967,3.5380729794409085,3.540203735840893,,,,,,,,,,,
fdt_k054_theta1_0.003,54,1,,2.071995291880352,theta1,0.003,Solve_Succeeded,Solve_Succeeded,14.107902815142202,14.107634431635129,14.102043690101684,3.5413422932013967,3.538606502798255,3.5404783068747867,0.9317902555743274,0.0442721187889203,0.0446167746897464,0.887518136785407,0.9524870339391645,1.0,-0.0894611690244554,1.95304168017311,-680.8342830658552,1.0,0.0018718040765315
fdt_k054_theta1_0.01,54,0,,2.071995291880352,theta1,0.01,Maximum_Iterations_Exceeded,Solved_To_Acceptable_Level,14.107902815142202,14.102596154899157,14.101510504738632,3.5413422932013967,3.5408086323436514,3.539158439241621,,,,,,,,,,,
fdt_k065_theta1_0.003,65,1,,2.494068406893014,theta1,0.003,Solve_Succeeded,Solve_Succeeded,14.02501971876266,14.02790302845772,14.025290681441753,3.174539149167235,3.1714832919668714,3.173897948952649,0.4353911693281513,0.0330398568503456,0.0331374456070524,0.4023513124778056,0.9241145453148965,1.0,0.961103231687114,-0.0903208930308115,350.47470823930854,0.0,0.0024146569857776
fdt_k054_random_0.001,54,0,,2.071995291880352,random,0.001,Maximum_Iterations_Exceeded,Maximum_Iterations_Exceeded,14.107902815142202,14.10452118871163,14.103439532942968,3.5413422932013967,3.538991367746979,3.537901676318916,,,,,,,,,,,
fdt_k054_random_0.003,54,0,,2.071995291880352,random,0.003,Maximum_Iterations_Exceeded,Maximum_Iterations_Exceeded,14.107902815142202,14.113664517955684,14.107907095180186,3.5413422932013967,3.5376858356268976,3.5375343690383767,,,,,,,,,,,
fdt_k065_thetad1_0.003,65,1,,2.494068406893014,thetad1,0.003,Solve_Succeeded,Solved_To_Acceptable_Level,14.02501971876266,14.02947914029452,14.028922167030093,3.174539149167235,3.1696602991598763,3.172530957941122,0.0928288774047677,-0.0476324720557308,-0.0488156886207362,0.1404613494604985,1.5131212763463242,0.0,1.4864738439541725,-1.300816089144637,929.09664436627,1.0,0.0028706587812457
fdt_k077_theta1_0.003,77,1,,2.95451180508865,theta1,0.003,Solve_Succeeded,Solve_Succeeded,13.872050105874443,13.86644070251737,13.86813627803282,2.737536331417249,2.736222954919369,2.736065425928244,-0.2825959192416978,-0.020169443176399,-0.0213367203604447,0.2624264760652988,0.9286279744218509,1.0,-1.869801119025164,1.3046092805417686,-1058.1367998556443,0.0,0.0001575289911253
fdt_k077_theta1_0.001,77,1,,2.95451180508865,theta1,0.001,Solve_Succeeded,Solve_Succeeded,13.872050105874443,13.872659383914405,13.866518161512865,2.737536331417249,2.7364176084241336,2.7365536279549736,3.0706112007692354,-0.020169443176399,-0.0201233295746489,3.0907806439456347,1.0065685434780367,0.0,0.6092780399580278,5.531944361580443,-4922.666321622415,0.0,0.0001360195308399
fdt_k077_theta1_0.01,77,1,,2.95451180508865,theta1,0.01,Solve_Succeeded,Solve_Succeeded,13.872050105874443,13.865604121125012,13.866757940456512,2.737536331417249,2.734827960819079,2.7372982237141845,-0.0576909665750413,-0.020169443176399,-0.0244762957110098,0.0375215233986423,0.650388191188239,1.0,-0.6445984749433364,0.5292165417932537,-117.38150167365902,0.0,0.0024702628951054
fdt_k065_thetad1_0.001,65,1,,2.494068406893014,thetad1,0.001,Solve_Succeeded,Solved_To_Acceptable_Level,14.02501971876266,14.023719329998006,14.029989636088954,3.174539149167235,3.1707350003520447,3.170079017824813,-3.135153045474404,-0.0476324720557308,-0.0484462048408086,3.0875205734186726,0.9848069707077016,1.0,-1.3003887646529932,-4.969917326295814,3669.528561642821,0.0,0.0006559825272316
fdt_k065_thetad1_0.01,65,1,,2.494068406893014,thetad1,0.01,Solve_Succeeded,Solve_Succeeded,14.02501971876266,14.027725822382656,14.025496765873111,3.174539149167235,3.169372334835193,3.1757655209949864,0.1114528254771762,-0.0476324720557308,-0.0484106603572436,0.1590852975329071,1.4273778780555475,0.0,0.2706103619996014,-0.0477047110452488,31.83150730448503,1.0,0.0063931861597934
fdt_k065_random_0.003,65,1,,2.494068406893014,random,0.003,Solved_To_Acceptable_Level,Solve_Succeeded,14.02501971876266,14.02148191272893,14.025144509517323,3.174539149167235,3.171244773362476,3.174909836039407,-0.6104327980655336,-0.0415201774723268,-0.041886684264537,0.5689126205932068,0.9319823941244564,1.0,-1.1792686779094437,-0.0415969182216239,-379.2239198959398,0.0,0.0036650626769314
fdt_k065_random_0.001,65,1,,2.494068406893014,random,0.001,Solve_Succeeded,Solve_Succeeded,14.02501971876266,14.025657145024836,14.02658676505512,3.174539149167235,3.171271034354377,3.172920870269115,-0.4648100151412038,-0.0415201774723268,-0.0419959518239789,0.4232898376688769,0.9106727993808104,1.0,0.6374262621786642,-1.5670462924610715,2204.472554639736,0.0,0.0016498359147374
fdt_k065_theta1_0.01,65,0,,2.494068406893014,theta1,0.01,Solved_To_Acceptable_Level,Maximum_Iterations_Exceeded,14.02501971876266,14.03151131015117,14.031398308653142,3.174539149167235,3.1710569585315924,3.169246758961125,,,,,,,,,,,
fdt_k089_theta1_0.001,89,1,,3.4149552032842827,theta1,0.001,Solve_Succeeded,Solved_To_Acceptable_Level,13.756159640685484,13.7520031065449,13.753768439867413,2.300485398963057,2.2999338247492127,2.2996584917360825,-0.8826666612566925,-0.0433432701650432,-0.0435824627927564,0.8393233910916492,0.9508950863700534,1.0,-4.156534140584256,2.391200818070871,-6547.734958655127,1.0,0.0002753330131302
fdt_k065_random_0.01,65,1,,2.494068406893014,random,0.01,Solved_To_Acceptable_Level,Solved_To_Acceptable_Level,14.02501971876266,14.027541331964755,14.025863291904322,3.174539149167235,3.17031782307214,3.1724032129687822,0.083902003021663,-0.0415201774723268,-0.0429240232384753,0.1254221804939898,1.4948651519273803,0.0,0.2521613202096873,-0.0843573141663611,33.651863437604845,0.0,0.0020853898966421
fdt_k077_thetad1_0.001,77,1,,2.95451180508865,thetad1,0.001,Solve_Succeeded,Solve_Succeeded,13.872050105874443,13.86644366736097,13.863822938359757,2.737536331417249,2.736475515489294,2.736296656677011,1.3103645006076192,-0.0535662747612827,-0.0537100671532164,1.363930775368902,1.0408789117352035,0.0,-5.606438513474643,8.227167514689882,-13833.606028164526,0.0,0.000178858812283
fdt_k077_random_0.003,77,1,,2.95451180508865,random,0.003,Solve_Succeeded,Solved_To_Acceptable_Level,13.872050105874443,13.867901802188202,13.86784189464225,2.737536331417249,2.735638212957792,2.7351752728568464,0.0099845909919219,-0.0553921341096487,-0.0558013738193784,0.0653767251015707,1.180252867169867,0.0,-1.3827678954143607,1.4027370773982046,-928.5016576041884,0.0,0.0004629401009457
fdt_k077_random_0.01,77,1,,2.95451180508865,random,0.01,Solve_Succeeded,Solve_Succeeded,13.872050105874443,13.87351112206549,13.87183886648706,2.737536331417249,2.7345307825202765,2.735916335411443,0.0836127789215268,-0.0553921341096487,-0.055595599011606,0.1390049130311756,1.6624840703074344,0.0,0.1461016191045772,0.0211239387384765,12.497768036610069,0.0,0.0013855528911665
fdt_k077_thetad1_0.003,77,1,,2.95451180508865,thetad1,0.003,Solve_Succeeded,Solve_Succeeded,13.872050105874443,13.867944327173102,13.86523461998064,2.737536331417249,2.735055109538069,2.7354726408212,0.4516178654103697,-0.0535662747612827,-0.0535588760745732,0.5051841401716525,1.1186097337239058,0.0,-1.3685929004475146,2.2718286312682543,-1213.4738439052562,0.0,0.0004175312831309
fdt_k077_random_0.001,77,1,,2.95451180508865,random,0.001,Solve_Succeeded,Solve_Succeeded,13.872050105874443,13.866441859674904,13.871083960611909,2.737536331417249,2.736424931516221,2.734598087752062,-2.3210504685025057,-0.0553921341096487,-0.0554398076606466,2.265658334392857,0.976134885965928,1.0,-5.608246199541256,0.9661452625362444,-6574.3914620775,0.0,0.0018268437641584
fdt_k089_theta1_0.003,89,1,,3.4149552032842827,theta1,0.003,Solve_Succeeded,Solve_Succeeded,13.756159640685484,13.74775914671079,13.754538682991852,2.300485398963057,2.299454379545168,2.297786774056653,-1.1299227135106449,-0.0433432701650432,-0.0435983384655608,1.0865794433456015,0.961640500145026,1.0,-2.800164658231333,0.5403192312100439,-1113.4946298137925,1.0,0.0016676054885147
fdt_k089_theta1_0.01,89,1,,3.4149552032842827,theta1,0.01,Solve_Succeeded,Solved_To_Acceptable_Level,13.756159640685484,13.75772700472514,13.756804846360378,2.300485398963057,2.2989226944910586,2.297818654744424,0.0461079182380252,-0.0433432701650432,-0.0435044472484408,0.0894511884030685,1.9400396248924112,0.0,0.1567364039654961,-0.0645205674894455,22.12569714549417,1.0,0.0011040397466346
fdt_k077_thetad1_0.01,77,1,,2.95451180508865,thetad1,0.01,Solve_Succeeded,Solve_Succeeded,13.872050105874443,13.86319596195377,13.865611705548188,2.737536331417249,2.7356634439135328,2.735526812355396,-0.1207871797209492,-0.0535662747612827,-0.053585909190419,0.0672209049596664,0.5565235078339009,1.0,-0.8854143920675739,0.6438400326256755,-152.9254424693249,1.0,0.0001366315581368
fdt_k089_thetad1_0.001,89,1,,3.4149552032842827,thetad1,0.001,Solved_To_Acceptable_Level,Solved_To_Acceptable_Level,13.756159640685484,13.75504579176626,13.754505160902582,2.300485398963057,2.2989163520180638,2.2973956194024487,0.2703154318393075,0.0041534679276509,0.0045166540959038,0.2661619639116566,0.9846347361695575,1.0,-1.1138489192230594,1.6544797829016744,-2768.328702124734,0.0,0.0015207326156145
fdt_k089_thetad1_0.01,89,1,,3.4149552032842827,thetad1,0.01,Solved_To_Acceptable_Level,Solve_Succeeded,13.756159640685484,13.758173364454732,13.750762306223434,2.300485398963057,2.300182601621451,2.29793329715831,0.3705529115649142,0.0041534679276509,0.0043451441578871,0.3663994436372633,0.9887911609974672,1.0,0.2013723769248798,0.5397334462049486,-33.83610692800687,1.0,0.0022493044631408
fdt_k100_theta1_0.01,100,1,,3.837028318296945,theta1,0.01,Solve_Succeeded,Solve_Succeeded,13.657442436499664,13.65551705803816,13.65877627107684,1.890486388689821,1.8908699791409735,1.888853890720382,-0.1629606519339965,-0.0072437289969955,-0.0071417953946249,0.155716922937001,0.955549214420611,1.0,-0.1925378461503868,-0.1333834577176063,-5.915438843278054,1.0,0.0020160884205917
fdt_k089_thetad1_0.003,89,1,,3.4149552032842827,thetad1,0.003,Solve_Succeeded,Solve_Succeeded,13.756159640685484,13.75179338016468,13.752119244253173,2.300485398963057,2.2993136139274037,2.299004739062394,-0.0543106814152594,0.0041534679276509,0.0038788406917108,0.0584641493429103,1.0764760783591265,0.0,-1.4554201736007857,1.3467988107702666,-934.0729947903508,0.0,0.0003088748650093
fdt_k100_theta1_0.001,100,1,,3.837028318296945,theta1,0.001,Solve_Succeeded,Solve_Succeeded,13.657442436499664,13.655170638912791,13.658830372603395,1.890486388689821,1.8893985970174367,1.889779046337373,-1.829866845302952,-0.0072437289969955,-0.0066649376881533,1.8226231163059563,0.9960413901068323,1.0,-2.271797586871571,-1.387936103734333,-883.8614831372382,1.0,0.0003804493199357
fdt_k100_thetad1_0.001,100,1,,3.837028318296945,thetad1,0.001,Solve_Succeeded,Solve_Succeeded,13.657442436499664,13.65522497266406,13.655538381588752,1.890486388689821,1.8893742331968768,1.8890529208437783,-0.1567044623467239,0.0472521289107773,0.0476053934808997,0.2039565912575013,1.3015365880661864,0.0,-2.2174638356027288,1.9040549109092808,-4121.51874651201,0.0,0.000321312353098
fdt_k100_theta1_0.003,100,1,,3.837028318296945,theta1,0.003,Solve_Succeeded,Solve_Succeeded,13.657442436499664,13.656043696701,13.664387476331962,1.890486388689821,1.8889871071641195,1.8883224767807687,-1.3906299384934446,-0.0072437289969955,-0.0062571320123713,1.383386209496449,0.9947910448376776,1.0,-0.4662465995538175,-2.315013277433072,616.2555592930848,1.0,0.0006646303833501
fdt_k089_random_0.003,89,1,,3.4149552032842827,random,0.003,Solve_Succeeded,Solve_Succeeded,13.756159640685484,13.76135744204146,13.75117761856472,2.300485398963057,2.2991115828295894,2.298916779615685,1.6966372461233448,-0.015156932379892,-0.0152697520037182,1.711794178503237,1.0089335138754758,0.0,1.7326004519920464,1.6606740402546432,23.975470579134456,1.0,0.0001948032139043
fdt_k089_random_0.001,89,1,,3.4149552032842827,random,0.001,Solve_Succeeded,Solve_Succeeded,13.756159640685484,13.747874988552129,13.755454591996475,2.300485398963057,2.299579242193208,2.29662888122497,-3.789801722175135,-0.015156932379892,-0.0127226621482455,3.7746447897952415,0.9960006001656484,1.0,-8.284652133356829,0.7050486890065599,-8989.70082236339,1.0,0.0029503609682377
fdt_k100_thetad1_0.003,100,1,,3.837028318296945,thetad1,0.003,Solved_To_Acceptable_Level,Solved_To_Acceptable_Level,13.657442436499664,13.65474257740544,13.661303783544271,1.890486388689821,1.890051704495268,1.8884845016283127,-1.0935343564716742,0.0472521289107773,0.0482847491683161,1.1407864853824514,1.04321046579939,0.0,-0.899953031407108,-1.28711568153624,129.05421670971072,1.0,0.0015672028669548
fdt_k089_random_0.01,89,1,,3.4149552032842827,random,0.01,Solve_Succeeded,Solve_Succeeded,13.756159640685484,13.748586032644813,13.750633800420813,2.300485398963057,2.300120329407954,2.297690492479315,-0.1023883887999232,-0.015156932379892,-0.0153152640556473,0.0872314564200312,0.8519662965933553,1.0,-0.7573608040670976,0.552584026467251,-130.99448305343486,1.0,0.002429836928639
fdt_k100_random_0.001,100,1,,3.837028318296945,random,0.001,Solve_Succeeded,Solve_Succeeded,13.657442436499664,13.658601951489326,13.660511305403114,1.890486388689821,1.8890547452579685,1.8890426073931688,-0.9546769568942182,0.021971405744537,0.0224504577021461,0.9766483626387552,1.0230144925839784,0.0,1.1595149896628243,-3.0688689034512606,4228.383893114085,1.0,1.2137864799255382e-05
fdt_k100_random_0.003,100,1,,3.837028318296945,random,0.003,Solve_Succeeded,Solve_Succeeded,13.657442436499664,13.655652857773342,13.655519271145652,1.890486388689821,1.8893386405764752,1.8889101776128512,0.0222644379480977,0.021971405744537,0.0222638586997496,0.0002930322035607,0.013161446259899,1.0,-0.5965262421068948,0.6410551180030902,-412.5271200366616,0.0,0.0004284629636239
fdt_k100_random_0.01,100,1,,3.837028318296945,random,0.01,Solve_Succeeded,Solve_Succeeded,13.657442436499664,13.657944475596931,13.655310647947628,1.890486388689821,1.8914083436063935,1.8884954465081685,0.13169138246516,0.021971405744537,0.0220064754169316,0.1097199767206229,0.8331598823457583,1.0,0.0502039097268536,0.2131788552034663,-16.297494547661273,1.0,0.0029128970982255
fdt_k100_thetad1_0.01,100,1,,3.837028318296945,thetad1,0.01,Solve_Succeeded,Solved_To_Acceptable_Level,13.657442436499664,13.656062453806587,13.657279043453473,1.890486388689821,1.889848851824912,1.8889492874607632,-0.0608294823442712,0.0472521289107773,0.0479002244913641,0.1080816112550485,1.7767964988317453,0.0,-0.1379982693075376,0.0163393046189952,-15.433757392653291,1.0,0.0008995643641487
fdt_k112_thetad1_0.001,112,1,,4.297471716492581,thetad1,0.001,Solved_To_Acceptable_Level,Solve_Succeeded,13.440760482692143,13.43959695798544,13.442323061515095,1.4629506544356148,1.46313209156753,1.4627898812570743,-1.3630517648275386,0.0477392117646889,0.0475278549169454,1.4107909765922275,1.035023770187282,0.0,-1.1635247067047771,-1.5625788229503002,399.054116245523,1.0,0.0003422103104555
fdt_k112_theta1_0.003,112,1,,4.297471716492581,theta1,0.003,Solved_To_Acceptable_Level,Solved_To_Acceptable_Level,13.440760482692143,13.437975616481864,13.437888639865792,1.4629506544356148,1.463464891567034,1.4633292751718996,0.0144961026785258,0.0141794628660559,0.0144395001902007,0.0003166398124698,0.0218430994517502,1.0,-0.9282887367601708,0.9572809421172224,-628.5232262924643,1.0,0.0001356163951342
fdt_k112_random_0.001,112,1,,4.297471716492581,random,0.001,Solved_To_Acceptable_Level,Solve_Succeeded,13.440760482692143,13.439687710182426,13.441006513118968,1.4629506544356148,1.4629309377779005,1.461958450702042,-0.6594014682708149,0.1034079108577126,0.1030080258642649,0.7628093791285275,1.1568208683685297,0.0,-1.0727725097190444,-0.2460304268225854,-826.7420828964589,1.0,0.0009724870758585
fdt_k123_theta1_0.001,123,1,,4.719544831505246,theta1,0.001,Solve_Succeeded,Solve_Succeeded,13.300071153448442,13.307606151936806,13.301178046492074,1.0390753477791397,1.03945049167376,1.0397837142180966,3.2140527223658566,0.0572070713545963,0.0623513102008077,3.15684565101126,0.9822009542791548,1.0,7.534998488363698,-1.1068930436319846,8641.891531995683,0.0,0.0003332225443366
fdt_k112_thetad1_0.003,112,1,,4.297471716492581,thetad1,0.003,Solved_To_Acceptable_Level,Solved_To_Acceptable_Level,13.440760482692143,13.446392110229356,13.440992753879028,1.4629506544356148,1.4623134179129025,1.4626725479170948,0.8998927250546036,0.0477392117646889,0.0470806474286816,0.8521535132899146,0.9469501081233964,1.0,1.877209179070268,-0.0774237289610605,651.5443026771095,1.0,0.0003591300041922
fdt_k112_theta1_0.001,112,1,,4.297471716492581,theta1,0.001,Solved_To_Acceptable_Level,Solved_To_Acceptable_Level,13.440760482692143,13.438555073631688,13.441095452811306,1.4629506544356148,1.4620966531433686,1.4619014496770877,-1.2701895898095117,0.0141794628660559,0.0143303327495935,1.2843690526755678,1.0111632649014093,0.0,-2.205409060458408,-0.3349701191606158,-1870.438941297792,1.0,0.0001952034662811
fdt_k112_theta1_0.01,112,1,,4.297471716492581,theta1,0.01,Solved_To_Acceptable_Level,Solved_To_Acceptable_Level,13.440760482692143,13.440986302218247,13.438403602145732,1.4629506544356148,1.4639627800147128,1.4618352929284684,0.1291350036257021,0.0141794628660559,0.0142860373757366,0.1149555407596461,0.8901965968332245,1.0,0.0225819526102455,0.2356880546411588,-21.31061020309133,1.0,0.0021274870862444
fdt_k112_thetad1_0.01,112,1,,4.297471716492581,thetad1,0.01,Solved_To_Acceptable_Level,Solved_To_Acceptable_Level,13.440760482692143,13.441635770358218,13.441913896126325,1.4629506544356148,1.4616706123129486,1.4634628484792307,-0.013906288405252,0.0477392117646889,0.0474008264623552,0.061645500169941,1.2912969839928967,0.0,0.0875287666072921,-0.1153413434177963,20.287011002508848,1.0,0.0017922361662821
fdt_k112_random_0.003,112,1,,4.297471716492581,random,0.003,Solved_To_Acceptable_Level,Solve_Succeeded,13.440760482692143,13.44149647574566,13.438985423513062,1.4629506544356148,1.4623493561473595,1.462132776498925,0.4185087054331404,0.1034079108577126,0.1032530643777437,0.3151007945754278,0.7529133575592186,1.0,0.2453310178385237,0.5916863930277572,-115.45179172974449,1.0,0.0002165796484348
fdt_k123_thetad1_0.001,123,1,,4.719544831505246,thetad1,0.001,Solve_Succeeded,Solve_Succeeded,13.300071153448442,13.299561017722324,13.30307516100364,1.0390753477791397,1.0397306927897183,1.039103811821243,-1.7570716406583031,-0.0477978777901022,-0.0472969858577832,1.7092737628682009,0.97279685319365,1.0,-0.5101357261185768,-3.004007555198029,2493.8718290794527,0.0,0.0006268809684752
fdt_k123_theta1_0.01,123,1,,4.719544831505246,theta1,0.01,Solve_Succeeded,Solve_Succeeded,13.300071153448442,13.298979335743182,13.297715617058891,1.0390753477791397,1.0384942571568725,1.0395430951382103,0.063185934214438,0.0572070713545963,0.067605362085925,0.0059788628598417,0.0946233197969483,1.0,-0.1091817705260567,0.2355536389549328,-34.47354094809896,0.0,0.0010488379813382
fdt_k123_thetad1_0.003,123,1,,4.719544831505246,thetad1,0.003,Solve_Succeeded,Solve_Succeeded,13.300071153448442,13.298087170028577,13.299991855056456,1.0390753477791397,1.0387663638741258,1.0386806756067728,-0.317447504646573,-0.0477978777901022,-0.0474495610042768,0.2696496268564708,0.8494306079258128,1.0,-0.6613278066218697,0.0264327973287237,-229.25353465019785,0.0,8.568826735300128e-05
fdt_k112_random_0.01,112,1,,4.297471716492581,random,0.01,Solve_Succeeded,Solve_Succeeded,13.440760482692143,13.440515751169649,13.44105722167829,1.4629506544356148,1.461719464577095,1.4627233893003586,-0.0270735254321863,0.1034079108577126,0.1031214736007406,0.130481436289899,1.2618129039415464,0.0,-0.0244731522498042,-0.0296738986145683,0.5200746364764086,1.0,0.0010039247232636
fdt_k123_theta1_0.003,123,1,,4.719544831505246,theta1,0.003,Solve_Succeeded,Solve_Succeeded,13.300071153448442,13.30208913801192,13.299715811042043,1.0390753477791397,1.0390287168364674,1.038953789411977,0.395554494979559,0.0572070713545963,0.0649657087252455,0.3383474236249627,0.8553749936338035,1.0,0.6726615211594122,0.1184474687997057,184.7380174532355,0.0,7.49274244904452e-05
fdt_k123_random_0.001,123,1,,4.719544831505246,random,0.001,Solve_Succeeded,Solve_Succeeded,13.300071153448442,13.300335853522872,13.298194400649166,1.0390753477791397,1.0392501679049424,1.038814304321216,1.070726436853242,0.0310444323810367,0.0330743396194828,1.0396820044722053,0.9710061960622984,1.0,0.2647000744300243,1.87675279927646,-1612.0527248464357,0.0,0.0004358635837262
fdt_k135_theta1_0.01,135,1,,5.179988229700879,theta1,0.01,Solve_Succeeded,Solve_Succeeded,13.116895196205007,13.123663437170856,13.137708048979103,0.5788071643824841,0.577939578096548,0.5788184147523102,-0.7022305904124337,0.1944865972699025,-33.86255025857188,0.8967171876823363,1.2769554615324816,0.0,0.6768240965849159,-2.0812852774097834,275.81093739946994,1.0,0.0008788366557622
fdt_k135_theta1_0.003,135,1,,5.179988229700879,theta1,0.003,Solve_Succeeded,Solve_Succeeded,13.116895196205007,13.115461459745706,13.120755018372815,0.5788071643824841,0.5794446974127274,0.578064730610739,-0.8822597711851307,0.1944865972699025,0.1326737417367868,1.0767463684550331,1.220441420567834,0.0,-0.4779121531003719,-1.2866073892698893,269.5650787231724,1.0,0.0013799668019883
fdt_k135_theta1_0.001,135,1,,5.179988229700879,theta1,0.001,Solve_Succeeded,Solve_Succeeded,13.116895196205007,13.116851901176355,13.12176906114862,0.5788071643824841,0.5784795894482678,0.577970832262449,-2.458579986131859,0.1944865972699025,0.2044309880996093,2.653066583401761,1.0791052552151832,0.0,-0.0432950286519684,-4.87386494361175,4830.569914959781,1.0,0.0005087571858187
fdt_k135_thetad1_0.001,135,1,,5.179988229700879,thetad1,0.001,Solve_Succeeded,Solve_Succeeded,13.116895196205007,13.116047196194472,13.114490045348616,0.5788071643824841,0.5785262087671478,0.5796587167721217,0.7785754229283626,-0.1854238413086603,-0.2067325544244606,0.9639992642370228,1.238157840394252,0.0,-0.8480000105350882,2.4051508563918134,-3253.150866926902,1.0,0.0011325080049738
fdt_k123_random_0.01,123,1,,4.719544831505246,random,0.01,Solve_Succeeded,Solve_Succeeded,13.300071153448442,13.2990879096567,13.307085186655598,1.0390753477791397,1.0385346826090165,1.0385495285680175,-0.3998638499449036,0.0310444323810367,0.0360861396045866,0.4309082823259404,1.0776375068296729,0.0,-0.0983243791742083,-0.701403320715599,60.30789415413906,0.0,1.4845959001030806e-05
fdt_k135_thetad1_0.01,135,1,,5.179988229700879,thetad1,0.01,Solve_Succeeded,Solve_Succeeded,13.116895196205007,13.114714104427645,13.130645582407478,0.5788071643824841,0.578287321976072,0.5786866741837817,-0.7965738989917703,-0.1854238413086603,-0.2294295511196104,0.61115005768311,0.7672233027678252,1.0,-0.2181091777364585,-1.375038620247082,115.69294425106236,1.0,0.0003993522077097
fdt_k123_thetad1_0.01,123,1,,4.719544831505246,thetad1,0.01,Solve_Succeeded,Solve_Succeeded,13.300071153448442,13.296884447283642,13.29871352531336,1.0390753477791397,1.0401457250393191,1.038832974288195,-0.0914539014859272,-0.0477978777901022,-0.047314696687043,0.043656023695825,0.4773555090215889,1.0,-0.3186706164800768,0.1357628135082222,-45.44334299882991,0.0,0.0013127507511243
fdt_k123_random_0.003,123,1,,4.719544831505246,random,0.003,Solve_Succeeded,Solve_Succeeded,13.300071153448442,13.300165261027756,13.299750275582808,1.0390753477791397,1.0389807305213792,1.0387644975173478,0.069164240824963,0.0310444323810367,0.0319736214573429,0.0381198084439262,0.5511490907620561,1.0,0.0313691931050167,0.1069592885449092,-25.19669847996416,0.0,0.0002162330040313
fdt_k135_thetad1_0.003,135,1,,5.179988229700879,thetad1,0.003,Solve_Succeeded,Solve_Succeeded,13.116895196205007,13.115870059267374,13.115410487303672,0.5788071643824841,0.5783584776703257,0.5794353963171729,0.0765953272837312,-0.1854238413086603,-0.198887771768158,0.2620191685923915,1.4130824102399493,0.0,-0.3417123125443548,0.4949029671118173,-278.8717598853907,1.0,0.0010769186468472
fdt_k135_random_0.001,135,1,,5.179988229700879,random,0.001,Solve_Succeeded,Solve_Succeeded,13.116895196205007,13.11465974546242,13.114430131983791,0.5788071643824841,0.579457061607233,0.5796710247227055,0.1148067393135221,-0.1338262678009765,-0.1481927037143429,0.2486330071144986,1.8578789590415847,0.0,-2.235450742588796,2.46506422121584,-4700.514963804636,1.0,0.0002139631154725
fdt_k135_random_0.01,135,1,,5.179988229700879,random,0.01,Solve_Succeeded,Solve_Succeeded,13.116895196205007,13.11973220933843,13.118814334420764,0.5788071643824841,0.5778070502965292,0.5788625841769689,0.0458937458832409,-0.1338262678009765,-0.1601261703055944,0.1797200136842174,1.3429352595522808,0.0,0.2837013133422772,-0.1919138215757954,47.56151349180726,1.0,0.0010555338804396
fdt_k135_random_0.003,135,1,,5.179988229700879,random,0.003,Solve_Succeeded,Solve_Succeeded,13.116895196205007,13.115297165221063,13.11707253458698,0.5788071643824841,0.578347989151776,0.5785622958033982,-0.2958948943190265,-0.1338262678009765,-0.1424273877244692,0.1620686265180499,0.5477236330523217,1.0,-0.5326769946473556,-0.0591127939906973,-157.85473355221944,1.0,0.0002143066516222
fdt_k008_theta1_0.1,8,0,base failed,,,,,,,,,,,,,,,,,,,,,,
fdt_k008_thetad1_0.03,8,0,base failed,,,,,,,,,,,,,,,,,,,,,,
fdt_k008_theta1_0.3,8,0,base failed,,,,,,,,,,,,,,,,,,,,,,
fdt_k008_thetad1_0.1,8,0,base failed,,,,,,,,,,,,,,,,,,,,,,
fdt_k008_thetad1_0.3,8,0,base failed,,,,,,,,,,,,,,,,,,,,,,
fdt_k008_random_0.03,8,0,base failed,,,,,,,,,,,,,,,,,,,,,,
fdt_k008_random_0.1,8,0,base failed,,,,,,,,,,,,,,,,,,,,,,
fdt_k008_random_0.3,8,0,base failed,,,,,,,,,,,,,,,,,,,,,,
fdt_k008_theta1_0.03,8,0,base failed,,,,,,,,,,,,,,,,,,,,,,
fdt_k019_random_0.1,19,0,base failed,,,,,,,,,,,,,,,,,,,,,,
fdt_k019_thetad1_0.3,19,0,base failed,,,,,,,,,,,,,,,,,,,,,,
fdt_k031_thetad1_0.3,31,0,base failed,,,,,,,,,,,,,,,,,,,,,,
fdt_k031_theta1_0.03,31,0,base failed,,,,,,,,,,,,,,,,,,,,,,
fdt_k019_random_0.03,19,0,base failed,,,,,,,,,,,,,,,,,,,,,,
fdt_k031_random_0.03,31,0,base failed,,,,,,,,,,,,,,,,,,,,,,
fdt_k019_thetad1_0.03,19,0,base failed,,,,,,,,,,,,,,,,,,,,,,
fdt_k031_thetad1_0.1,31,0,base failed,,,,,,,,,,,,,,,,,,,,,,
fdt_k019_theta1_0.03,19,0,base failed,,,,,,,,,,,,,,,,,,,,,,
fdt_k019_thetad1_0.1,19,0,base failed,,,,,,,,,,,,,,,,,,,,,,
fdt_k019_theta1_0.3,19,0,base failed,,,,,,,,,,,,,,,,,,,,,,
fdt_k019_random_0.3,19,0,base failed,,,,,,,,,,,,,,,,,,,,,,
fdt_k019_theta1_0.1,19,0,base failed,,,,,,,,,,,,,,,,,,,,,,
fdt_k031_theta1_0.3,31,0,base failed,,,,,,,,,,,,,,,,,,,,,,
fdt_k031_thetad1_0.03,31,0,base failed,,,,,,,,,,,,,,,,,,,,,,
fdt_k031_theta1_0.1,31,0,base failed,,,,,,,,,,,,,,,,,,,,,,
fdt_k031_random_0.1,31,0,base failed,,,,,,,,,,,,,,,,,,,,,,
fdt_k031_random_0.3,31,0,base failed,,,,,,,,,,,,,,,,,,,,,,
fdt_k042_theta1_0.03,42,0,base failed,,,,,,,,,,,,,,,,,,,,,,
fdt_k042_thetad1_0.1,42,0,base failed,,,,,,,,,,,,,,,,,,,,,,
fdt_k042_thetad1_0.3,42,0,base failed,,,,,,,,,,,,,,,,,,,,,,
fdt_k042_theta1_0.1,42,0,base failed,,,,,,,,,,,,,,,,,,,,,,
fdt_k042_random_0.1,42,0,base failed,,,,,,,,,,,,,,,,,,,,,,
fdt_k042_thetad1_0.03,42,0,base failed,,,,,,,,,,,,,,,,,,,,,,
fdt_k042_random_0.03,42,0,base failed,,,,,,,,,,,,,,,,,,,,,,
fdt_k042_random_0.3,42,0,base failed,,,,,,,,,,,,,,,,,,,,,,
fdt_k042_theta1_0.3,42,0,base failed,,,,,,,,,,,,,,,,,,,,,,
