task_key,k,ok,status,t_in,dir,eps,status_p,status_m,J0,Jp,Jm,d_s0,d_sp,d_sm,D_fd,D_dual,D_dual_avg,abs_err,rel_err,sign_ok,D_fwd,D_bwd,curvature,active_set_changed,dd_s,noise,fd_noise,resolvable
fdt_k065_theta1_0.001,65,1,,2.494068406893014,theta1,0.001,Solve_Succeeded,Solve_Succeeded,14.025019718762659,14.03031107272886,14.024206409035193,3.174539149167235,3.120641230076842,3.172593182886377,3.0523318468338445,0.033039856850345675,0.03132942466745356,3.0192919899834987,0.9891755357843487,1.0,5.291353966201839,0.8133097274658496,4478.04423873599,0.0,0.05195195280953513,0.0015349597763822942,1.085380466728507,0
fdt_k054_random_0.01,54,1,,2.071995291880352,random,0.01,Solve_Succeeded,Solved_To_Acceptable_Level,14.107902815142202,14.104761452809635,14.10313646685687,3.5413422932013967,3.5413217859730732,3.5416291804115834,0.08124929763821953,0.033679207782744885,0.034002733997008684,0.047570089855474645,0.5854830901713267,1.0,-0.31413623325668993,0.476634828533129,-79.0771061789819,0.0,0.0003073944385101335,,,0
fdt_k054_thetad1_0.003,54,1,,2.071995291880352,thetad1,0.003,Solve_Succeeded,Solved_To_Acceptable_Level,14.107902815142202,14.102201817732379,14.101948385731184,3.5413422932013967,3.5404633848728304,3.54014861450081,0.04223866686577556,0.008135570445766285,0.008266662518673761,0.03410309642000928,0.8073904540685625,1.0,-1.900332469941072,1.9848098036726232,-1295.0474245378985,0.0,0.0003147703720203232,,,0
fdt_k054_theta1_0.003,54,1,,2.071995291880352,theta1,0.003,Solve_Succeeded,Solve_Succeeded,14.107902815142202,14.107634431635129,14.102043690101683,3.5413422932013967,3.538606502798255,3.5404783068747867,0.9317902555743274,0.04427211878892039,0.04461677468974647,0.887518136785407,0.9524870339391645,1.0,-0.08946116902445549,1.95304168017311,-680.8342830658552,1.0,0.0018718040765315358,,,0
fdt_k065_theta1_0.003,65,1,,2.494068406893014,theta1,0.003,Solve_Succeeded,Solve_Succeeded,14.025019718762659,14.02790302845772,14.025290681441751,3.174539149167235,3.1714832919668714,3.173897948952649,0.4353911693281513,0.033039856850345675,0.033137445607052465,0.40235131247780564,0.9241145453148965,1.0,0.9611032316871141,-0.09032089303081155,350.47470823930854,0.0,0.0024146569857776967,0.0015349597763822942,0.3617934889095023,0
fdt_k065_thetad1_0.003,65,1,,2.494068406893014,thetad1,0.003,Solve_Succeeded,Solved_To_Acceptable_Level,14.025019718762659,14.029479140294521,14.028922167030093,3.174539149167235,3.1696602991598763,3.172530957941122,0.09282887740476771,-0.047632472055730866,-0.04881568862073626,0.14046134946049857,1.5131212763463242,0.0,1.4864738439541725,-1.300816089144637,929.0966443662699,1.0,0.002870658781245705,0.0015349597763822942,0.3617934889095023,0
fdt_k077_theta1_0.003,77,1,,2.95451180508865,theta1,0.003,Solve_Succeeded,Solve_Succeeded,13.872050105874445,13.86644070251737,13.86813627803282,2.737536331417249,2.7362229549193695,2.736065425928244,-0.28259591924169786,-0.02016944317639906,-0.021336720360444764,0.2624264760652988,0.9286279744218507,1.0,-1.8698011190251642,1.3046092805417686,-1058.1367998556443,0.0,0.00015752899112531082,0.005682552781360428,1.3393905353834785,0
fdt_k077_theta1_0.001,77,1,,2.95451180508865,theta1,0.001,Solve_Succeeded,Solve_Succeeded,13.872050105874445,13.872659383914403,13.866518161512865,2.737536331417249,2.7364176084241336,2.7365536279549736,3.0706112007692354,-0.02016944317639906,-0.02012332957464898,3.0907806439456347,1.0065685434780367,0.0,0.6092780399580278,5.531944361580443,-4922.666321622415,0.0,0.00013601953083997032,0.005682552781360428,4.018171606150435,0
fdt_k077_theta1_0.01,77,1,,2.95451180508865,theta1,0.01,Solve_Succeeded,Solve_Succeeded,13.872050105874445,13.865604121125012,13.866757940456512,2.737536331417249,2.734827960819079,2.7372982237141845,-0.05769096657504136,-0.02016944317639906,-0.024476295711009875,0.0375215233986423,0.650388191188239,1.0,-0.6445984749433364,0.5292165417932537,-117.38150167365902,0.0,0.002470262895105435,0.005682552781360428,0.4018171606150435,0
fdt_k065_thetad1_0.001,65,1,,2.494068406893014,thetad1,0.001,Solve_Succeeded,Solved_To_Acceptable_Level,14.025019718762659,14.023719329998006,14.029989636088954,3.174539149167235,3.1707350003520447,3.170079017824813,-3.1351530454744037,-0.047632472055730866,-0.04844620484080862,3.0875205734186726,0.9848069707077016,1.0,-1.3003887646529932,-4.969917326295814,3669.528561642821,0.0,0.0006559825272316466,0.0015349597763822942,1.085380466728507,0
fdt_k065_thetad1_0.01,65,1,,2.494068406893014,thetad1,0.01,Solve_Succeeded,Solve_Succeeded,14.025019718762659,14.027725822382655,14.025496765873111,3.174539149167235,3.169372334835193,3.1757655209949864,0.11145282547717628,-0.047632472055730866,-0.048410660357243625,0.15908529753290715,1.4273778780555477,0.0,0.2706103619996014,-0.04770471104524887,31.83150730448503,1.0,0.006393186159793451,0.0015349597763822942,0.10853804667285069,0
fdt_k065_random_0.003,65,1,,2.494068406893014,random,0.003,Solved_To_Acceptable_Level,Solve_Succeeded,14.025019718762659,14.02148191272893,14.025144509517323,3.174539149167235,3.1712447733624756,3.174909836039407,-0.6104327980655336,-0.041520177472326815,-0.04188668426453704,0.5689126205932068,0.9319823941244563,1.0,-1.1792686779094435,-0.04159691822162396,-379.2239198959398,0.0,0.003665062676931452,0.0015349597763822942,0.3617934889095023,0
fdt_k065_random_0.001,65,1,,2.494068406893014,random,0.001,Solve_Succeeded,Solve_Succeeded,14.025019718762659,14.025657145024837,14.02658676505512,3.174539149167235,3.1712710343543775,3.172920870269115,-0.4648100151412038,-0.041520177472326815,-0.041995951823978944,0.42328983766887696,0.9106727993808105,1.0,0.6374262621786642,-1.5670462924610717,2204.472554639736,0.0,0.0016498359147374408,0.0015349597763822942,1.085380466728507,0
fdt_k089_theta1_0.001,89,1,,3.4149552032842827,theta1,0.001,Solve_Succeeded,Solved_To_Acceptable_Level,13.756159640685484,13.7520031065449,13.753768439867413,2.300485398963057,2.2999338247492127,2.2996584917360825,-0.8826666612566925,-0.04334327016504326,-0.0435824627927564,0.8393233910916492,0.9508950863700534,1.0,-4.156534140584256,2.391200818070871,-6547.734958655127,1.0,0.00027533301313020786,0.001590673992392766,1.1247763666780035,0
fdt_k065_random_0.01,65,1,,2.494068406893014,random,0.01,Solved_To_Acceptable_Level,Solved_To_Acceptable_Level,14.025019718762659,14.027541331964755,14.025863291904322,3.174539149167235,3.17031782307214,3.1724032129687822,0.08390200302166306,-0.041520177472326815,-0.04292402323847538,0.12542218049398987,1.4948651519273803,0.0,0.2521613202096873,-0.08435731416636116,33.651863437604845,0.0,0.002085389896642198,0.0015349597763822942,0.10853804667285069,0
fdt_k077_thetad1_0.001,77,1,,2.95451180508865,thetad1,0.001,Solve_Succeeded,Solve_Succeeded,13.872050105874445,13.86644366736097,13.863822938359755,2.737536331417249,2.736475515489294,2.736296656677011,1.3103645006076192,-0.053566274761282735,-0.05371006715321649,1.363930775368902,1.0408789117352035,0.0,-5.606438513474643,8.227167514689882,-13833.606028164526,0.0,0.0001788588122830781,0.005682552781360428,4.018171606150435,0
fdt_k077_random_0.003,77,1,,2.95451180508865,random,0.003,Solve_Succeeded,Solved_To_Acceptable_Level,13.872050105874445,13.867901802188202,13.86784189464225,2.737536331417249,2.735638212957792,2.7351752728568464,0.009984590991921985,-0.055392134109648786,-0.055801373819378476,0.06537672510157078,1.180252867169867,0.0,-1.3827678954143607,1.4027370773982046,-928.5016576041885,0.0,0.000462940100945719,0.005682552781360428,1.3393905353834785,0
fdt_k077_random_0.01,77,1,,2.95451180508865,random,0.01,Solve_Succeeded,Solve_Succeeded,13.872050105874445,13.87351112206549,13.87183886648706,2.737536331417249,2.7345307825202765,2.735916335411443,0.08361277892152685,-0.055392134109648786,-0.05559559901160609,0.13900491303117563,1.6624840703074344,0.0,0.1461016191045772,0.02112393873847651,12.497768036610069,0.0,0.001385552891166597,0.005682552781360428,0.4018171606150435,0
fdt_k077_thetad1_0.003,77,1,,2.95451180508865,thetad1,0.003,Solve_Succeeded,Solve_Succeeded,13.872050105874445,13.867944327173102,13.86523461998064,2.737536331417249,2.735055109538069,2.7354726408212,0.45161786541036975,-0.053566274761282735,-0.0535588760745732,0.5051841401716525,1.1186097337239058,0.0,-1.3685929004475146,2.2718286312682543,-1213.4738439052562,0.0,0.00041753128313093413,0.005682552781360428,1.3393905353834785,0
fdt_k077_random_0.001,77,1,,2.95451180508865,random,0.001,Solve_Succeeded,Solve_Succeeded,13.872050105874445,13.866441859674904,13.871083960611909,2.737536331417249,2.7364249315162206,2.734598087752062,-2.3210504685025057,-0.055392134109648786,-0.05543980766064662,2.265658334392857,0.976134885965928,1.0,-5.608246199541256,0.9661452625362443,-6574.3914620775,0.0,0.0018268437641584256,0.005682552781360428,4.018171606150435,0
fdt_k089_theta1_0.003,89,1,,3.4149552032842827,theta1,0.003,Solve_Succeeded,Solve_Succeeded,13.756159640685484,13.74775914671079,13.754538682991853,2.300485398963057,2.2994543795451676,2.297786774056653,-1.1299227135106449,-0.04334327016504326,-0.04359833846556087,1.0865794433456015,0.961640500145026,1.0,-2.8001646582313335,0.5403192312100439,-1113.4946298137925,1.0,0.001667605488514745,0.001590673992392766,0.37492545555933454,0
fdt_k089_theta1_0.01,89,1,,3.4149552032842827,theta1,0.01,Solve_Succeeded,Solved_To_Acceptable_Level,13.756159640685484,13.757727004725139,13.756804846360378,2.300485398963057,2.2989226944910586,2.297818654744424,0.04610791823802529,-0.04334327016504326,-0.04350444724844087,0.08945118840306855,1.9400396248924112,0.0,0.15673640396549615,-0.06452056748944557,22.125697145494172,1.0,0.001104039746634644,0.001590673992392766,0.11247763666780035,0
fdt_k077_thetad1_0.01,77,1,,2.95451180508865,thetad1,0.01,Solve_Succeeded,Solve_Succeeded,13.872050105874445,13.86319596195377,13.865611705548188,2.737536331417249,2.7356634439135328,2.735526812355396,-0.12078717972094921,-0.053566274761282735,-0.05358590919041901,0.06722090495966648,0.5565235078339009,1.0,-0.8854143920675739,0.6438400326256755,-152.92544246932493,1.0,0.00013663155813681271,0.005682552781360428,0.4018171606150435,0
fdt_k089_thetad1_0.001,89,1,,3.4149552032842827,thetad1,0.001,Solved_To_Acceptable_Level,Solved_To_Acceptable_Level,13.756159640685484,13.75504579176626,13.754505160902582,2.300485398963057,2.2989163520180633,2.2973956194024487,0.2703154318393075,0.0041534679276509215,0.004516654095903873,0.2661619639116566,0.9846347361695577,1.0,-1.1138489192230594,1.6544797829016744,-2768.328702124734,0.0,0.001520732615614584,0.001590673992392766,1.1247763666780035,0
fdt_k089_thetad1_0.01,89,1,,3.4149552032842827,thetad1,0.01,Solved_To_Acceptable_Level,Solve_Succeeded,13.756159640685484,13.758173364454732,13.750762306223434,2.300485398963057,2.300182601621451,2.29793329715831,0.3705529115649142,0.0041534679276509215,0.004345144157887107,0.3663994436372633,0.9887911609974671,1.0,0.20137237692487986,0.5397334462049486,-33.83610692800687,1.0,0.0022493044631408665,0.001590673992392766,0.11247763666780035,0
fdt_k100_theta1_0.01,100,1,,3.8370283182969445,theta1,0.01,Solve_Succeeded,Solve_Succeeded,13.657442436499663,13.655517058038159,13.658776271076839,1.890486388689821,1.8908699791409738,1.888853890720382,-0.16296065193399656,-0.007243728996995516,-0.0071417953946249675,0.15571692293700104,0.955549214420611,1.0,-0.19253784615038683,-0.1333834577176063,-5.915438843278054,1.0,0.002016088420591755,0.00039474254061033776,0.0279125127288376,0
fdt_k089_thetad1_0.003,89,1,,3.4149552032842827,thetad1,0.003,Solve_Succeeded,Solve_Succeeded,13.756159640685484,13.751793380164681,13.752119244253173,2.300485398963057,2.2993136139274033,2.299004739062394,-0.05431068141525941,0.0041534679276509215,0.0038788406917108172,0.05846414934291033,1.0764760783591263,0.0,-1.4554201736007855,1.3467988107702666,-934.0729947903507,0.0,0.00030887486500930095,0.001590673992392766,0.37492545555933454,0
fdt_k100_theta1_0.001,100,1,,3.8370283182969445,theta1,0.001,Solve_Succeeded,Solve_Succeeded,13.657442436499663,13.655170638912791,13.658830372603397,1.890486388689821,1.8893985970174372,1.889779046337373,-1.829866845302952,-0.007243728996995516,-0.0066649376881533825,1.8226231163059565,0.9960413901068325,1.0,-2.271797586871571,-1.387936103734333,-883.8614831372382,1.0,0.0003804493199357495,0.00039474254061033776,0.27912512728837596,0
fdt_k100_thetad1_0.001,100,1,,3.8370283182969445,thetad1,0.001,Solve_Succeeded,Solve_Succeeded,13.657442436499663,13.65522497266406,13.655538381588753,1.890486388689821,1.8893742331968766,1.8890529208437785,-0.15670446234672397,0.04725212891077734,0.04760539348089973,0.20395659125750132,1.3015365880661864,0.0,-2.2174638356027288,1.9040549109092808,-4121.51874651201,0.0,0.0003213123530980688,0.00039474254061033776,0.27912512728837596,0
fdt_k100_theta1_0.003,100,1,,3.8370283182969445,theta1,0.003,Solve_Succeeded,Solve_Succeeded,13.657442436499663,13.656043696701001,13.664387476331962,1.890486388689821,1.8889871071641193,1.8883224767807691,-1.3906299384934446,-0.007243728996995516,-0.0062571320123713916,1.383386209496449,0.9947910448376776,1.0,-0.4662465995538175,-2.315013277433072,616.2555592930848,1.0,0.0006646303833501843,0.00039474254061033776,0.09304170909612533,0
fdt_k089_random_0.003,89,1,,3.4149552032842827,random,0.003,Solve_Succeeded,Solve_Succeeded,13.756159640685484,13.76135744204146,13.75117761856472,2.300485398963057,2.2991115828295894,2.298916779615685,1.6966372461233448,-0.015156932379892062,-0.015269752003718247,1.711794178503237,1.0089335138754758,0.0,1.7326004519920464,1.6606740402546432,23.975470579134456,1.0,0.00019480321390430433,0.001590673992392766,0.37492545555933454,0
fdt_k089_random_0.001,89,1,,3.4149552032842827,random,0.001,Solve_Succeeded,Solve_Succeeded,13.756159640685484,13.747874988552127,13.755454591996477,2.300485398963057,2.2995792421932078,2.29662888122497,-3.7898017221751346,-0.015156932379892062,-0.012722662148245537,3.7746447897952424,0.9960006001656485,1.0,-8.284652133356829,0.7050486890065599,-8989.70082236339,1.0,0.002950360968237753,0.001590673992392766,1.1247763666780035,0
fdt_k100_thetad1_0.003,100,1,,3.8370283182969445,thetad1,0.003,Solved_To_Acceptable_Level,Solved_To_Acceptable_Level,13.657442436499663,13.654742577405441,13.661303783544271,1.890486388689821,1.890051704495268,1.8884845016283132,-1.0935343564716742,0.04725212891077734,0.0482847491683161,1.1407864853824514,1.04321046579939,0.0,-0.899953031407108,-1.2871156815362401,129.05421670971072,1.0,0.0015672028669548865,0.00039474254061033776,0.09304170909612533,0
fdt_k089_random_0.01,89,1,,3.4149552032842827,random,0.01,Solve_Succeeded,Solve_Succeeded,13.756159640685484,13.748586032644813,13.750633800420811,2.300485398963057,2.300120329407954,2.297690492479315,-0.10238838879992329,-0.015156932379892062,-0.015315264055647346,0.08723145642003123,0.8519662965933553,1.0,-0.7573608040670976,0.552584026467251,-130.99448305343486,1.0,0.002429836928639073,0.001590673992392766,0.11247763666780035,0
fdt_k100_random_0.001,100,1,,3.8370283182969445,random,0.001,Solve_Succeeded,Solve_Succeeded,13.657442436499663,13.658601951489326,13.660511305403114,1.890486388689821,1.8890547452579685,1.8890426073931692,-0.9546769568942182,0.02197140574453703,0.022450457702146143,0.9766483626387552,1.0230144925839784,0.0,1.1595149896628243,-3.0688689034512606,4228.383893114085,1.0,1.2137864799255382e-05,0.00039474254061033776,0.27912512728837596,0
fdt_k100_random_0.003,100,1,,3.8370283182969445,random,0.003,Solve_Succeeded,Solve_Succeeded,13.657442436499663,13.655652857773342,13.655519271145653,1.890486388689821,1.8893386405764752,1.8889101776128512,0.022264437948097775,0.02197140574453703,0.022263858699749686,0.00029303220356074675,0.013161446259899085,1.0,-0.5965262421068948,0.6410551180030902,-412.52712003666164,0.0,0.00042846296362397673,0.00039474254061033776,0.09304170909612533,0
fdt_k100_random_0.01,100,1,,3.8370283182969445,random,0.01,Solve_Succeeded,Solve_Succeeded,13.657442436499663,13.657944475596931,13.655310647947628,1.890486388689821,1.8914083436063938,1.8884954465081683,0.13169138246516,0.02197140574453703,0.022006475416931646,0.10971997672062296,0.8331598823457583,1.0,0.050203909726853624,0.21317885520346636,-16.297494547661273,1.0,0.0029128970982255087,0.00039474254061033776,0.0279125127288376,0
fdt_k100_thetad1_0.01,100,1,,3.8370283182969445,thetad1,0.01,Solve_Succeeded,Solved_To_Acceptable_Level,13.657442436499663,13.656062453806587,13.657279043453473,1.890486388689821,1.889848851824912,1.8889492874607632,-0.06082948234427121,0.04725212891077734,0.04790022449136417,0.10808161125504856,1.7767964988317453,0.0,-0.13799826930753767,0.016339304618995243,-15.433757392653291,1.0,0.0008995643641487305,0.00039474254061033776,0.0279125127288376,0
fdt_k112_thetad1_0.001,112,1,,4.297471716492581,thetad1,0.001,Solved_To_Acceptable_Level,Solve_Succeeded,13.440760482692145,13.43959695798544,13.442323061515095,1.4629506544356148,1.46313209156753,1.4627898812570745,-1.3630517648275386,0.047739211764688934,0.047527854916945486,1.4107909765922275,1.035023770187282,0.0,-1.1635247067047771,-1.5625788229503002,399.054116245523,1.0,0.0003422103104555596,0.00034073940850376516,0.2409391463705055,0
fdt_k112_theta1_0.003,112,1,,4.297471716492581,theta1,0.003,Solved_To_Acceptable_Level,Solved_To_Acceptable_Level,13.440760482692145,13.437975616481864,13.437888639865793,1.4629506544356148,1.4634648915670339,1.4633292751718996,0.01449610267852582,0.014179462866055996,0.014439500190200703,0.0003166398124698228,0.021843099451750263,1.0,-0.9282887367601707,0.9572809421172224,-628.5232262924643,1.0,0.0001356163951342637,0.00034073940850376516,0.08031304879016851,0
fdt_k112_random_0.001,112,1,,4.297471716492581,random,0.001,Solved_To_Acceptable_Level,Solve_Succeeded,13.440760482692145,13.439687710182426,13.441006513118968,1.4629506544356148,1.4629309377779005,1.461958450702042,-0.6594014682708149,0.10340791085771267,0.10300802586426493,0.7628093791285275,1.1568208683685297,0.0,-1.0727725097190444,-0.24603042682258547,-826.7420828964589,1.0,0.000972487075858508,0.00034073940850376516,0.2409391463705055,0
fdt_k123_theta1_0.001,123,1,,4.719544831505246,theta1,0.001,Solve_Succeeded,Solve_Succeeded,13.300071153448442,13.307606151936806,13.301178046492074,1.0390753477791395,1.03945049167376,1.0397837142180966,3.2140527223658566,0.057207071354596364,0.06235131020080774,3.15684565101126,0.9822009542791549,1.0,7.534998488363698,-1.1068930436319846,8641.891531995683,0.0,0.0003332225443366532,0.0018430987191138115,1.3032676026816161,0
fdt_k112_thetad1_0.003,112,1,,4.297471716492581,thetad1,0.003,Solved_To_Acceptable_Level,Solved_To_Acceptable_Level,13.440760482692145,13.446392110229356,13.440992753879028,1.4629506544356148,1.4623134179129025,1.4626725479170948,0.8998927250546036,0.047739211764688934,0.047080647428681614,0.8521535132899146,0.9469501081233963,1.0,1.8772091790702679,-0.07742372896106058,651.5443026771095,1.0,0.00035913000419229846,0.00034073940850376516,0.08031304879016851,0
fdt_k112_theta1_0.001,112,1,,4.297471716492581,theta1,0.001,Solved_To_Acceptable_Level,Solved_To_Acceptable_Level,13.440760482692145,13.438555073631687,13.441095452811306,1.4629506544356148,1.4620966531433686,1.4619014496770875,-1.2701895898095117,0.014179462866055996,0.014330332749593529,1.2843690526755678,1.0111632649014093,0.0,-2.2054090604584076,-0.3349701191606158,-1870.4389412977919,1.0,0.00019520346628110197,0.00034073940850376516,0.2409391463705055,0
fdt_k112_theta1_0.01,112,1,,4.297471716492581,theta1,0.01,Solved_To_Acceptable_Level,Solved_To_Acceptable_Level,13.440760482692145,13.440986302218247,13.438403602145733,1.4629506544356148,1.4639627800147128,1.4618352929284684,0.12913500362570218,0.014179462866055996,0.014286037375736657,0.11495554075964619,0.8901965968332245,1.0,0.022581952610245537,0.23568805464115883,-21.31061020309133,1.0,0.0021274870862444395,0.00034073940850376516,0.024093914637050552,0
fdt_k112_thetad1_0.01,112,1,,4.297471716492581,thetad1,0.01,Solved_To_Acceptable_Level,Solved_To_Acceptable_Level,13.440760482692145,13.441635770358218,13.441913896126323,1.4629506544356148,1.4616706123129486,1.4634628484792307,-0.013906288405252099,0.047739211764688934,0.047400826462355244,0.06164550016994103,1.2912969839928967,0.0,0.08752876660729214,-0.11534134341779634,20.287011002508848,1.0,0.0017922361662821018,0.00034073940850376516,0.024093914637050552,0
fdt_k112_random_0.003,112,1,,4.297471716492581,random,0.003,Solved_To_Acceptable_Level,Solve_Succeeded,13.440760482692145,13.44149647574566,13.438985423513062,1.4629506544356148,1.4623493561473597,1.462132776498925,0.41850870543314045,0.10340791085771267,0.10325306437774376,0.3151007945754278,0.7529133575592186,1.0,0.24533101783852374,0.5916863930277572,-115.45179172974447,1.0,0.00021657964843480038,0.00034073940850376516,0.08031304879016851,0
fdt_k123_thetad1_0.001,123,1,,4.719544831505246,thetad1,0.001,Solve_Succeeded,Solve_Succeeded,13.300071153448442,13.299561017722324,13.30307516100364,1.0390753477791395,1.0397306927897183,1.039103811821243,-1.7570716406583031,-0.0477978777901022,-0.047296985857783205,1.7092737628682009,0.97279685319365,1.0,-0.5101357261185768,-3.0040075551980294,2493.8718290794527,0.0,0.0006268809684752963,0.0018430987191138115,1.3032676026816161,0
fdt_k123_theta1_0.01,123,1,,4.719544831505246,theta1,0.01,Solve_Succeeded,Solve_Succeeded,13.300071153448442,13.298979335743182,13.297715617058893,1.0390753477791395,1.0384942571568723,1.0395430951382105,0.06318593421443808,0.057207071354596364,0.06760536208592503,0.005978862859841713,0.09462331979694832,1.0,-0.10918177052605671,0.23555363895493286,-34.47354094809896,0.0,0.0010488379813382576,0.0018430987191138115,0.13032676026816162,0
fdt_k123_thetad1_0.003,123,1,,4.719544831505246,thetad1,0.003,Solve_Succeeded,Solve_Succeeded,13.300071153448442,13.298087170028577,13.299991855056456,1.0390753477791395,1.0387663638741258,1.0386806756067728,-0.317447504646573,-0.0477978777901022,-0.04744956100427686,0.2696496268564708,0.8494306079258128,1.0,-0.6613278066218697,0.026432797328723723,-229.25353465019782,0.0,8.568826735300128e-05,0.0018430987191138115,0.43442253422720534,0
fdt_k112_random_0.01,112,1,,4.297471716492581,random,0.01,Solve_Succeeded,Solve_Succeeded,13.440760482692145,13.440515751169647,13.44105722167829,1.4629506544356148,1.461719464577095,1.4627233893003586,-0.02707352543218633,0.10340791085771267,0.10312147360074068,0.130481436289899,1.2618129039415464,0.0,-0.024473152249804286,-0.029673898614568373,0.5200746364764086,1.0,0.001003924723263605,0.00034073940850376516,0.024093914637050552,1
fdt_k123_theta1_0.003,123,1,,4.719544831505246,theta1,0.003,Solve_Succeeded,Solve_Succeeded,13.300071153448442,13.30208913801192,13.299715811042043,1.0390753477791395,1.0390287168364674,1.038953789411977,0.395554494979559,0.057207071354596364,0.0649657087252455,0.3383474236249627,0.8553749936338035,1.0,0.6726615211594122,0.11844746879970576,184.7380174532355,0.0,7.49274244904452e-05,0.0018430987191138115,0.43442253422720534,0
fdt_k123_random_0.001,123,1,,4.719544831505246,random,0.001,Solve_Succeeded,Solve_Succeeded,13.300071153448442,13.300335853522872,13.298194400649166,1.0390753477791395,1.0392501679049424,1.0388143043212161,1.070726436853242,0.03104443238103677,0.033074339619482876,1.0396820044722053,0.9710061960622983,1.0,0.2647000744300243,1.8767527992764599,-1612.0527248464357,0.0,0.0004358635837262703,0.0018430987191138115,1.3032676026816161,0
fdt_k135_theta1_0.01,135,1,,5.179988229700879,theta1,0.01,Solve_Succeeded,Solve_Succeeded,13.116895196205007,13.123663437170856,13.137708048979105,0.5788071643824841,0.577939578096548,0.5788184147523102,-0.7022305904124337,0.19448659726990256,-33.86255025857188,0.8967171876823363,1.2769554615324816,0.0,0.6768240965849159,-2.0812852774097834,275.81093739946994,1.0,0.0008788366557622718,0.0011837784400690055,0.08370577623952269,0
fdt_k135_theta1_0.003,135,1,,5.179988229700879,theta1,0.003,Solve_Succeeded,Solve_Succeeded,13.116895196205007,13.115461459745706,13.120755018372817,0.5788071643824841,0.5794446974127274,0.578064730610739,-0.8822597711851307,0.19448659726990256,0.1326737417367868,1.0767463684550331,1.220441420567834,0.0,-0.47791215310037194,-1.2866073892698893,269.5650787231724,1.0,0.0013799668019883748,0.0011837784400690055,0.2790192541317423,0
fdt_k135_theta1_0.001,135,1,,5.179988229700879,theta1,0.001,Solve_Succeeded,Solve_Succeeded,13.116895196205007,13.116851901176355,13.121769061148619,0.5788071643824841,0.5784795894482678,0.577970832262449,-2.458579986131859,0.19448659726990256,0.2044309880996093,2.6530665834017615,1.0791052552151832,0.0,-0.04329502865196844,-4.87386494361175,4830.569914959781,1.0,0.0005087571858187756,0.0011837784400690055,0.8370577623952269,0
fdt_k135_thetad1_0.001,135,1,,5.179988229700879,thetad1,0.001,Solve_Succeeded,Solve_Succeeded,13.116895196205007,13.116047196194472,13.114490045348616,0.5788071643824841,0.5785262087671478,0.5796587167721217,0.7785754229283626,-0.1854238413086603,-0.2067325544244606,0.9639992642370229,1.2381578403942521,0.0,-0.8480000105350882,2.4051508563918134,-3253.150866926902,1.0,0.0011325080049738867,0.0011837784400690055,0.8370577623952269,0
fdt_k123_random_0.01,123,1,,4.719544831505246,random,0.01,Solve_Succeeded,Solve_Succeeded,13.300071153448442,13.2990879096567,13.307085186655598,1.0390753477791395,1.0385346826090165,1.0385495285680175,-0.39986384994490365,0.03104443238103677,0.03608613960458666,0.4309082823259404,1.0776375068296729,0.0,-0.09832437917420833,-0.701403320715599,60.30789415413906,0.0,1.4845959001030806e-05,0.0018430987191138115,0.13032676026816162,0
fdt_k135_thetad1_0.01,135,1,,5.179988229700879,thetad1,0.01,Solve_Succeeded,Solve_Succeeded,13.116895196205007,13.114714104427643,13.130645582407478,0.5788071643824841,0.578287321976072,0.5786866741837817,-0.7965738989917703,-0.1854238413086603,-0.2294295511196104,0.61115005768311,0.7672233027678252,1.0,-0.21810917773645855,-1.3750386202470821,115.69294425106236,1.0,0.00039935220770970226,0.0011837784400690055,0.08370577623952269,0
fdt_k123_thetad1_0.01,123,1,,4.719544831505246,thetad1,0.01,Solve_Succeeded,Solve_Succeeded,13.300071153448442,13.296884447283642,13.29871352531336,1.0390753477791395,1.0401457250393193,1.038832974288195,-0.09145390148592725,-0.0477978777901022,-0.04731469668704308,0.043656023695825046,0.4773555090215889,1.0,-0.3186706164800768,0.13576281350822228,-45.443342998829905,0.0,0.0013127507511243586,0.0018430987191138115,0.13032676026816162,0
fdt_k123_random_0.003,123,1,,4.719544831505246,random,0.003,Solve_Succeeded,Solve_Succeeded,13.300071153448442,13.300165261027757,13.299750275582808,1.0390753477791395,1.0389807305213792,1.0387644975173478,0.06916424082496302,0.03104443238103677,0.03197362145734295,0.03811980844392625,0.5511490907620561,1.0,0.03136919310501677,0.10695928854490926,-25.19669847996416,0.0,0.00021623300403139645,0.0018430987191138115,0.43442253422720534,0
fdt_k135_thetad1_0.003,135,1,,5.179988229700879,thetad1,0.003,Solve_Succeeded,Solve_Succeeded,13.116895196205007,13.115870059267374,13.115410487303672,0.5788071643824841,0.5783584776703257,0.5794353963171729,0.07659532728373127,-0.1854238413086603,-0.198887771768158,0.26201916859239155,1.4130824102399493,0.0,-0.3417123125443548,0.4949029671118173,-278.8717598853907,1.0,0.0010769186468472247,0.0011837784400690055,0.2790192541317423,0
fdt_k135_random_0.001,135,1,,5.179988229700879,random,0.001,Solve_Succeeded,Solve_Succeeded,13.116895196205007,13.114659745462419,13.114430131983791,0.5788071643824841,0.579457061607233,0.5796710247227055,0.11480673931352214,-0.1338262678009765,-0.14819270371434298,0.24863300711449865,1.8578789590415852,0.0,-2.235450742588796,2.4650642212158402,-4700.514963804636,1.0,0.00021396311547250413,0.0011837784400690055,0.8370577623952269,0
fdt_k135_random_0.01,135,1,,5.179988229700879,random,0.01,Solve_Succeeded,Solve_Succeeded,13.116895196205007,13.11973220933843,13.118814334420765,0.5788071643824841,0.5778070502965292,0.5788625841769689,0.04589374588324091,-0.1338262678009765,-0.16012617030559442,0.17972001368421742,1.3429352595522808,0.0,0.2837013133422772,-0.1919138215757954,47.56151349180726,1.0,0.001055533880439663,0.0011837784400690055,0.08370577623952269,0
fdt_k135_random_0.003,135,1,,5.179988229700879,random,0.003,Solve_Succeeded,Solve_Succeeded,13.116895196205007,13.115297165221065,13.11707253458698,0.5788071643824841,0.578347989151776,0.5785622958033982,-0.2958948943190265,-0.1338262678009765,-0.14242738772446925,0.16206862651804999,0.5477236330523217,1.0,-0.5326769946473556,-0.05911279399069731,-157.85473355221944,1.0,0.0002143066516222536,0.0011837784400690055,0.2790192541317423,0
