task_key,k,t_in,ok,status,J0,d_s0,solve_s,rep_ok,rep_status,J_rep,noise,d_s_rep,p_rep_cos
base_k100,100,3.8370283182969445,1,Solve_Succeeded,13.657442436499663,1.890486388689821,265.4936032295227,1.0,Solve_Succeeded,13.657047693959052,0.00039474254061033776,1.8891026476552961,0.9997532838687365
base_k112,112,4.297471716492581,1,Solve_Succeeded,13.440760482692145,1.4629506544356148,241.38647198677063,1.0,Solved_To_Acceptable_Level,13.441101222100649,0.00034073940850376516,1.4620136114105997,0.999991300617166
base_k089,89,3.4149552032842827,1,Solve_Succeeded,13.756159640685484,2.300485398963057,241.72634410858154,1.0,Solve_Succeeded,13.75456896669309,0.001590673992392766,2.2982676692740274,0.9999991993801466
base_k135,135,5.179988229700879,1,Solve_Succeeded,13.116895196205007,0.5788071643824841,174.50698971748352,1.0,Solve_Succeeded,13.115711417764938,0.0011837784400690055,0.5784248143109898,0.9998815650285267
base_k123,123,4.719544831505246,1,Solve_Succeeded,13.300071153448442,1.0390753477791395,237.8439257144928,1.0,Solve_Succeeded,13.298228054729329,0.0018430987191138115,1.0387818632107504,0.9995668272749269
base_k077,77,2.95451180508865,1,Solve_Succeeded,13.872050105874445,2.737536331417249,511.4667809009552,1.0,Solve_Succeeded,13.866367553093085,0.005682552781360428,2.734953572339083,0.9998877807093711
base_k042,42,1.611551893684716,0,Maximum_Iterations_Exceeded,14.2030671121636,3.902007411672324,2228.220456123352,,,,,,
base_k031,31,1.1894787786720542,0,Maximum_Iterations_Exceeded,14.307275599113416,4.159957772238061,2237.929822206497,,,,,,
base_k008,8,0.30696226546375627,0,Maximum_Iterations_Exceeded,14.373713433281576,4.323702202453395,2828.3913021087646,,,,,,
base_k019,19,0.729035380476418,0,Maximum_Iterations_Exceeded,14.339586068957615,4.295015628838407,2871.916212797165,,,,,,
base_k065,65,2.494068406893014,1,Solve_Succeeded,14.025019718762659,3.174539149167235,571.464390039444,1.0,Solve_Succeeded,14.023484758986276,0.0015349597763822942,3.1707105851387962,0.9999954100733999
base_k054,54,2.071995291880352,1,Solve_Succeeded,14.107902815142202,3.5413422932013967,1402.7033672332764,0.0,Maximum_Iterations_Exceeded,14.101340883428415,,3.5385031945983614,
