task_key,ref,k,t_in,ok,V_label,V_resolve,U_label,U_resolve,tau_label,tau_resolve,z_t,past_peak_binding,p_cos,p_rel_err,p_sign_agree
traj_sol_ref_T18_m66_phi0.250.pkl_k8,sol_ref_T18_m66_phi0.250.pkl,8,0.2849407435280469,1,14.741624911377379,14.858036220727213,1.1397486630286413,1.1397473324657554,5.413874127032869,5.606285921899046,0.5787135334830675,0,0.9604084038764287,0.37188674935021027,0.6
traj_sol_ref_T18_m66_phi0.250.pkl_k23,sol_ref_T18_m66_phi0.250.pkl,23,0.8192046376431321,1,14.605774954389874,14.604568280769378,1.1397486630286413,1.1378752596237593,4.879610232917784,4.879676303703819,0.5787135334830675,0,0.9899728179688196,0.16013355755100828,1.0
traj_sol_ref_T18_m66_phi0.250.pkl_k38,sol_ref_T18_m66_phi0.250.pkl,38,1.3534685317582174,1,14.478078058267933,14.46413832759479,1.1397486630286413,1.1376276319187097,4.345346338802698,4.332615447447705,0.5787135334830675,0,0.9932587861992426,0.13258197565744623,0.9
traj_sol_ref_T18_m66_phi0.250.pkl_k53,sol_ref_T18_m66_phi0.250.pkl,53,1.8877324258733026,1,14.323566167123026,14.284397815023507,1.1397486630286413,1.1390772200043193,3.811082444687612,3.742624659295098,0.6269205108780668,0,0.9947926732180338,0.1912108143216783,1.0
traj_sol_ref_T18_m66_phi0.250.pkl_k68,sol_ref_T18_m66_phi0.250.pkl,68,2.421996319988388,1,14.211548790092001,14.272831330112796,1.1397486630286413,1.1466797041513583,3.2768185505725262,3.2446269359122275,0.6269205108780668,0,0.9849643562485748,0.17942802221229714,0.8
traj_sol_ref_T18_m66_phi0.250.pkl_k84,sol_ref_T18_m66_phi0.250.pkl,84,2.9918778070444816,1,14.017286871768375,13.907928442350157,1.1397486630286413,1.1318092165507638,2.7069370635164347,2.6543446533155572,0.6269205108780668,0,0.9100097885974767,0.4292729021151655,1.0
traj_sol_ref_T18_m66_phi0.250.pkl_k99,sol_ref_T18_m66_phi0.250.pkl,99,3.526141701159567,1,13.885766239294728,13.73962050442666,1.1397486630286413,1.1294982981036903,2.172673169401349,2.1378850409537034,0.6269205108780668,0,0.982373765894647,0.44920359109798064,0.9
traj_sol_ref_T18_m66_phi0.250.pkl_k114,sol_ref_T18_m66_phi0.250.pkl,114,4.060405595274652,1,13.708458453094535,13.616070989845324,1.1397486630286413,1.13193978754218,1.6384092752862633,1.63450137447801,0.7748805523491485,0,0.9354894741918217,0.353822877216639,1.0
traj_sol_ref_T18_m66_phi0.250.pkl_k129,sol_ref_T18_m66_phi0.250.pkl,129,4.594669489389737,1,13.46521398666146,13.371009473799283,1.1397486630286413,1.1317873052317184,1.1041453811711772,1.1086708635978006,0.7943198297264242,0,0.9693557947165955,0.28342482123106816,1.0
traj_sol_ref_T18_m66_phi0.250.pkl_k144,sol_ref_T18_m66_phi0.250.pkl,144,5.1289333835048225,1,13.265436656957274,13.172097968415141,1.1397486630286413,1.13172577250004,0.5698814870560911,0.5739928534649318,0.7943198297264242,0,0.8984014084851015,0.5535769634569214,0.8
traj_sol_ref_T18_m60_phi0.250.pkl_k8,sol_ref_T18_m60_phi0.250.pkl,8,0.2866842670454375,1,13.09795549967393,13.195634900804626,1.0301907690627217,1.0301607992481714,5.447001073863334,5.683649761484981,0.5689235287987441,0,0.9585606765233721,0.3518117677632226,0.6
traj_sol_ref_T18_m60_phi0.250.pkl_k23,sol_ref_T18_m60_phi0.250.pkl,23,0.8242172677556354,1,12.981774156772564,12.961150589676109,1.0301907690627217,1.0267798479237644,4.909468073153136,4.912196605831328,0.5689235287987441,0,0.9716472181791825,0.2803302073454252,1.0
traj_sol_ref_T18_m60_phi0.250.pkl_k38,sol_ref_T18_m60_phi0.250.pkl,38,1.3617502684658334,1,12.877173372202401,12.727944335184871,1.0301907690627217,1.0188960433506093,4.371935072442939,4.286266169028908,0.5689235287987441,0,0.9840292229462015,0.26972102301385387,0.9
traj_sol_ref_T18_m60_phi0.250.pkl_k53,sol_ref_T18_m60_phi0.250.pkl,53,1.8992832691760313,1,12.748498748328373,12.660968887802268,1.0301907690627217,1.0239147385950085,3.8344020717327414,3.770851084685339,0.5689235287987441,0,0.9659002774356751,0.27511209512258106,1.0
traj_sol_ref_T18_m60_phi0.250.pkl_k68,sol_ref_T18_m60_phi0.250.pkl,68,2.4368162698862292,1,12.656112684498298,12.591894812294516,1.0301907690627217,1.024559692014288,3.2968690710225443,3.2352547885771292,0.5689235287987441,0,0.9103467609619647,0.4182586590196421,0.8
traj_sol_ref_T18_m60_phi0.250.pkl_k84,sol_ref_T18_m60_phi0.250.pkl,84,3.010184803977104,1,12.500624831479099,12.39604729643503,1.0301907690627217,1.021419342023187,2.7235005369316667,2.659051858382877,0.5689235287987441,0,0.8541946590934777,0.5494134762173605,1.0
traj_sol_ref_T18_m60_phi0.250.pkl_k99,sol_ref_T18_m60_phi0.250.pkl,99,3.547717804687302,1,12.389130414876764,12.20249171277067,1.0301907690627217,1.015299456797715,2.1859675362214697,2.161111051920448,0.5689235287987441,0,0.9710822827572714,0.4800939737648159,0.9
traj_sol_ref_T18_m60_phi0.250.pkl_k114,sol_ref_T18_m60_phi0.250.pkl,114,4.0852508053975,1,12.250453418214335,12.091077376306982,1.0301907690627217,1.0161879769546192,1.6484345355112717,1.6522695131894594,0.7416659938466947,0,0.9611510441863866,0.2763042206175609,0.9
traj_sol_ref_T18_m60_phi0.250.pkl_k129,sol_ref_T18_m60_phi0.250.pkl,129,4.622783806107698,1,12.033777446418245,11.879423747298112,1.0301907690627217,1.0166406605170828,1.1109015348010747,1.1239746523640597,0.755868832984582,0,0.8703040871146843,0.49345064406077205,0.9
traj_sol_ref_T18_m60_phi0.250.pkl_k144,sol_ref_T18_m60_phi0.250.pkl,144,5.160316806817896,1,11.87044373135675,11.707193213325034,1.0301907690627217,1.0160633852924432,0.5733685340908767,0.586588176281815,0.755868832984582,0,0.9009355428258086,0.5170500747786633,0.7
traj_sol_ref_T18_m72_phi0.250.pkl_k8,sol_ref_T18_m72_phi0.250.pkl,8,0.2785318110989543,1,16.53676868235433,16.476422876804936,1.2590200958229667,1.2559314069810616,5.292104410880131,5.175417998896843,0.6199557976227908,0,0.8887432935328086,0.653292802584944,0.9
traj_sol_ref_T18_m72_phi0.250.pkl_k23,sol_ref_T18_m72_phi0.250.pkl,23,0.8007789569094932,1,16.386859719471616,16.37011059039315,1.2590200958229667,1.2561197639099468,4.769857265069592,4.7637774686405905,0.6199557976227908,0,0.9985031310488924,0.058813015052919825,1.0
traj_sol_ref_T18_m72_phi0.250.pkl_k38,sol_ref_T18_m72_phi0.250.pkl,38,1.323026102720032,1,16.216475619932996,16.152635582323928,1.2590200958229667,1.2551613861206583,4.247610119259052,4.176472913771973,0.7173512297264567,0,0.9863373344989632,0.1647754670894979,1.0
traj_sol_ref_T18_m72_phi0.250.pkl_k53,sol_ref_T18_m72_phi0.250.pkl,53,1.845273248530571,1,16.04960275583745,16.065768564466097,1.2590200958229667,1.2612702344210092,3.7253629734485134,3.675579258972628,0.7173512297264567,0,0.9898787556261596,0.27333686519905603,1.0
traj_sol_ref_T18_m72_phi0.250.pkl_k68,sol_ref_T18_m72_phi0.250.pkl,68,2.36752039434111,1,15.914596198021224,15.86059919653556,1.2590200958229667,1.2543584330859074,3.203115827637974,3.1748863652191592,0.7173512297264567,0,0.945733903263021,0.36519176589158114,0.8
traj_sol_ref_T18_m72_phi0.250.pkl_k84,sol_ref_T18_m72_phi0.250.pkl,84,2.9245840165390184,1,15.67356514712366,15.577677389934177,1.2590200958229667,1.2532223309658572,2.6460522054400655,2.622772123972442,0.7173512297264567,0,0.9671710428511323,0.2600303449321948,0.9
traj_sol_ref_T18_m72_phi0.250.pkl_k99,sol_ref_T18_m72_phi0.250.pkl,99,3.4468311623495573,1,15.527974654012423,15.417739483992053,1.2590200958229667,1.252864911305217,2.1238050596295266,2.1024193472754504,0.7173512297264567,0,0.9825012902573071,0.5250572032750046,1.0
traj_sol_ref_T18_m72_phi0.250.pkl_k114,sol_ref_T18_m72_phi0.250.pkl,114,3.9690783081600998,1,15.294644722446723,15.20538976363355,1.2590200958229667,1.2533273762967532,1.6015579138189873,1.605047359522652,0.8006168568726636,0,0.9816213556655357,0.2203478161863683,1.0
traj_sol_ref_T18_m72_phi0.250.pkl_k129,sol_ref_T18_m72_phi0.250.pkl,129,4.491325453970639,1,15.036880725738817,14.95264893814142,1.2590200958229667,1.2534139938947044,1.0793107680084484,1.083965821052995,0.8505169416136608,0,0.9842326450658164,0.26123914805514975,1.0
traj_sol_ref_T18_m72_phi0.250.pkl_k144,sol_ref_T18_m72_phi0.250.pkl,144,5.0135725997811775,1,14.807533483977808,14.718248105500631,1.2590200958229667,1.2533280579892232,0.5570636221979086,0.5612847699964711,0.8505169416136608,0,0.8849306576752473,0.6430585973736693,0.8
