task_key,k,t_in,u0,ok,J,U,d_s,effort,u_first,u0_vals
u0_k089_none,89,3.4149552032842827,none,1,13.883354218487248,1.1359307100927842,2.332834640428782,2.5198047002741104,"[0.041, 0.185, 0.036, -0.058]",null
u0_k089_ref,89,3.4149552032842827,ref,1,13.88651468986174,1.1362680427619214,2.33299397125795,2.5195944976157696,"[0.042, 0.183, 0.035, -0.057]","[0.016, 0.221, 0.046, -0.054]"
u0_k089_plus,89,3.4149552032842827,plus,1,13.860215661862817,1.1338806153507301,2.3294035126906865,2.51700643700757,"[0.116, 0.321, 0.148, 0.047]","[0.316, 0.521, 0.346, 0.246]"
u0_k089_minus,89,3.4149552032842827,minus,1,13.797934544209724,1.1296195232832746,2.2991858721933642,2.496982696470879,"[-0.084, 0.121, -0.055, -0.158]","[-0.284, -0.079, -0.254, -0.354]"
u0_k077_none,77,2.95451180508865,none,1,13.981119850083948,1.134254645543189,2.783870048464631,2.634205908296896,"[0.196, 0.212, 0.068, 0.127]",null
u0_k077_ref,77,2.95451180508865,ref,1,13.886785684349002,1.1270689272961416,2.734284887756256,2.610787066601984,"[0.258, 0.143, 0.025, 0.203]","[0.227, 0.158, 0.044, 0.108]"
u0_k077_plus,77,2.95451180508865,plus,1,13.946352138241537,1.1318665632441294,2.7635019344702543,2.623333153595418,"[0.327, 0.258, 0.171, 0.233]","[0.527, 0.458, 0.344, 0.408]"
u0_k077_minus,77,2.95451180508865,minus,1,13.869710647618948,1.1252162661438427,2.734853543342339,2.6110644267465606,"[0.127, 0.058, -0.058, -0.171]","[-0.073, -0.142, -0.256, -0.192]"
u0_k065_none,65,2.494068406893014,none,1,14.076823688359788,1.130334442027265,3.182015679235249,2.768831572210833,"[0.089, 0.003, -0.16, -0.03]",null
u0_k065_ref,65,2.494068406893014,ref,1,14.05209406221905,1.1280629386795764,3.1756653757285522,2.7663782106126202,"[0.097, -0.006, -0.19, -0.051]","[0.189, -0.121, -0.179, -0.033]"
u0_k065_plus,65,2.494068406893014,plus,1,14.076082215812097,1.130172028152361,3.1762851336009112,2.769593521083625,"[0.289, -0.021, -0.039, 0.07]","[0.489, 0.179, 0.121, 0.267]"
u0_k065_minus,65,2.494068406893014,minus,1,14.090519094892224,1.1311675995673764,3.1790183236076768,2.774136346630578,"[0.089, -0.221, -0.279, -0.22]","[-0.111, -0.421, -0.479, -0.333]"
u0_k054_none,54,2.071995291880352,none,1,14.150677783907,1.1302714806301057,3.5496929968000455,2.8431982089960197,"[-0.084, 0.117, 0.039, 0.066]",null
u0_k054_ref,54,2.071995291880352,ref,1,14.22333653091465,1.1345282437211408,3.6341670199598815,2.8736713341283435,"[0.02, -0.022, -0.043, 0.025]","[0.107, -0.138, -0.112, -0.013]"
u0_k054_plus,54,2.071995291880352,plus,1,14.16926592001819,1.131465617273787,3.5702752494055257,2.8501362802748798,"[0.207, -0.038, 0.113, 0.107]","[0.407, 0.162, 0.188, 0.287]"
u0_k054_minus,54,2.071995291880352,minus,1,14.193457056434132,1.1321134576241632,3.581879023692032,2.8674323490780154,"[0.007, -0.238, -0.253, -0.113]","[-0.193, -0.438, -0.412, -0.313]"
u0_k042_none,42,1.611551893684716,none,1,14.392941931477509,1.1391605627369916,4.128370619113051,2.9970341723306806,"[0.105, -0.125, -0.241, -0.056]",null
u0_k042_ref,42,1.611551893684716,ref,1,14.33913613676745,1.135501350564745,4.084860936830822,2.9796750753730126,"[0.114, -0.138, -0.261, -0.065]","[0.102, -0.124, -0.242, -0.057]"
u0_k042_plus,42,1.611551893684716,plus,1,14.27899913465769,1.1320624725740331,4.0035805415924335,2.953906347018839,"[0.202, -0.024, -0.099, 0.043]","[0.402, 0.176, 0.058, 0.243]"
u0_k042_minus,42,1.611551893684716,minus,1,14.27494477036635,1.1320017152770931,3.970465998299942,2.9502345680108664,"[0.002, -0.224, -0.486, -0.19]","[-0.198, -0.424, -0.542, -0.357]"
u0_k031_none,31,1.1894787786720542,none,1,14.481286126409952,1.1364387245727576,4.493148318847311,3.1124963859504193,"[0.037, 0.057, -0.005, 0.025]",null
u0_k031_ref,31,1.1894787786720542,ref,1,14.510042461244204,1.1382581725967769,4.522076661058163,3.123086994900273,"[0.019, 0.081, 0.015, 0.037]","[-0.004, 0.114, 0.035, 0.051]"
u0_k031_plus,31,1.1894787786720542,plus,1,14.432451341448393,1.1334559311176224,4.4291099834525935,3.0934444755197523,"[0.096, 0.214, 0.155, 0.171]","[0.296, 0.414, 0.335, 0.351]"
u0_k031_minus,31,1.1894787786720542,minus,1,14.463912731627433,1.1357104678671426,4.446167625866841,3.102209994280617,"[-0.115, -0.018, -0.194, -0.136]","[-0.304, -0.186, -0.265, -0.249]"
u0_k019_none,19,0.729035380476418,none,1,14.64226082563973,1.1400292632250442,5.014051293872287,3.237747099508073,"[0.003, 0.212, 0.062, 0.006]",null
u0_k019_ref,19,0.729035380476418,ref,1,14.628765372056943,1.1393421532681172,4.993567894959309,3.2310891550898106,"[0.006, 0.215, 0.058, 0.005]","[-0.01, 0.225, 0.078, 0.007]"
u0_k019_plus,19,0.729035380476418,plus,1,14.618215556885273,1.138937482463073,4.974271077107956,3.224412366141702,"[0.09, 0.325, 0.178, 0.114]","[0.29, 0.525, 0.378, 0.307]"
u0_k019_minus,19,0.729035380476418,minus,1,14.566985312013292,1.13753186872813,4.846378056687698,3.18720302824763,"[-0.11, 0.123, -0.159, -0.207]","[-0.31, -0.075, -0.222, -0.293]"
u0_k008_none,8,0.30696226546375627,none,1,14.73018836039266,1.1391309259386768,5.396398212323266,3.334526202497222,"[-0.034, 0.101, 0.082, 0.109]",null
u0_k008_ref,8,0.30696226546375627,ref,1,14.73365457792357,1.1394210649440455,5.395790026735588,3.3351420519511814,"[-0.034, 0.101, 0.081, 0.108]","[-0.033, 0.096, 0.079, 0.107]"
u0_k008_plus,8,0.30696226546375627,plus,1,14.741473649405195,1.1399180995222105,5.376484804214387,3.3380333227251913,"[0.068, 0.207, 0.238, 0.251]","[0.267, 0.396, 0.379, 0.407]"
u0_k008_minus,8,0.30696226546375627,minus,1,14.707898557529308,1.1382202263462489,5.3481719540310735,3.3211908021524668,"[-0.133, -0.004, -0.07, -0.015]","[-0.333, -0.204, -0.221, -0.193]"
u0_k100_none,100,3.8370283182969445,none,1,13.724673737363233,1.131097976608121,1.8976801857069496,2.409436174252959,"[-0.029, 0.066, -0.045, 0.004]",null
u0_k100_ref,100,3.8370283182969445,ref,1,13.724308906167902,1.1311980635168042,1.8973493479661574,2.408073101658581,"[-0.031, 0.068, -0.041, 0.005]","[-0.01, 0.05, 0.028, 0.067]"
u0_k100_plus,100,3.8370283182969445,plus,1,13.718968934367743,1.130767828079812,1.8960441424637664,2.406851786894372,"[0.09, 0.15, 0.131, 0.167]","[0.29, 0.35, 0.328, 0.367]"
u0_k100_minus,100,3.8370283182969445,minus,1,13.717480135286486,1.1307971439901137,1.8904088188676487,2.4052301109585796,"[-0.11, -0.05, -0.303, -0.153]","[-0.31, -0.25, -0.272, -0.233]"
u0_k123_none,123,4.719544831505246,none,1,13.335892033067486,1.128770896298152,1.0391801367343354,2.043972039950633,"[0.693, -0.364, -0.255, -0.062]",null
u0_k123_ref,123,4.719544831505246,ref,1,13.366249955085177,1.1313184496332755,1.03951326934135,2.0492796368227584,"[0.677, -0.374, -0.221, -0.063]","[0.666, -0.397, -0.196, -0.062]"
u0_k123_plus,123,4.719544831505246,plus,1,13.353045167042215,1.1304846341881167,1.0395334622285057,2.044179227650759,"[0.766, -0.297, -0.096, 0.057]","[0.966, -0.097, 0.104, 0.238]"
u0_k123_minus,123,4.719544831505246,minus,1,13.362285361631331,1.1310535001337678,1.039358687017123,2.04773023723194,"[0.566, -0.497, -0.539, -0.203]","[0.366, -0.697, -0.496, -0.362]"
u0_k112_none,112,4.297471716492581,none,1,13.44310390129601,1.1252991402124646,1.4630548905197107,2.184601636575969,"[0.31, -0.365, 0.112, 0.204]",null
u0_k112_ref,112,4.297471716492581,ref,1,13.440828480774032,1.1248137811713885,1.4628850846191737,2.1870010226923013,"[0.307, -0.362, 0.105, 0.198]","[0.358, -0.448, -0.085, 0.106]"
u0_k112_plus,112,4.297471716492581,plus,1,13.488060535713263,1.1295057953721017,1.463265388377251,2.1884239735209645,"[0.458, -0.347, 0.193, 0.267]","[0.658, -0.148, 0.215, 0.406]"
u0_k112_minus,112,4.297471716492581,minus,1,13.450515672270413,1.125087688078458,1.4630710748381277,2.1937500658569724,"[0.258, -0.548, -0.204, 0.006]","[0.058, -0.748, -0.385, -0.194]"
u0_k135_none,135,5.179988229700879,none,1,13.167190456542484,1.1302739583485861,0.579253915253075,1.8606987781487518,"[0.996, -0.169, 0.076, 0.081]",null
u0_k135_ref,135,5.179988229700879,ref,1,13.118516239088155,1.1256863195799833,0.5779778941386811,1.8571696350455085,"[0.992, -0.183, 0.067, 0.048]","[1.0, -0.178, 0.068, 0.069]"
u0_k135_plus,135,5.179988229700879,plus,1,13.131479568531416,1.1272172334314823,0.5783580630757931,1.8553491416571481,"[0.984, -0.078, 0.183, 0.187]","[1.0, 0.122, 0.368, 0.369]"
u0_k135_minus,135,5.179988229700879,minus,0,27.172312700777223,2.496241414011052,0.5003845802233161,2.2071658881415224,,"[0.7, -0.478, -0.232, -0.231]"
