k,minus,none,plus,ref
8,14.707898557529308,14.73018836039266,14.741473649405195,14.73365457792357
19,14.566985312013292,14.64226082563973,14.618215556885273,14.628765372056943
31,14.463912731627433,14.481286126409952,14.432451341448393,14.510042461244204
42,14.27494477036635,14.392941931477509,14.27899913465769,14.33913613676745
54,14.193457056434132,14.150677783907,14.16926592001819,14.22333653091465
65,14.090519094892224,14.076823688359788,14.076082215812097,14.05209406221905
77,13.869710647618948,13.981119850083948,13.946352138241537,13.886785684349002
89,13.797934544209724,13.883354218487248,13.860215661862817,13.88651468986174
100,13.717480135286486,13.724673737363233,13.718968934367743,13.724308906167902
112,13.450515672270413,13.44310390129601,13.488060535713263,13.440828480774032
123,13.362285361631331,13.335892033067486,13.353045167042215,13.366249955085177
135,27.172312700777223,13.167190456542484,13.131479568531416,13.118516239088155
