ok,status,iters,U_peak,effort,J,d_s,d_f,phi_l,phi_c,t_l,U_catch,U_imp,req_cap_N,req_cap_BW,U_swing,U_hold,U_catchphase,vrel_x,vrel_y,vrel_norm,wall_min_S,joint_margin_S_deg,wall_min_F,joint_margin_F_deg,wall_min_H,joint_margin_H_deg,wall_min,joint_margin_deg,u_max,task_key,part,variant,ref,m,T,solve_s,U_base,effort_base,J_base,sens_tau_cap,sens_tau_joint,wall_min_C,joint_margin_C_deg,U_catch_inst,U_catch_avg50ms
True,Solve_Succeeded,30.0,1.029768392712976,2.8646644541849167,13.166155467410452,5.743955418792835,0.4726732716351828,0.25,0.27625962620195466,22.5,1.0297683564474103,0.04238688856487796,1338.6989105268688,2.2743780335148975,1.0297682704904092,1.0297683742714119,,2.223902627326769,-2.670638404042223,3.47534924589977,-0.0006195436179645391,-2.151241374586596e-22,0.029999999999999805,1.4854661559808082e-06,-0.0006195434091353924,-9.057552452435925e-08,-0.0006195436179645391,-9.057552452435925e-08,0.9999977919616767,T18_m60_phi0.250_tau_all0.99,9.3,tau_all x0.99,sol_ref_T18_m60_phi0.250.pkl,60.0,18.0,213.67931580543518,1.0308262773085413,2.859752792101361,13.168015565186774,-2.392772499544133,"[-1.517355069367392, -0.4994765786049617, -0.32995242678602027, -0.04598842478575888]",,,,
True,Solve_Succeeded,31.0,1.0284778976405493,2.8490631467616927,13.13760577147909,5.736856742975471,0.4725313937961393,0.25,0.2762517440997855,22.5,1.0284778610399987,0.042868659390511016,1337.021266932714,2.2715278065455555,1.0284777726690097,1.0284779187236697,,2.2194084887045507,-2.666749353093362,3.469484998087999,-0.0006195342187768869,0.0,0.02999999999999936,1.76746525325853e-06,-0.0006195435199951582,-9.819329648636997e-08,-0.0006195435199951582,-9.819329648636997e-08,0.9999969001962699,T18_m60_phi0.250_base,base,base,sol_ref_T18_m60_phi0.250.pkl,60.0,18.0,216.67715001106262,1.0308262773085413,2.859752792101361,13.168015565186774,-2.210301054795761,"[-1.361859911559276, -0.4897474580822036, -0.31382118837971595, -0.04487249677456517]",,,,
True,Solve_Succeeded,42.0,1.0279237988648289,2.8446319073969537,13.12763175390763,5.727870965493084,0.47075728789376503,0.25,0.2761531826607647,22.5,1.0724027425761387,0.04448114849652837,1336.3009385242776,2.2703040070069274,1.0279221007441892,1.027923509873211,,2.2564311997750415,-2.683862607574038,3.5063656762597293,-0.0006194145902704857,-5.924244749291831e-24,0.02999999999999936,3.6930375616099266e-05,-0.0006195122745054071,5.480668235087631e-06,-0.0006195122745054071,-5.924244749291831e-24,0.9999409433300293,T18_m60_phi0.250_relax_catch,9.2,relax_catch_10pct,sol_ref_T18_m60_phi0.250.pkl,60.0,18.0,224.0217649936676,1.0308262773085413,2.859752792101361,13.168015565186774,-2.2217535026217208,"[-1.373686518048663, -0.5561537780687688, -0.25458448683961604, -0.03732871966467273]",,,,
True,Solve_Succeeded,33.0,1.0266865624648478,2.8311880757715637,13.101818439930508,5.72361376703123,0.4722557023300098,0.25,0.27623642790722275,22.5,1.026686537322148,0.04295098468701763,1334.6925312043022,2.267571408773874,1.026686475274833,1.0266865794044968,,2.2009387272925243,-2.6498940008742076,3.444716170770119,-0.0006195378975949583,-1.0251720406001098e-23,0.029999999999999805,9.195611298382961e-07,-0.0006195445340297923,-2.3391786974158618e-07,-0.0006195445340297923,-2.3391786974158618e-07,0.9999972003684268,T18_m60_phi0.250_tau_all1.01,9.3,tau_all x1.01,sol_ref_T18_m60_phi0.250.pkl,60.0,18.0,231.6758532524109,1.0308262773085413,2.859752792101361,13.168015565186774,-2.0848050673043215,"[-1.2621698929516516, -0.46173371641263644, -0.315993362562924, -0.04490809537710914]",,,,
True,Solve_Succeeded,66.0,1.0245727683445125,2.8421839286565005,13.091764503020944,5.714525982054922,0.47289530223535553,0.25,0.27627196123529746,22.5,1.0245727752061584,0.04312755128283703,1331.9445988478662,2.2629028182940303,1.1270300380595297,1.0245727717910338,,2.179040700964739,-2.622670883592613,3.409783122150932,-0.0006195455443521666,4.339046447235228e-27,0.03,-9.89342194216356e-07,-0.0006195455788882143,-9.89342194216356e-07,-0.0006195455788882143,-9.89342194216356e-07,0.9999997817784596,T18_m60_phi0.250_relax_swing,9.2,relax_swing_10pct,sol_ref_T18_m60_phi0.250.pkl,60.0,18.0,251.82544112205505,1.0308262773085413,2.859752792101361,13.168015565186774,-2.151117536113347,"[-1.335169724339044, -0.43549508192270375, -0.3332681186356781, -0.047184611215921594]",,,,
True,Solve_Succeeded,136.0,1.0232865856844748,2.4999985825819704,12.736430790538138,5.745349250279069,0.4723779569431546,0.25,0.2762432198301753,22.5,1.0232865764372474,0.04079668320701646,1330.2725613898174,2.260062115850862,1.0232865043820327,1.0232866123653206,,2.0897474635529103,-2.5240347059391333,3.2768575889426548,-0.0006195380525332982,2.8645188604702856e-26,0.029999999999999805,7.388472289472166e-07,-0.0006195448044312712,-2.787577494740768e-07,-0.0006195448044312712,-2.787577494740768e-07,0.9999975980404897,T18_m60_phi0.250_hold1.0,9.2,T_hold=1.0,sol_ref_T18_m60_phi0.250.pkl,60.0,18.0,271.27442479133606,1.0308262773085413,2.859752792101361,13.168015565186774,-2.0293890552442195,"[-1.2504691784185114, -0.4161738936980963, -0.3175012562639571, -0.04524472686365498]",,,,
True,Solve_Succeeded,92.0,0.9448186022103958,2.8482680504733997,12.300425577389769,5.749307184725878,0.4727926532840344,0.25,0.27626625851577974,22.5,0.9448186058876633,0.03992340389594049,1228.2641828735145,2.0867553225849718,0.9448185639894652,1.0393004645731743,,2.0589846243009315,-2.5102304533471855,3.2466405116703734,-0.0006195413747100333,0.0,0.029999999999999805,-4.0337450903198427e-07,-0.0006195449731429825,-4.0337450903198427e-07,-0.0006195449731429825,-4.0337450903198427e-07,0.9999985803397793,T18_m60_phi0.250_relax_hold,9.2,relax_hold_10pct,sol_ref_T18_m60_phi0.250.pkl,60.0,18.0,272.5330808162689,1.0308262773085413,2.859752792101361,13.168015565186774,-2.26755426342069,"[-1.398154436909605, -0.2752401095505665, -0.5106128123206133, -0.08354690463990548]",,,,
True,Solve_Succeeded,118.0,1.0353961948248582,2.954894707028983,13.312721987004556,5.863207567501078,0.4706792641901764,0.25,0.27614884801056544,22.5,1.035396205501145,0.04168202641960777,1346.0150532723158,2.2868077697456943,1.035396196146183,1.0353961995741605,,2.2053833219265746,-2.6353640276652124,3.436402065379385,-0.0006195455457298042,-1.446348815745076e-27,0.02999999999999936,-1.1123568892978824e-06,-0.0006195456451383308,-1.1123568892978824e-06,-0.0006195456451383308,-1.1123568892978824e-06,0.9999999803664991,T18_m60_phi0.250_tau_all0.95,9.3,tau_all x0.95,sol_ref_T18_m60_phi0.250.pkl,60.0,18.0,290.74530482292175,1.0308262773085413,2.859752792101361,13.168015565186774,-2.7308624184413857,"[-1.8592670430832763, -0.47739111964155845, -0.3379952021106821, -0.05620905360586842]",,,,
True,Solve_Succeeded,290.0,0.9812600972387188,2.185089827815066,12.001852245113914,5.294255223034226,0.4743645335469391,0.2500000000000002,0.2763535851970524,22.500000000000004,0.9812584991677551,0.07331458563747825,1275.6381264103345,2.1672411253998205,0.981258662201945,0.9812596564299928,,1.8130637447906237,-2.481623912404738,3.073378822288785,-0.0006192881973498144,0.0,0.03,46.385196423014065,-0.0006195314101646865,1.9008046967525699e-06,-0.0006195314101646865,0.0,0.9512428865053375,T18_m60_phi0.250_hold0.5,9.2,T_hold=0.5,sol_ref_T18_m60_phi0.250.pkl,60.0,18.0,368.63735699653625,1.0308262773085413,2.859752792101361,13.168015565186774,-2.5422377270541068,"[-1.2097826752312337, -0.9830475271842843, -0.2831919861085549, -0.06621553853003426]",,,,
True,Solve_Succeeded,53.0,1.0420740477114845,2.977186880372897,13.40232821383168,5.751850973936578,0.470803347210381,0.25,0.27615574151168787,22.5,1.0420732248123197,0.03987487376616807,1354.6962620249299,2.3015566803005942,1.0420711367938136,1.0420736689921513,,2.1850523315563533,-2.6116530115464056,3.4051703546752643,-0.0006193467035402276,-2.253111132748569e-17,0.029999999999999805,4.572213654358102e-05,-0.0006195195016096555,9.178112910664155e-06,-0.0006195195016096555,-2.253111132748569e-17,0.9999802343495144,T18_m60_phi0.250_tau_all0.9,9.3,tau_all x0.9,sol_ref_T18_m60_phi0.250.pkl,60.0,18.0,234.48691987991333,1.0308262773085413,2.859752792101361,13.168015565186774,-3.3094519078244935,"[-2.3925536498466378, -0.5001979293416166, -0.3567410438896839, -0.059959284746555166]",,,,
True,Solve_Succeeded,64.0,1.0245248308416377,2.799208039014754,13.048011235692712,5.7423553370456375,0.47230998784975053,0.25,0.27623944376943066,22.5,1.0245248128102706,0.04401141682655362,1331.882280094129,2.2627969420559446,1.0245247657829666,1.0245248212700944,,2.2129128227499186,-2.666254832349858,3.4649528123944173,-0.0006195385403850086,-6.942474315576365e-26,0.03,4.983462280426092e-07,-0.000619544844184361,-3.0820862351916535e-07,-0.000619544844184361,-3.0820862351916535e-07,0.9873486819865674,T18_m60_phi0.250_tau_all1.05,9.3,tau_all x1.05,sol_ref_T18_m60_phi0.250.pkl,60.0,18.0,247.89239168167114,1.0308262773085413,2.859752792101361,13.168015565186774,-1.8114638670659404,"[-1.0499261717464077, -0.43383245582897734, -0.2909969228308987, -0.03670831665965688]",,,,
True,Solve_Succeeded,27.0,1.0257224164934562,2.8136148879215632,13.074487457544997,5.729257622291848,0.4730978358377477,0.25,0.27628321310209714,22.5,1.0257224189373897,0.04341336599544805,1333.4391414414931,2.265441966431351,1.025722398231858,1.0257224173554045,,2.1985268735356582,-2.6493145737305617,3.442729748940457,-0.0006195428793266417,-6.511341114000889e-08,0.029999999999999805,-6.477031166624521e-07,-0.000619545427649637,-6.477031166624521e-07,-0.000619545427649637,-6.477031166624521e-07,0.9912878085793452,T18_m60_phi0.250_tau_elbow1.05,9.3,tau_elbow x1.05,sol_ref_T18_m60_phi0.250.pkl,60.0,18.0,213.5965678691864,1.0308262773085413,2.859752792101361,13.168015565186774,-1.9103384277031596,"[-1.080316861358161, -0.4732843936343178, -0.31476706787029146, -0.04197010484038933]",,,,
True,Solve_Succeeded,79.0,1.0199328035530029,2.753503861653157,12.956268697964305,5.733652948120703,0.47209419695789145,0.2499999999999998,0.27622745538654925,22.499999999999996,1.0199325144995106,0.04391405482865389,1325.9126446189036,2.252654849845232,1.0199320197991373,1.0199326618394073,,2.1928303063897956,-2.659006220764618,3.446566238256056,-0.0006194533469418752,-3.554546849575099e-23,0.02999999999999936,1.6732866399077185e-05,-0.0006195356701459431,2.4330368597047405e-06,-0.0006195356701459431,-3.554546849575099e-23,0.9474079801636326,T18_m60_phi0.250_tau_all1.1,9.3,tau_all x1.1,sol_ref_T18_m60_phi0.250.pkl,60.0,18.0,263.1481976509094,1.0308262773085413,2.859752792101361,13.168015565186774,-1.6530700940915246,"[-0.9492177550104163, -0.37060604077339565, -0.3005966153033028, -0.03264968300440979]",,,,
True,Solve_Succeeded,40.0,1.0267468017500578,2.834052744310546,13.105280135551762,5.7273905157100575,0.4722355028695112,0.25,0.2762353057149729,22.5,1.026746718731033,0.04236964067172833,1334.7708422750752,2.2677044551054624,1.0267465100077748,1.0267467549177753,,2.1977886046287747,-2.64844340592885,3.4415878929709325,-0.0006195186648387963,-4.0729182651381336e-24,0.029999999999999805,5.332433376187205e-06,-0.0006195414958636292,5.689843056018084e-07,-0.0006195414958636292,-4.0729182651381336e-24,0.9999922478430182,T18_m60_phi0.250_tau_shoulder1.05,9.3,tau_shoulder x1.05,sol_ref_T18_m60_phi0.250.pkl,60.0,18.0,231.08316826820374,1.0308262773085413,2.859752792101361,13.168015565186774,-2.1519542520191624,"[-1.3447119688718772, -0.4262463965941921, -0.3337192907087483, -0.047276595844344974]",,,,
True,Solve_Succeeded,37.0,1.0290197384641173,2.8545282897520368,13.14847852203843,5.727048098637547,0.4721785652791913,0.25,0.27623214251551054,22.5,1.0290195336202577,0.04345415898555357,1337.7256600033525,2.272724532795366,1.0290192478562934,1.029019658817108,,2.2148797933139157,-2.6568913424690743,3.459012012774372,-0.0006195060171732252,-1.7772734247875494e-23,0.02999999999999936,9.634119893759262e-06,-0.0006195377265947322,1.117951364121499e-06,-0.0006195377265947322,-1.7772734247875494e-23,0.9999894598668654,T18_m60_phi0.250_tau_shoulder0.95,9.3,tau_shoulder x0.95,sol_ref_T18_m60_phi0.250.pkl,60.0,18.0,234.94845533370972,1.0308262773085413,2.859752792101361,13.168015565186774,-2.2272661837804764,"[-1.3550914698839311, -0.5206787347450316, -0.30773570358753866, -0.04376027556397503]",,,,
True,Solve_Succeeded,85.0,1.0304398679710634,2.8770116434382205,13.185412927884261,5.721168970399497,0.4711951630679245,0.25,0.2761775090593292,22.5,1.0304398263803538,0.041005605840082754,1339.5718283623823,2.2758610743499528,1.0304397000238934,1.0304398417351852,,2.183437887040431,-2.629787751126258,3.4180673812166553,-0.0006195308818918478,-3.649334765563768e-21,0.029999999999999805,1.7740408083403e-06,-0.0006195436690101808,6.806949340399608e-08,-0.0006195436690101808,-3.649334765563768e-21,0.9999976355726173,T18_m60_phi0.250_tau_elbow0.95,9.3,tau_elbow x0.95,sol_ref_T18_m60_phi0.250.pkl,60.0,18.0,276.1464424133301,1.0308262773085413,2.859752792101361,13.168015565186774,-2.7353273859548426,"[-1.8899374388333825, -0.447835309798063, -0.34871808493683293, -0.04883655238656426]",,,,
True,Solve_Succeeded,52.0,1.029926663525444,2.8668084000002105,13.169938312781488,5.748855885224162,0.47354189796791185,0.2500000000000002,0.27630788322043975,22.500000000000004,1.02992664182134,0.042313619813905835,1338.9046625830772,2.2747275952821564,1.0299265781223645,1.029926651430069,,2.2275141365367475,-2.676593333847535,3.482236508806964,-0.000619536781497395,-4.339046447235228e-27,0.03,7.424426551813303e-07,-0.0006195451046830946,-2.0617419658842934e-07,-0.0006195451046830946,-2.0617419658842934e-07,0.9999977554844336,T18_m60_phi0.250_tau_hip0.95,9.3,tau_hip x0.95,sol_ref_T18_m60_phi0.250.pkl,60.0,18.0,234.95533657073975,1.0308262773085413,2.859752792101361,13.168015565186774,-2.325844879465812,"[-1.4435620504972468, -0.48442780760207926, -0.3512633142299143, -0.04659170713657198]",,,,
True,Solve_Succeeded,362.0,1.0270539956850762,3.1082079841090327,13.38258357712844,5.698540623564678,0.4735732026134553,0.25,0.2763096223674142,22.5,1.0270539067556197,0.04406060394913036,1335.170194390599,2.2683829330455296,1.0270536286767802,1.0270539505027905,,2.193646085302602,-2.6789369920355743,3.4624827154601134,-0.0006194932397551034,-9.182579361402339e-20,0.02999999999999936,5.703403732569065e-06,-0.0006195370016417456,1.0047792326405578e-06,-0.0006195370016417456,-9.182579361402339e-20,0.9999877880612252,T18_m60_phi0.250_hold3.0,9.2,T_hold=3.0,sol_ref_T18_m60_phi0.250.pkl,60.0,18.0,561.4304594993591,1.0308262773085413,2.859752792101361,13.168015565186774,-2.317736259516654,"[-1.4155707157783508, -0.4590527557837192, -0.39221183527870823, -0.05090095267587581]",,,,
True,Solve_Succeeded,47.0,1.0280986956384297,2.8429224014803873,13.127555180225475,5.749071891068618,0.47160261903237993,0.25,0.276200145501799,22.5,1.0280986275847535,0.0434112450235454,1336.5283043299587,2.270690289381513,1.0280985346742115,1.0280986734727353,,2.221908744762831,-2.662818372654482,3.4680657657835448,-0.0006195345194748465,-6.146403927390275e-23,0.03,2.373930824587373e-06,-0.0006195432774527276,-1.7680512640974803e-09,-0.0006195432774527276,-1.7680512640974803e-09,0.9999941064615562,T18_m60_phi0.250_tau_hip1.05,9.3,tau_hip x1.05,sol_ref_T18_m60_phi0.250.pkl,60.0,18.0,226.58859300613403,1.0308262773085413,2.859752792101361,13.168015565186774,-2.1037605116637166,"[-1.3366786239921287, -0.463481642006736, -0.2657439913036985, -0.037856254361153474]",,,,
True,Solve_Succeeded,20.0,1.0290323177574585,2.855998910435554,13.150098493649692,5.747193054757477,0.4727500000249963,0.25,0.2762638888902775,22.5,1.0290317262491002,0.04250272237688806,1337.742013084696,2.272752315808182,1.0290309556427486,1.029032099310584,,2.2241787905382666,-2.6719372448407235,3.4765241165059253,-0.0006194358697224588,4.628316210384243e-26,0.02999999999999936,3.0171078643603656e-05,-0.0006195186802457897,4.723830084084747e-06,-0.0006195186802457897,4.628316210384243e-26,0.9999779880879868,T18_m60_phi0.250_tau_knee0.95,9.3,tau_knee x0.95,sol_ref_T18_m60_phi0.250.pkl,60.0,18.0,194.4075219631195,1.0308262773085413,2.859752792101361,13.168015565186774,-2.257612694853601,"[-1.3979552638798933, -0.49264836353222874, -0.31856569815783176, -0.04844336928364685]",,,,
True,Solve_Succeeded,51.0,1.0270129470887315,2.839463468546315,13.113389447737203,5.722494511368284,0.4721828690784057,0.25,0.276232381615467,22.5,1.0270128235211577,0.04267938854397326,1335.1168312153509,2.2682922718575447,1.0270125781493011,1.0270128899422215,,2.195946634911891,-2.64541807655131,3.4380835392883182,-0.0006195148094526298,0.0,0.029999999999999805,6.686706842222883e-06,-0.000619540607234903,7.49476979831464e-07,-0.000619540607234903,0.0,0.9999907456096135,T18_m60_phi0.250_tau_knee1.05,9.3,tau_knee x1.05,sol_ref_T18_m60_phi0.250.pkl,60.0,18.0,234.53998923301697,1.0308262773085413,2.859752792101361,13.168015565186774,-2.1665793249578464,"[-1.3449057458005684, -0.4579407297952665, -0.32194785099927464, -0.04178499836273687]",,,,
True,Solve_Succeeded,26.0,1.0278239509715135,2.8440484819774468,13.12604815792907,5.7277466558553565,0.47134605364632093,0.25,0.2761858918692401,22.5,1.0278238153633221,0.02215398083730345,1336.1711362629676,2.2700834798895135,1.027823674843778,1.0278239800079572,,2.2389372980410114,-2.6756959987721824,3.4888664781565732,-0.0006195182836203697,9.330685480134634e-23,0.03,5.112024397205277e-06,-0.0006195410870750706,4.3928185819156885e-07,-0.0006195410870750706,9.330685480134634e-23,0.9999918144791053,T18_m60_phi0.250_dcatch0.1,9.4,delta_catch=0.1,sol_ref_T18_m60_phi0.250.pkl,60.0,18.0,218.2654800415039,1.0308262773085413,2.859752792101361,13.168015565186774,-2.1888573473054267,"[-1.3592900619705546, -0.5076241689634671, -0.28423568310526187, -0.03770743326614327]",,,,
True,Solve_Succeeded,62.0,1.0308881644432246,2.861627216285008,13.174411114309853,5.751732973246978,0.47495368886419936,0.25,0.2763863160480111,22.5,1.0308881343167386,0.07851260762809872,1340.154613776192,2.276851195678206,1.030887824192401,1.030888129825924,,2.1233183606125063,-2.5766804063589435,3.3388265568951425,-0.0006195133596971457,0.0,0.029999999999999805,5.1094696230185005e-06,-0.000619540804111196,1.1894035937069498e-06,-0.000619540804111196,0.0,0.9999893174292384,T18_m60_phi0.250_dcatch0.025,9.4,delta_catch=0.025,sol_ref_T18_m60_phi0.250.pkl,60.0,18.0,239.82402920722961,1.0308262773085413,2.859752792101361,13.168015565186774,-2.434253569286596,"[-1.517522384371953, -0.34117982494559296, -0.4939658156576329, -0.0815855443114171]",,,,
True,Solve_Succeeded,42.0,1.1380136948851547,3.4325185254225836,14.817082260000035,5.7451274788609235,0.4704953904597054,0.25,0.2761386328033171,22.5,1.138013710006761,0.04592920388025969,1479.4178033507012,2.284956295911255,1.2518146607687777,1.1380136605032762,,2.1316420279407073,-2.568415022173725,3.3377617442547973,-0.0006195326892752522,0.0,0.03,2.2334974782929064e-06,-0.0006195436956013545,2.5188190974908533e-07,-0.0006195436956013545,0.0,0.9999981037843452,T18_m66_phi0.250_relax_swing,9.2,relax_swing_10pct,sol_ref_T18_m66_phi0.250.pkl,66.0,18.0,228.6840307712555,1.14052889559245,3.4350744766686647,14.840363432593165,-3.3603948664194325,"[-2.40980502923904, -0.39975390593306465, -0.4705244950743695, -0.0803114361729584]",,,,
True,Solve_Succeeded,63.0,1.1354577401623684,3.411746055778311,14.770798465335119,5.695071627822773,0.46822376323394693,0.2499999999999998,0.27601243129077463,22.499999999999996,1.1821536898146334,0.04669646848376796,1476.095062211079,2.279824332331077,1.1354562141591424,1.1354575300822518,,2.138848735610174,-2.5656811697606186,3.3402685189495553,-0.0006194591221350774,-1.646940040303129e-21,0.029999999999999805,2.0671701244147286e-05,-0.000619534790497589,3.3923758256666973e-06,-0.000619534790497589,-1.646940040303129e-21,0.9999879516585901,T18_m66_phi0.250_relax_catch,9.2,relax_catch_10pct,sol_ref_T18_m66_phi0.250.pkl,66.0,18.0,244.90798544883728,1.14052889559245,3.4350744766686647,14.840363432593165,-3.3874353809526867,"[-2.4006039221387954, -0.5282756700336648, -0.401263754513573, -0.057292034266653545]",,,,
True,Solve_Succeeded,88.0,1.1378906640050213,3.041134771427127,14.423948268304184,5.8466204512724715,0.4708691957319177,0.25,0.27615939976288434,22.5,1.137890677097516,0.044070371100618545,1479.2578632065276,2.2847092688452224,1.1378906516105027,1.1378907122839774,,2.0714123922461116,-2.514834251776214,3.258088490611879,-0.0006195437592388473,-7.405305936614789e-25,0.03,-8.231820281033423e-07,-0.0006195454874049489,-8.231820281033423e-07,-0.0006195454874049489,-8.231820281033423e-07,0.9999997663605088,T18_m66_phi0.250_hold1.0,9.2,T_hold=1.0,sol_ref_T18_m66_phi0.250.pkl,66.0,18.0,236.5834059715271,1.14052889559245,3.4350744766686647,14.840363432593165,-3.2533189622672785,"[-2.343821743877776, -0.43274848528407217, -0.407562247064637, -0.06918648604079297]",,,,
True,Solve_Succeeded,110.0,1.0492372332134694,3.4191846063721476,13.916196506492179,5.71069935245559,0.4705024511975062,0.25,0.2761390250665282,22.5,1.0492371699741112,0.042168430044886476,1364.0084031775102,2.1067068284952124,1.049236617391807,1.1541608596911443,,2.0201926084683586,-2.460105050391949,3.1832836873697206,-0.0006194865605803034,-2.9621223746459156e-24,0.03,6.791390779342137e-06,-0.0006195376670361519,3.845796591611447e-06,-0.0006195376670361519,-2.9621223746459156e-24,0.9999936072096532,T18_m66_phi0.250_relax_hold,9.2,relax_hold_10pct,sol_ref_T18_m66_phi0.250.pkl,66.0,18.0,291.3619179725647,1.14052889559245,3.4350744766686647,14.840363432593165,-3.396613294359039,"[-2.400421676729713, -0.29793051321449476, -0.590647376736851, -0.10761372767797987]",,,,
True,Solve_Succeeded,43.0,1.1394770860773114,3.426390210184805,14.825625839268465,5.733033958219771,0.4703645767752025,0.2499999999999998,0.2761313653764,22.499999999999996,1.1394770568884955,0.04429782861308033,1481.3202119005048,2.2878945601280463,1.1394768344746484,1.1394770491755366,,2.1183246538245775,-2.561034321526193,3.3235818231293996,-0.0006195291966413462,0.0,0.03,2.2479806810903556e-06,-0.0006195436327276482,3.299703666774099e-07,-0.0006195436327276482,0.0,0.9999977871023862,T18_m66_phi0.250_base,base,base,sol_ref_T18_m66_phi0.250.pkl,66.0,18.0,232.31864476203918,1.14052889559245,3.4350744766686647,14.840363432593165,-3.4083993345675476,"[-2.423243641040341, -0.408330830527173, -0.48986017942748555, -0.08696468357254776]",,,,
True,Solve_Succeeded,25.0,1.141278441232574,3.4362298965840745,14.853517726472477,5.7238697702280685,0.4699458047440968,0.25,0.2761081002635609,22.5,1.1412782156140022,0.044042461060701754,1483.6619736023463,2.291511403951358,1.1412770258732132,1.1412782011913014,,2.116416521449515,-2.556910395704826,3.3191881031252017,-0.0006194442802268784,-4.4431835619688734e-24,0.029999999999999805,1.8871731663488384e-05,-0.0006195342637687062,4.564711443397666e-06,-0.0006195342637687062,-4.4431835619688734e-24,0.9999872219778778,T18_m66_phi0.250_tau_all0.99,9.3,tau_all x0.99,sol_ref_T18_m66_phi0.250.pkl,66.0,18.0,207.84552025794983,1.14052889559245,3.4350744766686647,14.840363432593165,-3.5078672135132485,"[-2.5161121959832156, -0.41769255912262093, -0.486402440004456, -0.08766001840295609]",,,,
True,Solve_Succeeded,345.0,1.0845734024960154,2.6124233953760383,13.462802668260595,5.185842251178984,0.4738957819037112,0.2499999999999996,0.2763275434390946,22.499999999999993,1.0716467781825205,0.05053575508419414,1409.94542324482,2.1776564162184844,1.0845732147234566,1.0845733335845242,,2.192663902550256,-2.804168909020668,3.5596542331896623,-0.0006194864791210942,0.0,0.02999999999999936,37.02778343198184,-0.0006195406043234541,1.1713486089188888e-07,-0.0006195406043234541,0.0,0.9999941260481493,T18_m66_phi0.250_hold0.5,9.2,T_hold=0.5,sol_ref_T18_m66_phi0.250.pkl,66.0,18.0,391.308447599411,1.14052889559245,3.4350744766686647,14.840363432593165,-2.782212898173702,"[-1.0244306840815263, -1.1778230513180028, -0.4487896884913248, -0.13116947428284798]",,,,
True,Solve_Succeeded,45.0,1.1381204159027098,3.4182868534293096,14.803842092560117,5.745277472242803,0.4708394887605406,0.2499999999999996,0.2761577493755851,22.499999999999993,1.1381204051176472,0.04468729951024477,1479.5565406735227,2.2851705752842224,1.138120288534655,1.1381204182617715,,2.127180749264103,-2.5724405292133805,3.3380156105655656,-0.0006195354269893441,0.0,0.02999999999999936,6.461418714248528e-07,-0.0006195445293069035,-7.47698598125761e-08,-0.0006195445293069035,-7.47698598125761e-08,0.9999985319287154,T18_m66_phi0.250_tau_all1.01,9.3,tau_all x1.01,sol_ref_T18_m66_phi0.250.pkl,66.0,18.0,236.29191207885742,1.14052889559245,3.4350744766686647,14.840363432593165,-3.1174046308355234,"[-2.163691628911189, -0.37500384681036536, -0.4927535475636585, -0.08595560755031084]",,,,
True,Solve_Succeeded,92.0,1.130202162768657,3.367948506448235,14.674139820004017,5.730049974706643,0.4711042565660819,0.2499999999999998,0.2761724586981155,22.499999999999996,1.130201847852054,0.045186598192569136,1469.262811599254,2.269271942049322,1.1302002010229482,1.1302018452383251,,2.096896249246101,-2.5459639273777093,3.298318692851086,-0.0006194191586193273,-2.7059482409513706e-21,0.029999999999999805,2.265166536056163e-05,-0.0006195284336092399,5.675666382358615e-06,-0.0006195284336092399,-2.7059482409513706e-21,0.9999760007807103,T18_m66_phi0.250_tau_all1.05,9.3,tau_all x1.05,sol_ref_T18_m66_phi0.250.pkl,66.0,18.0,276.1515724658966,1.14052889559245,3.4350744766686647,14.840363432593165,-2.720500988021658,"[-1.8412546888014691, -0.3767933706300407, -0.4413967355020418, -0.061056193088106434]",,,,
True,Solve_Succeeded,113.0,1.1214108192990524,3.3237555758483617,14.541496426043604,5.7499062953042355,0.47018473721289045,0.2499999999999996,0.2761213742896046,22.499999999999993,1.1214107469116945,0.04578522002711263,1457.834065088768,2.2516202778376546,1.1214102904593042,1.1214107909279798,,2.0441003582739716,-2.5290743630216825,3.25185537937795,-0.000619512447395304,8.886367123937747e-24,0.02999999999999936,7.653895149972099e-06,-0.0006195415285219497,9.98108178223922e-07,-0.0006195415285219497,8.886367123937747e-24,0.9999918291371562,T18_m66_phi0.250_tau_all1.1,9.3,tau_all x1.1,sol_ref_T18_m66_phi0.250.pkl,66.0,18.0,287.7776894569397,1.14052889559245,3.4350744766686647,14.840363432593165,-2.1095103350993214,"[-1.3012149454233453, -0.31634108189805654, -0.4229750715952291, -0.06897923618269036]",,,,
True,Solve_Succeeded,156.0,1.149185402594338,3.5021179162155773,14.998193397689661,5.780950852085531,0.4702207989743714,0.25,0.27612337772079837,22.5,1.1491851492430774,0.04442329758392743,1493.9410233726394,2.3073873650459324,1.149183956319362,1.1491851365213772,,2.168388693718741,-2.6094045181765733,3.392771944373447,-0.0006194410394743596,-1.5640006138130435e-21,0.029999999999999805,1.738120959600817e-05,-0.0006195318662403082,4.748355137678013e-06,-0.0006195318662403082,-1.5640006138130435e-21,0.9999890737991567,T18_m66_phi0.250_tau_elbow0.95,9.3,tau_elbow x0.95,sol_ref_T18_m66_phi0.250.pkl,66.0,18.0,328.9489142894745,1.14052889559245,3.4350744766686647,14.840363432593165,-4.40351035933848,"[-3.380494535125832, -0.44899835720173203, -0.48273848283492204, -0.09127898417599292]",,,,
True,Solve_Succeeded,39.0,1.1390551669495985,3.4148968145576424,14.809799257261323,5.736194726488317,0.4705139684045278,0.2499999999999998,0.2761396649113625,22.499999999999996,1.1390551764475294,0.04414417303699594,1480.7717170344781,2.2870474114763506,1.1390550953829501,1.1390551589724685,,2.1158100067605137,-2.5619452226134634,3.3226819451129948,-0.0006195400595553745,0.0,0.029999999999999805,-1.6051788755253512e-07,-0.0006195450537753722,-2.730209384673555e-07,-0.0006195450537753722,-2.730209384673555e-07,0.9999992611875728,T18_m66_phi0.250_tau_shoulder1.05,9.3,tau_shoulder x1.05,sol_ref_T18_m66_phi0.250.pkl,66.0,18.0,230.7071967124939,1.14052889559245,3.4350744766686647,14.840363432593165,-3.3330718101186507,"[-2.4151112951085154, -0.31499146781003434, -0.5115195383569944, -0.0914495088431067]",,,,
True,Solve_Succeeded,346.0,1.1411438046078761,3.700651153698784,15.116436454547673,5.669165051569486,0.47125029357734183,0.25,0.27618057186540784,22.5,1.1411432306842804,0.043865395824596774,1483.486945990239,2.2912410743370075,1.1411405224418725,1.1411433854149868,,2.10105713033239,-2.5441944826972542,3.299600980528968,-0.0006193281677914254,-1.0663640548725297e-22,0.03,4.165701146466292e-05,-0.0006195186006503484,1.0837006469427436e-05,-0.0006195186006503484,-1.0663640548725297e-22,0.9999698848236833,T18_m66_phi0.250_hold3.0,9.2,T_hold=3.0,sol_ref_T18_m66_phi0.250.pkl,66.0,18.0,558.7031352519989,1.14052889559245,3.4350744766686647,14.840363432593165,-3.383431473325482,"[-2.4095419383615706, -0.4262829273865605, -0.46926361777166276, -0.07834298980568828]",,,,
True,Solve_Succeeded,71.0,1.1308043865111919,3.388082328185032,14.700510974156177,5.707378555650506,0.47112517343486376,0.25,0.2761736207463813,22.5,1.1308043853285465,0.044395985502938655,1470.0457024645493,2.2704811146087005,1.1308043161723165,1.1308043797501135,,2.0747024072391533,-2.522021597802557,3.265728558589415,-0.0006195385376509786,-2.246688432222452e-27,0.03,-1.9159292456793176e-07,-0.0006195449771619899,-2.985767398606804e-07,-0.0006195449771619899,-2.985767398606804e-07,0.9999991685974929,T18_m66_phi0.250_tau_elbow1.05,9.3,tau_elbow x1.05,sol_ref_T18_m66_phi0.250.pkl,66.0,18.0,260.77745175361633,1.14052889559245,3.4350744766686647,14.840363432593165,-2.9601499970393332,"[-1.9587545903456, -0.3919811584706629, -0.5203132863667281, -0.0891009618563424]",,,,
True,Solve_Succeeded,67.0,1.1401333014893602,3.438273636089388,14.844127929737885,5.725659693688618,0.4701891051850884,0.25,0.27612161695472714,22.5,1.1401329625917151,0.044535554323290004,1482.1732919361682,2.2892121396474967,1.1401315237282048,1.1401331438720281,,2.128415120242444,-2.568991211445064,3.3361454957118752,-0.0006194420168969556,-6.66477534295331e-23,0.03,2.228376808155744e-05,-0.0006195321408055676,4.760572945875825e-06,-0.0006195321408055676,-6.66477534295331e-23,0.9999865333799663,T18_m66_phi0.250_tau_shoulder0.95,9.3,tau_shoulder x0.95,sol_ref_T18_m66_phi0.250.pkl,66.0,18.0,246.8964033126831,1.14052889559245,3.4350744766686647,14.840363432593165,-3.3802398609466002,"[-2.3921541460436813, -0.49973221545499974, -0.42099612729712543, -0.06735737215079378]",,,,
True,Solve_Succeeded,34.0,1.141236696891723,3.4433238787501175,14.860177572164483,5.746432400107512,0.47131416296763823,0.25,0.2761841201648687,22.5,1.1412366963806873,0.043814112762924885,1483.6077059592399,2.291427587741698,1.1412366237184988,1.1412366850915552,,2.1188743440911035,-2.564484760981973,3.326591434991119,-0.0006195394538817539,0.0,0.029999999999999805,3.956737245927873e-08,-0.0006195449141870313,-2.2308450610774092e-07,-0.0006195449141870313,-2.2308450610774092e-07,0.999999073295262,T18_m66_phi0.250_tau_hip0.95,9.3,tau_hip x0.95,sol_ref_T18_m66_phi0.250.pkl,66.0,18.0,218.1019742488861,1.14052889559245,3.4350744766686647,14.840363432593165,-3.3473819824727538,"[-2.360603902541818, -0.3450025258882214, -0.5438224036744493, -0.09795315036826498]",,,,
True,Solve_Succeeded,49.0,1.138494901895276,3.415787086546615,14.805102522612994,5.732435052571244,0.4698956641979081,0.2499999999999998,0.2761053146776613,22.499999999999996,1.1384947654392086,0.04458757038596674,1480.0433724638588,2.2859224855031335,1.1384940794660638,1.1384947874709166,,2.1270077361589776,-2.570827173589418,3.3366621444410423,-0.0006195054451609526,0.0,0.029999999999999805,9.266384288710637e-06,-0.0006195395629009504,1.8610177642425203e-06,-0.0006195395629009504,0.0,0.9999935301006866,T18_m66_phi0.250_tau_hip1.05,9.3,tau_hip x1.05,sol_ref_T18_m66_phi0.250.pkl,66.0,18.0,226.5169780254364,1.14052889559245,3.4350744766686647,14.840363432593165,-3.3408248771740143,"[-2.40130337946941, -0.46369495767143026, -0.4112490482546578, -0.06457749177851581]",,,,
True,Solve_Succeeded,397.0,1.1480808828989086,3.499507651426881,14.9850011253875,5.699110343704432,0.47297865909286535,0.25,0.27627659217182593,22.5,1.148080865285859,0.04435283330173587,1492.5051477685813,2.3051696595443443,1.1480807283690928,1.1480808632351154,,2.145686717251644,-2.5919113082024623,3.364814366079938,-0.0006195284546050683,-8.708639781458991e-22,0.03,9.737991033768559e-07,-0.0006195430203068675,1.8238266796024034e-07,-0.0006195430203068675,-8.708639781458991e-22,0.9999986455721146,T18_m66_phi0.250_tau_all0.95,9.3,tau_all x0.95,sol_ref_T18_m66_phi0.250.pkl,66.0,18.0,552.3577976226807,1.14052889559245,3.4350744766686647,14.840363432593165,-4.216279339372839,"[-3.0382268216828274, -0.5289628556468, -0.5406796562961858, -0.10841000574702639]",,,,
True,Solve_Succeeded,398.0,1.1672475100346422,3.608661661782995,15.286316879286487,5.699417121125813,0.47533928638560313,0.2500000000204072,0.2764077381529406,22.50000000036733,1.167247427244178,0.044949755236865445,1517.4217630450348,2.343653296026063,1.1672470670110218,1.1672473939740744,,2.1771950505791264,-2.6481145212685013,3.42821948043286,-0.0006194723557264668,-1.261091530800109e-07,0.029999999981958236,5.201167711595464e-06,-0.0006195400352617675,2.711120293419691e-06,-0.0006195400352617675,-1.261091530800109e-07,0.9999939548480992,T18_m66_phi0.250_tau_all0.9,9.3,tau_all x0.9,sol_ref_T18_m66_phi0.250.pkl,66.0,18.0,535.9172291755676,1.14052889559245,3.4350744766686647,14.840363432593165,-11.873943855310173,"[-7.9566191194549845, -1.5286285462954168, -2.2486897674785844, -0.1400064220811866]",,,,
True,Solve_Succeeded,46.0,1.1403848593834862,3.434727203240193,14.843013017561981,5.749923533373956,0.47093659931978693,0.2499999999999998,0.27616314440665474,22.499999999999996,1.1403848698024035,0.043967276277999824,1482.500317198532,2.2897172291701913,1.1403848607208722,1.1403848641657675,,2.126650717123029,-2.5728116628425566,3.3379639190827954,-0.0006195453499257386,-3.031883914821778e-07,0.03,-1.1399858843714444e-06,-0.0006195456554096701,-1.1399858843714444e-06,-0.0006195456554096701,-1.1399858843714444e-06,0.9999999646911432,T18_m66_phi0.250_tau_knee0.95,9.3,tau_knee x0.95,sol_ref_T18_m66_phi0.250.pkl,66.0,18.0,224.57490348815918,1.14052889559245,3.4350744766686647,14.840363432593165,-3.379572364286236,"[-2.4121932988096804, -0.34971150515822447, -0.5193849972949466, -0.09828256302338396]",,,,
True,Solve_Succeeded,53.0,1.1387830018602707,3.4196097449647205,14.811898072801776,5.720357766003742,0.4701291441045614,0.25,0.2761182857835867,22.5,1.138782796966902,0.044134763020923284,1480.417902418352,2.2865009458782812,1.1387817328930763,1.1387828123286776,,2.109606766740861,-2.5521673543693115,3.3111929745919793,-0.0006194669549240729,1.1387263324730715e-20,0.03,1.4877143730407223e-05,-0.0006195359873930606,3.4666238137060293e-06,-0.0006195359873930606,1.1387263324730715e-20,0.9999892628554076,T18_m66_phi0.250_tau_knee1.05,9.3,tau_knee x1.05,sol_ref_T18_m66_phi0.250.pkl,66.0,18.0,238.25617122650146,1.14052889559245,3.4350744766686647,14.840363432593165,-3.3712224513684106,"[-2.4103599618239073, -0.4332199665255587, -0.456204254990463, -0.07143826802848163]",,,,
True,Solve_Succeeded,48.0,1.137331443671098,3.4193799150577497,14.797188951014196,5.716165223604726,0.4690406129684587,0.2499999999999998,0.2760578118315809,22.499999999999996,1.1373313730494181,0.02334764020217852,1478.5308767724273,2.283586440509726,1.1373310942757662,1.1373313961099625,,2.136838262634694,-2.566111146867488,3.3393119319310727,-0.0006195231485752271,-2.0142432147592227e-22,0.029999999999999805,3.579192454019491e-06,-0.000619543032251535,4.6599533060007156e-07,-0.000619543032251535,-2.0142432147592227e-22,0.9999970607227258,T18_m66_phi0.250_dcatch0.1,9.4,delta_catch=0.1,sol_ref_T18_m66_phi0.250.pkl,66.0,18.0,230.89597749710083,1.14052889559245,3.4350744766686647,14.840363432593165,-3.3671221383933347,"[-2.4149427689231024, -0.49356207037687677, -0.39779112553964785, -0.060826173553707945]",,,,
True,Solve_Succeeded,61.0,1.14447166083484,3.4338683667336625,14.882916840450928,5.744878574794371,0.47292269769542217,0.2499999999999996,0.27627348320530093,22.499999999999993,1.1444716251033191,0.08280614549153957,1487.813159085292,2.2979228972991255,1.14447125923894,1.1444716026322497,,2.0302799371277884,-2.479465223899822,3.2046504364177086,-0.0006195241250713801,-9.133926501398779e-20,0.029999999999999805,3.660874950460088e-06,-0.0006195423605230843,9.576307981814017e-07,-0.0006195423605230843,-9.133926501398779e-20,0.9999966642095522,T18_m66_phi0.250_dcatch0.025,9.4,delta_catch=0.025,sol_ref_T18_m66_phi0.250.pkl,66.0,18.0,247.79185032844543,1.14052889559245,3.4350744766686647,14.840363432593165,-3.2712845276532234,"[-2.2835049499371713, -0.3345447918207603, -0.55375033585305, -0.09948445004224163]",,,,
True,Solve_Succeeded,72.0,1.3528400974489516,4.43575770374134,17.969445182937775,5.601134815184948,0.4775987286654911,0.25,0.27653326270363837,22.5,1.3512406164418014,0.056496638650966775,1758.692126683637,2.390339281934947,1.48812322814135,1.3528399850038695,,2.2766525705106706,-2.7336240799505007,3.5575058028481226,-0.0006194852662931918,-7.257199817882493e-23,0.029537883031573075,3.725883757927456e-06,-0.0006195424888915113,2.3681825572226893e-07,-0.0006195424888915113,-7.257199817882493e-23,0.9999957045159682,T18_m75_phi0.250_relax_swing,9.2,relax_swing_10pct,sol_ref_T18_m75_phi0.250.pkl,75.0,18.0,253.09133553504944,1.3617760781092894,4.444051288837087,18.06181206992998,-24.645880442345756,"[-15.166327309484101, -4.42803658183252, -4.971833716342339, -0.07968283468679496]",,,,
True,Solve_Succeeded,74.0,1.2523674201083212,4.4461324357528005,16.975283720150376,5.6308579442918925,0.48084628555404546,0.2499999999999998,0.27671368253078005,22.499999999999996,1.2523672409858089,0.05005440691044387,1628.0776461408177,2.212813654285855,1.2523666401725775,1.3776038380898117,,2.1200277670830503,-2.584784711498089,3.3429971190531114,-0.0006194289118951635,-4.383941114475955e-22,0.029091920047916813,7.619378396569234e-06,-0.0006195360302521102,2.661281440477704e-06,-0.0006195360302521102,-4.383941114475955e-22,0.9999908827381425,T18_m75_phi0.250_relax_hold,9.2,relax_hold_10pct,sol_ref_T18_m75_phi0.250.pkl,75.0,18.0,248.1426854133606,1.3617760781092894,4.444051288837087,18.06181206992998,-15.273691026648708,"[-9.587195163682678, -1.9965698894908146, -3.466453339217255, -0.22347263425796104]",,,,
True,Solve_Succeeded,104.0,1.3567056741375254,4.431977051811498,18.004172393505062,5.603556005669003,0.47741368074535095,0.2499999999999998,0.27652298226363037,22.499999999999996,1.3515078912211231,0.05271715608611101,1763.717376378783,2.397169386855295,1.3567053736059131,1.3567055672801611,,2.2566940437654472,-2.733380102369003,3.544578224724802,-0.0006194857618823969,-8.178928991180515e-22,0.029416469376701476,3.2737181151933237e-06,-0.0006195427489092964,2.1475269961974165e-07,-0.0006195427489092964,-8.178928991180515e-22,0.9999960641998756,T18_m75_phi0.250_relax_catch,9.2,relax_catch_10pct,sol_ref_T18_m75_phi0.250.pkl,75.0,18.0,286.51473021507263,1.3617760781092894,4.444051288837087,18.06181206992998,-21.926529898219336,"[-13.361617279398466, -4.127339547512069, -4.340020207133422, -0.09755286417537616]",,,,
True,Solve_Succeeded,40.0,1.358475219543182,4.437826779051425,18.02790033142302,5.615642869823007,0.47882342076956436,0.25000000001940414,0.27660130117326887,22.500000000349274,1.346833738024672,0.05210664820463711,1766.0177854061365,2.4002960046294755,1.3584748528864206,1.3584750992824304,,2.2650587909737023,-2.749001656939116,3.5619519138277616,-0.0006194753069188128,-1.9427157623769934e-07,0.0292020553830699,4.648647121107924e-06,-0.0006195417483612076,3.658143082988648e-07,-0.0006195417483612076,-1.9427157623769934e-07,0.9999952214366408,T18_m75_phi0.250_base,base,base,sol_ref_T18_m75_phi0.250.pkl,75.0,18.0,228.61905431747437,1.3617760781092894,4.444051288837087,18.06181206992998,-22.460056600725842,"[-13.590938471163021, -4.2092101695199196, -4.573097842692689, -0.08681011735021231]",,,,
True,Solve_Succeeded,211.0,1.2612541944218143,3.2958910557461314,15.913362490611059,5.257278321108854,0.47285304837735675,0.25,0.276269613798742,22.5,1.26125333608906,0.12163792250313182,1639.6304527483585,2.228515735981459,1.26125270042922,1.2612538139060554,,1.8698052772153388,-2.587332141945473,3.1922498942668134,-0.0006194039022662835,0.0,0.028482111779427298,34.778742906303854,-0.0006195347937372198,2.3528176028897885e-06,-0.0006195347937372198,0.0,0.9999811760637358,T18_m75_phi0.250_hold0.5,9.2,T_hold=0.5,sol_ref_T18_m75_phi0.250.pkl,75.0,18.0,305.5823218822479,1.3617760781092894,4.444051288837087,18.06181206992998,-3.340794311027729,"[-1.4912531804985514, -1.225005140133297, -0.45146480446021187, -0.17307118593566873]",,,,
True,Solve_Succeeded,182.0,1.3511043153953322,3.8573534651163426,17.373554093348673,5.586602782789317,0.4768841461307581,0.2500000000000002,0.2764935636739312,22.500000000000004,1.3511041320887232,0.05077454361096013,1756.4356100139319,2.3872723207800637,1.3511042275062497,1.351104286983664,,2.2128219241669767,-2.704112808552828,3.4941103230226584,-0.0006195309965195614,-1.1570790525960608e-26,0.029999492804167343,1.4230531900222637e-07,-0.000619544804539629,-3.5178929620882707e-07,-0.000619544804539629,-3.5178929620882707e-07,0.9999987311692529,T18_m75_phi0.250_hold1.0,9.2,T_hold=1.0,sol_ref_T18_m75_phi0.250.pkl,75.0,18.0,303.98913979530334,1.3617760781092894,4.444051288837087,18.06181206992998,-24.69177497427627,"[-15.171866997851623, -4.375560441614731, -5.045642000357479, -0.09870553445243967]",,,,
True,Solve_Succeeded,97.0,1.338832570848253,4.409043059397469,17.802664710018153,5.588433312431751,0.47754148783580863,0.2500000000000002,0.2765300826575451,22.500000000000004,1.3388325728201962,0.05295517484142176,1740.4823421027288,2.365589319881385,1.338832508352012,1.3388325640742162,,2.2476638908179747,-2.7227644172365295,3.530642864671585,-0.000619535534383122,0.0,0.029164795862737878,-5.564308153018059e-07,-0.0006195450145209946,-2.47219464669325e-07,-0.0006195450145209946,-5.564308153018059e-07,0.9999992916579333,T18_m75_phi0.250_tau_all1.01,9.3,tau_all x1.01,sol_ref_T18_m75_phi0.250.pkl,75.0,18.0,276.2221579551697,1.3617760781092894,4.444051288837087,18.06181206992998,-14.753783157302676,"[-9.20883796282386, -2.2403279329593713, -3.1679246368206777, -0.13669262469876672]",,,,
True,Solve_Succeeded,131.0,1.3806897887131353,4.473203092403463,18.285319607802254,5.662675215803782,0.4803572329926842,0.25,0.276686512944038,22.5,1.3319949062146417,0.05204273759368686,1794.896725327076,2.439547027287905,1.3806894824235751,1.3806897101235067,,2.2711310486205543,-2.776392696013348,3.586975417044918,-0.0006194934819514376,0.0,0.029423842363721447,2.8836049925167953e-06,-0.0006195436319917924,7.826174626958936e-09,-0.0006195436319917924,0.0,0.999996303807679,T18_m75_phi0.250_tau_all0.99,9.3,tau_all x0.99,sol_ref_T18_m75_phi0.250.pkl,75.0,18.0,319.24562096595764,1.3617760781092894,4.444051288837087,18.06181206992998,-26.524895889388315,"[-16.478340014312124, -5.240535991277257, -4.679178321962199, -0.12684156183673648]",,,,
True,Solve_Succeeded,131.0,1.296057558227016,4.228725545260183,17.194030875442543,5.517167175759027,0.4771541530991178,0.25,0.2765085640610621,22.5,1.296057365180164,0.05323424113281464,1684.8748256951208,2.2900099567721655,1.2960568675134483,1.2960574804399267,,2.1240197700462424,-2.5803181227930283,3.3420804296667415,-0.0006195016979440096,0.0,0.029299436332119524,8.78389147186669e-06,-0.0006195386709366701,1.6175835413106986e-06,-0.0006195386709366701,0.0,0.9999948555805985,T18_m75_phi0.250_tau_all1.1,9.3,tau_all x1.1,sol_ref_T18_m75_phi0.250.pkl,75.0,18.0,308.3633749485016,1.3617760781092894,4.444051288837087,18.06181206992998,-3.669073987909478,"[-2.4867205566051096, -0.5278079888692871, -0.5303634381144187, -0.12418200432066236]",,,,
True,Solve_Succeeded,244.0,1.3044501663353347,4.295856255078496,17.345305413779172,5.490236684410548,0.4753406820797364,0.25,0.27640781567109646,22.5,1.3044501740074586,0.05221003120325901,1695.7852162359352,2.3048388939666125,1.3044501826339383,1.304450300196015,,2.0841741943113017,-2.5303438767339212,3.2781736083920285,-0.0006195450528017014,-4.3539766144653844e-07,0.0293898296290283,-1.096601490072285e-06,-0.0006195455366859726,-1.096601490072285e-06,-0.0006195455366859726,-1.096601490072285e-06,0.9999999558016028,T18_m75_phi0.250_tau_all1.05,9.3,tau_all x1.05,sol_ref_T18_m75_phi0.250.pkl,75.0,18.0,425.15799140930176,1.3617760781092894,4.444051288837087,18.06181206992998,-4.534858608444724,"[-3.30367843126432, -0.5691615501693676, -0.5370779587274775, -0.12494066828355854]",,,,
True,Solve_Succeeded,377.0,1.361148854927332,4.792614806414415,18.40989959738281,5.573268692112711,0.477984303845711,0.25,0.27655468354698404,22.5,1.3477562751328496,0.05172987356070304,1769.4935114055318,2.4050200630724183,1.3611483745799287,1.3611487363863775,,2.255169365708549,-2.7436701827727665,3.551551061137464,-0.0006194710445403297,3.1842815527443595e-23,0.02952622270838405,6.268532372591614e-06,-0.0006195411504035242,4.3304117735110077e-07,-0.0006195411504035242,3.1842815527443595e-23,0.9999938470708168,T18_m75_phi0.250_hold3.0,9.2,T_hold=3.0,sol_ref_T18_m75_phi0.250.pkl,75.0,18.0,565.0451703071594,1.3617760781092894,4.444051288837087,18.06181206992998,-22.20185018890693,"[-13.32992674411344, -4.2126892388132395, -4.535112460012228, -0.12412174596802317]",,,,
True,Solve_Succeeded,114.0,1.3803936726221202,4.45818678510464,18.26769453180184,5.611825051988785,0.48002415536041465,0.25,0.27666800863113417,22.5,1.2843525472080803,0.05842048712335707,1794.5117744087563,2.439023818428483,1.380393668719623,1.3803936770784164,,2.329571885585096,-2.8325197016927572,3.667434120824275,-0.000619544363189466,-1.490643248227269e-25,0.029688727835105788,-1.0832095228638272e-06,-0.0006195456301845148,-5.592206642850891e-07,-0.0006195456301845148,-1.0832095228638272e-06,0.9999999075832166,T18_m75_phi0.250_tau_shoulder0.95,9.3,tau_shoulder x0.95,sol_ref_T18_m75_phi0.250.pkl,75.0,18.0,291.8538725376129,1.3617760781092894,4.444051288837087,18.06181206992998,-29.653377975667713,"[-18.59127230751672, -6.369040085910595, -4.579979979084725, -0.11308560315566989]",,,,
True,Solve_Succeeded,158.0,1.4570187542562245,4.629410634526925,19.20660742936585,5.846195098430571,0.4917815422862636,0.25,0.2773211967936814,22.5,1.3780617705927132,0.10443476119353926,1894.1243805330919,2.5744130214517047,1.4170011470981005,1.4570187589826136,,2.290352411469984,-2.9558125508299127,3.7393237362349367,-0.0006195441094827836,-1.9555420364594476e-07,0.0282945447400224,-1.175924167605861e-06,-0.0006195456861948223,-5.69257756971102e-07,-0.0006195456861948223,-1.175924167605861e-06,0.9999998934699286,T18_m75_phi0.250_tau_elbow0.95,9.3,tau_elbow x0.95,sol_ref_T18_m75_phi0.250.pkl,75.0,18.0,327.82742404937744,1.3617760781092894,4.444051288837087,18.06181206992998,-249.35158575860964,"[-166.11784115549287, -48.6201876140114, -33.5984264704908, -1.01513051861457]",,,,
True,Solve_Succeeded,202.0,1.3073825044906122,4.33701827617615,17.416445125829544,5.481508297535869,0.4767491662546263,0.25,0.2764860647919238,22.5,1.3073823964560232,0.05308289531585841,1699.597255837796,2.3100200555049892,1.3073820179934081,1.307382447950998,,2.112888019338205,-2.574325441812361,3.3303824499035137,-0.0006195086233424674,-1.5995460823087944e-22,0.029593088297221244,3.2313117287364956e-06,-0.000619541880789054,7.316200418223083e-07,-0.000619541880789054,-1.5995460823087944e-22,0.9999973730606865,T18_m75_phi0.250_tau_elbow1.05,9.3,tau_elbow x1.05,sol_ref_T18_m75_phi0.250.pkl,75.0,18.0,390.1963827610016,1.3617760781092894,4.444051288837087,18.06181206992998,-8.518297317529022,"[-5.649995776312474, -1.0468471512201432, -1.64657078674133, -0.17488360325507377]",,,,
True,Solve_Succeeded,99.0,1.3422876026749428,4.406701818917299,17.834979511274963,5.585085443876219,0.4768599934496486,0.25,0.27649222185831374,22.5,1.3422876235374037,0.050872678646067884,1744.9738834774257,2.3716940312299366,1.3422875912039305,1.3422876052931147,,2.2010729787324514,-2.66899109715947,3.4595138002937142,-0.0006195433660403024,-2.9621223746459156e-24,0.029180419654236647,-1.0408543560595895e-06,-0.0006195455125177496,-4.970415454289448e-07,-0.0006195455125177496,-1.0408543560595895e-06,0.9999998124897072,T18_m75_phi0.250_tau_shoulder1.05,9.3,tau_shoulder x1.05,sol_ref_T18_m75_phi0.250.pkl,75.0,18.0,289.5198574066162,1.3617760781092894,4.444051288837087,18.06181206992998,-16.14538398708419,"[-10.540900469202308, -2.056061430470813, -3.4038916866810656, -0.1445304007300061]",,,,
True,Solve_Succeeded,121.0,1.338730675441963,4.409538552481196,17.802045618278587,5.576800357930811,0.4760038444684713,0.25,0.27644465802602625,22.5,1.3387306012141327,0.05437007374191871,1740.349878074552,2.3654092804275257,1.3387304904022497,1.3387306430185975,,2.248331374623241,-2.708009255850039,3.519702842554285,-0.0006195207932747793,0.0,0.029473435992630567,1.250282838948108e-06,-0.0006195439461125218,2.3548426111666015e-08,-0.0006195439461125218,0.0,0.9999980734903089,T18_m75_phi0.250_tau_hip1.05,9.3,tau_hip x1.05,sol_ref_T18_m75_phi0.250.pkl,75.0,18.0,299.802770614624,1.3617760781092894,4.444051288837087,18.06181206992998,-15.351534568448603,"[-10.363351102978989, -3.1040492123703194, -1.696173711439421, -0.1879605416598734]",,,,
True,Solve_Succeeded,217.0,1.400438875988743,4.518325199394234,18.52835408495424,5.759603281972661,0.48315409292102757,0.25,0.2768418940511681,22.5,1.334536573503289,0.057605499331512114,1820.570538785366,2.4744417788452138,1.400438703747103,1.40043885159675,,2.317021544842369,-2.7877147355740846,3.624905831356258,-0.0006195287217323625,-1.014769013576012e-21,0.029710081150540437,2.894117896183155e-06,-0.0006195444499619285,-2.423587946995971e-07,-0.0006195444499619285,-2.423587946995971e-07,0.9999986155164904,T18_m75_phi0.250_tau_hip0.95,9.3,tau_hip x0.95,sol_ref_T18_m75_phi0.250.pkl,75.0,18.0,379.7563145160675,1.3617760781092894,4.444051288837087,18.06181206992998,-14.707001494332307,"[-8.68276845845255, -2.6721799499616443, -3.2640437113405674, -0.08800937457754335]",,,,
True,Solve_Succeeded,48.0,1.3571099659897516,4.440037608181997,18.016594602017555,5.605766157060948,0.47884988888218405,0.25,0.2766027716045658,22.5,1.3485158730355389,0.05178752718609047,1764.2429557866772,2.397883731956068,1.3571097922389694,1.3571099119622798,,2.2580718107917104,-2.7445370972872856,3.554064177962783,-0.0006195121576223605,0.0,0.029220416883889898,1.5452935854276972e-06,-0.0006195438799392328,-1.35962116162156e-07,-0.0006195438799392328,-1.35962116162156e-07,0.9999976267428483,T18_m75_phi0.250_tau_knee0.95,9.3,tau_knee x0.95,sol_ref_T18_m75_phi0.250.pkl,75.0,18.0,237.69573998451233,1.3617760781092894,4.444051288837087,18.06181206992998,-22.622629500894018,"[-13.694184188197278, -4.253097576949657, -4.562883530936697, -0.11246420481038344]",,,,
True,Solve_Succeeded,54.0,1.3597342941224995,4.435945795189377,18.038505204010523,5.623643878780197,0.4787731512487758,0.2500000000000002,0.27659850840271005,22.500000000000004,1.3466936571812906,0.05250715235711702,1767.6545823592494,2.402520669193679,1.359734029226183,1.359734201452603,,2.272243584160804,-2.752988787237137,3.569599160748072,-0.0006194863864120888,-2.054972397410604e-23,0.029184234716031657,3.040776503988994e-06,-0.0006195427398507647,1.8251414572966267e-07,-0.0006195427398507647,-2.054972397410604e-23,0.999996462686092,T18_m75_phi0.250_tau_knee1.05,9.3,tau_knee x1.05,sol_ref_T18_m75_phi0.250.pkl,75.0,18.0,242.6567041873932,1.3617760781092894,4.444051288837087,18.06181206992998,-21.646919586555097,"[-13.094289283041594, -3.967698102723991, -4.5109192722015825, -0.07401292858793102]",,,,
True,Solve_Succeeded,59.0,1.3573094085989632,4.4343709314605055,18.012761339215405,5.607440711430324,0.4783195371574599,0.2500000000000002,0.2765733076198591,22.500000000000004,1.3207703263212365,0.02617345708891933,1764.5022311786522,2.398236128003605,1.357308988101941,1.3573092648491965,,2.26239638669763,-2.743170649096894,3.5557590779760613,-0.0006194540519045919,0.0,0.029226578830133403,5.328010878513724e-06,-0.0006195414305465441,4.796279576590571e-07,-0.0006195414305465441,0.0,0.9999944887643158,T18_m75_phi0.250_dcatch0.1,9.4,delta_catch=0.1,sol_ref_T18_m75_phi0.250.pkl,75.0,18.0,243.45719385147095,1.3617760781092894,4.444051288837087,18.06181206992998,-22.43260624053244,"[-13.584717920115182, -4.195996093718946, -4.545912091552455, -0.10598013514585675]",,,,
True,Solve_Succeeded,99.0,1.358510765414374,4.429516107953212,18.01995574762593,5.589534883402371,0.4794484311383091,0.25,0.2766360239521283,22.5,1.3585104609679122,0.10381940267604384,1766.0639950386862,2.4003588107899234,1.358509604037665,1.3585104164066806,,2.233814557656841,-2.72450296359143,3.523186608259363,-0.0006194394014736732,-3.5526510912553252e-19,0.029294124778436986,8.793442092353064e-06,-0.0006195345141914999,3.2852366275555404e-06,-0.0006195345141914999,-3.5526510912553252e-19,0.9999901225279716,T18_m75_phi0.250_dcatch0.025,9.4,delta_catch=0.025,sol_ref_T18_m75_phi0.250.pkl,75.0,18.0,293.84447956085205,1.3617760781092894,4.444051288837087,18.06181206992998,-16.49384876373862,"[-10.367591445878837, -2.498033496114819, -3.473592068489242, -0.15463175325571973]",,,,
True,Solve_Succeeded,423.0,0.9890676725484332,3.199967600967028,13.094753343160964,7.985322676805324,0.4792885241204626,0.24999999999999722,0.2766271402289118,22.49999999999995,0.9890674284920339,0.0617635393930858,1285.7879743129631,2.184485175523213,0.9890673649947557,0.9890676054086253,0.9890674284920339,1.7576878579162887,-2.6084006259267722,3.1453490158011923,-0.0006195023275870262,-3.7396794979904686e-23,0.029999999999999805,5.084229584731562,-0.025036646995533263,2.4041869451056053e-06,-0.025036646995533263,-3.7396794979904686e-23,0.9999886094777181,comp_T18_m60_phi0.250_base,9.4,compliant base,sol_comp_T18_m60_phi0.250.pkl,60.0,18.0,785.1607372760773,1.0728837600309664,3.125042250479033,13.857020219199667,-2.2529041877848233,"[-1.1431148913860827, -0.5101223448858978, -0.5548838250428387, -0.0447831264700041]",0.026266898037023978,1.6136835706047254e-06,0.9890674284920339,0.9798170899939437
True,Solve_Succeeded,614.0,1.001300029772367,2.9668570241392924,12.98362526665973,6.687107773756114,0.47762504369198977,0.24999999999999722,0.27653472464955225,22.49999999999995,1.0013000101937553,0.06777722100911354,1301.6900387040773,2.211501934597481,1.001299993471245,1.0013000292243623,1.001300010193755,0.911044122535777,-1.1745521756551356,1.4864636579961168,-0.0006195433142075039,1.866422798827399e-27,0.029999999999999805,1.0080552701180025e-05,-0.02096039724816709,-3.594009805891775e-07,-0.02096039724816709,-6.275242783191877e-07,0.9999994334707157,comp_T18_m60_phi0.250_D3000,9.4,D_catch=3000,sol_comp_T18_m60_phi0.250.pkl,60.0,18.0,1062.9628977775574,1.0728837600309664,3.125042250479033,13.857020219199667,-2.118408171816286,"[-1.3254643252121039, -0.30901519046762255, -0.43274622559715603, -0.05118243053940353]",0.027877415981710563,-6.275242783191877e-07,1.001300010193755,1.0000930807025767
True,Solve_Succeeded,1001.0,1.0505220933324955,3.097261086375358,13.606487169396539,7.007681112224847,0.4761956363990789,0.24999999999999722,0.2764553131332794,22.49999999999995,1.0505220617355875,0.00485692482379224,1365.678721332244,2.3202152927832893,1.0505219958208132,1.0505220878532882,1.0505220617355875,0.7840668772521607,-0.9361744782542668,1.2211402547367782,-0.0006195428531506619,-4.865347943982161e-22,0.029999999999999805,5.9893497786176276e-05,-0.015264003092847367,2.5372396615951114e-07,-0.015264003092847367,-3.6514750500989595e-07,0.9999994325549854,comp_T18_m60_phi0.250_K80000,9.4,K_catch=80000,sol_comp_T18_m60_phi0.250.pkl,60.0,18.0,1463.5831360816956,1.0728837600309664,3.125042250479033,13.857020219199667,-2.641111792276009,"[-1.6896104491603423, -0.2473420017316488, -0.6615399888132484, -0.04261935257076939]",0.02790459517774657,-3.6514750500989595e-07,1.0505220617355875,1.048182077198324
True,Solve_Succeeded,1008.0,1.01244360184034,3.038837067975071,13.168105045975306,5.1461679113726975,0.4530158599728814,0.2499999999999998,0.27516754777627106,22.499999999999996,1.0124435647929222,0.17623561513776947,1316.176682392442,2.0328308812782905,1.012443311549658,1.0124434929221104,1.0124435647929224,1.4700620429317883,-2.2577446091434075,2.694159076629459,-0.0006195082820202244,-7.683004909237844e-24,0.03,13.520807870190712,-0.03957037089668877,1.4715574567754714e-06,-0.03957037089668877,-7.683004909237844e-24,0.9999930331318507,comp_T18_m66_phi0.250_K20000,9.4,K_catch=20000,sol_comp_T18_m66_phi0.250.pkl,66.0,18.0,1535.8609251976013,1.167664579275231,3.396230153630529,15.076619570860752,-2.4383961850822677,"[-1.1025458048040209, -0.8416303452545902, -0.38686085610955456, -0.10735917891410181]",0.025488003699170036,2.410812250423703e-06,1.0124435647929224,1.0111933667653281
True,Solved_To_Acceptable_Level,1198.0,1.1415167729175504,3.453755990347444,14.873078116817672,5.904226887849392,0.4703039103892316,0.25,0.2761279950216239,22.5,1.1415167774251282,0.005730559536604396,1483.9718047928154,2.291989937282327,1.1415167784464182,1.1415167785405882,1.141516777425128,1.0811231238669905,-1.4868326167339028,1.8383412194540232,-0.0006195456925168867,-1.2967085050781202e-06,0.02999999999999936,-1.084942034609914e-06,-0.016569530354862416,-5.72645302151235e-07,-0.016569530354862416,-1.2967085050781202e-06,1.0000000097743074,comp_T18_m66_phi0.250_K80000,9.4,K_catch=80000,sol_comp_T18_m66_phi0.250.pkl,66.0,18.0,1820.4790363311768,1.167664579275231,3.396230153630529,15.076619570860752,-3.16860562636803,"[-2.18089273968547, -0.31516576517376116, -0.6205714532028281, -0.05197566830597068]",0.027367445572813676,-1.2025554353980665e-06,1.141516777425128,1.1406887321265107
True,Solve_Succeeded,1462.0,0.9295573340320752,2.5871982621409373,11.88735874665174,5.414863085071791,0.4588536487872184,0.24999999999999722,0.27549186937706494,22.49999999999995,0.9295572601927116,0.14708655476107285,1208.4245342416978,2.053048817943761,0.9295572461656032,0.9295573095211026,0.9295572601927116,1.2942541389135993,-1.8948780598334243,2.2947018624939197,-0.0006195270066470717,1.4831541261904885e-29,0.029999999999999805,9.767568444105587,-0.03624005656140386,3.156787414106438e-07,-0.03624005656140386,1.4831541261904885e-29,0.9999956821160647,comp_T18_m60_phi0.250_K20000,9.4,K_catch=20000,sol_comp_T18_m60_phi0.250.pkl,60.0,18.0,2151.35947060585,1.0728837600309664,3.125042250479033,13.857020219199667,-1.9115719206450394,"[-0.9922764192840107, -0.4514544640512007, -0.3729989592168944, -0.09484207809293362]",0.02600969600503955,3.156787414106438e-07,0.9295572601927116,0.9279827831765035
True,Solve_Succeeded,294.0,1.1792177023441242,4.204856718855082,16.002206493687538,6.1991338880347815,0.4673829861480808,0.25,0.2759657214526712,22.5,1.1791742060271306,0.19255525866943055,1532.9830130473615,2.08356508739023,1.179216235701681,1.1792171797767383,1.1791742060271304,1.385008970384302,-2.08111126124836,2.4998547817302756,-0.0006193934259958855,5.924244749291831e-24,0.02987154775803898,38.44129154574844,-0.044030137401029734,5.822959860684422e-06,-0.044030137401029734,5.924244749291831e-24,0.999985330538395,comp_T18_m75_phi0.250_K20000,9.4,K_catch=20000,sol_comp_T18_m75_phi0.250.pkl,75.0,18.0,629.2494757175446,1.3991371638747656,4.920006829268758,18.915632349394564,-4.047445449579994,"[-1.9652879162638812, -1.6254363423797877, -0.3514103536966899, -0.10531083723963551]",0.025319771490634135,1.244647672107897e-05,1.1791742060271304,1.1539957330167794
True,Solve_Succeeded,785.0,1.1071292019165528,3.2781111828178675,14.35343185944994,5.444627100319576,0.4803611241412704,0.2499999999999998,0.27668672911895936,22.499999999999996,1.1071290867111077,0.08665130495283613,1439.2679624915188,2.2229449888665225,1.1071283803511414,1.1071291879104437,1.1071290867111077,0.9710593054025303,-1.2866359029366503,1.6119516498128763,-0.0006195194344219834,0.0,0.02999999999999936,6.28593888680789e-05,-0.022493844886521425,2.2688241599454055e-06,-0.022493844886521425,0.0,0.9999952217646622,comp_T18_m66_phi0.250_D3000,9.4,D_catch=3000,sol_comp_T18_m66_phi0.250.pkl,66.0,18.0,1270.6605916023254,1.167664579275231,3.396230153630529,15.076619570860752,-2.6782760978775575,"[-1.7517010878546362, -0.3650117622650799, -0.5060987517904005, -0.055464495967440436]",0.02773330308039812,2.2688241599454055e-06,1.1071290867111077,1.1055245623266599
True,Solve_Succeeded,1734.0,0.9775643295861535,2.7668766067860338,12.54686442280735,5.87315828032342,0.46399407304169543,0.24999999999999703,0.2757774485023135,22.499999999999947,0.97756431149165,0.030180294543017953,1270.8336284619995,2.1590785396907908,0.9775640431557374,0.9775642828054345,0.97756431149165,1.421430451656317,-2.111113188162771,2.5450468408519837,-0.0006195289839089277,0.0,0.02999999999999936,6.503244506320902,-0.02738844740043489,2.310363223135039e-05,-0.02738844740043489,0.0,0.9999934373599817,comp_T18_m60_phi0.250_D750,9.4,D_catch=750,sol_comp_T18_m60_phi0.250.pkl,60.0,18.0,2492.3283619880676,1.0728837600309664,3.125042250479033,13.857020219199667,-2.4252946039218006,"[-1.1220266563591128, -0.612875838800006, -0.6231599605820313, -0.06723214818065067]",0.025151110453967007,7.368345866670053e-08,0.97756431149165,0.9530654053767013
True,Solve_Succeeded,2174.0,1.047992512655458,3.0381226961408223,13.523120566255049,4.643836684881678,0.4587469273307837,0.25,0.2754859404072657,22.5,1.0479919722080253,0.0672315526107307,1362.3902664520954,2.1042076212462475,1.0479880871608889,1.047991242392409,1.047991972208025,1.688865896079977,-2.5341013411153823,3.0453140432449333,-0.0006191922913665899,5.935484650402849e-23,0.029999999999999805,5.000135475384703,-0.026705385317308317,3.214421082042336e-05,-0.026705385317308317,5.935484650402849e-23,0.9999274713286309,comp_T18_m66_phi0.250_base,9.4,compliant base,sol_comp_T18_m66_phi0.250.pkl,66.0,18.0,2990.7482974529266,1.167664579275231,3.396230153630529,15.076619570860752,-3.2778697191076946,"[-1.5067598326093865, -0.9382095937695027, -0.6857900612942545, -0.1471102314345513]",0.025844962881672373,3.214421082042336e-05,1.047991972208025,1.043951552237432
True,Solve_Succeeded,721.0,1.2478773756791715,4.3786876312450485,16.862977238283065,6.100601921173109,0.4769269444259899,0.25,0.27649594135699945,22.5,1.2478577572156686,0.08392221502768932,1622.2405883829229,2.20488017449259,1.247876220287703,1.247877084132863,1.2478577572156686,1.5262466234861234,-2.438785664430569,2.876995702592349,-0.0006194867337500094,0.0,0.03,12.265664705208085,-0.0334286813748404,9.48467751819069e-06,-0.0334286813748404,0.0,0.9999932276701581,comp_T18_m75_phi0.250_D750,9.4,D_catch=750,sol_comp_T18_m75_phi0.250.pkl,75.0,18.0,1086.1616287231445,1.3991371638747656,4.920006829268758,18.915632349394564,-4.70428844182395,"[-2.2040422825434556, -1.4311466946719809, -0.9828122070478359, -0.08628725756067687]",0.02405296242855215,3.449983724112455e-06,1.2478577572156686,1.1716455245358794
True,Solve_Succeeded,1931.0,1.0665538633894454,3.140391503337356,13.811058525795696,5.05568467806977,0.46259711685639315,0.2499999999999998,0.275699839825355,22.499999999999996,1.066553656871118,0.043313136058157384,1386.520022406279,2.1414759558988647,1.0665531981750327,1.0665537274161754,1.0665536568711182,1.6307297526605706,-2.6226244329139914,3.088274346998634,-0.0006195093816889624,0.0,0.02999999999999936,9.786918396247017,-0.02954662816225881,4.264585480796082e-06,-0.02954662816225881,0.0,0.9999901720442431,comp_T18_m66_phi0.250_D750,9.4,D_catch=750,sol_comp_T18_m66_phi0.250.pkl,66.0,18.0,2584.142630338669,1.167664579275231,3.396230153630529,15.076619570860752,-3.273389657078712,"[-1.3933521027736249, -1.0835814603662324, -0.7097424282630821, -0.08671366567577266]",0.024286321624384488,1.885783592186282e-06,1.0665536568711182,1.0273361829291077
True,Solve_Succeeded,1467.0,1.222198073276898,4.250111141825033,16.477229083724232,5.700699319985995,0.4701824354254404,0.25,0.2761212464125244,22.5,1.2221980646281345,0.10278522503659612,1588.8574952599674,2.1595072990281583,1.2221979882064127,1.2221980618792507,1.2221980646281345,1.4701618921311363,-2.1528076264205804,2.6069055727910855,-0.0006195430890610122,0.0,0.029999999999999805,7.197567087434448,-0.030419409105377188,-1.1854395475463638e-07,-0.030419409105377188,-1.1854395475463638e-07,0.9999996612799308,comp_T18_m75_phi0.250_base,9.4,compliant base,sol_comp_T18_m75_phi0.250.pkl,75.0,18.0,1991.207620382309,1.3991371638747656,4.920006829268758,18.915632349394564,-3.8481082701402953,"[-1.978957112339261, -1.0769371562928785, -0.7048799879559186, -0.08733401355223731]",0.025861399730935375,-6.305681200382233e-08,1.2221980646281345,1.2144297471940027
True,Solved_To_Acceptable_Level,1856.0,1.3118556782814463,4.506725687066595,17.63176463917098,6.0284740701316455,0.45941701219263437,0.25,0.27552316734403526,22.5,1.31162496534309,0.002769998300945082,1705.4123817658801,2.3179237264911725,1.3118556843558615,1.3118556844588372,1.31162496534309,1.760080960013383,-2.3921427622514924,2.9698875367248894,-0.0006195456932247875,-1.3352896002528958e-06,0.029999999999999805,-1.1815520191703046e-06,-0.01812082154564776,-5.727284482117179e-07,-0.01812082154564776,-1.3352896002528958e-06,1.0000000098953095,comp_T18_m75_phi0.250_K80000,9.4,K_catch=80000,sol_comp_T18_m75_phi0.250.pkl,75.0,18.0,2225.6438117027283,1.3991371638747656,4.920006829268758,18.915632349394564,-5.6068485264892445,"[-3.456201218523872, -0.7595144043030253, -1.174530750283833, -0.21660215337851416]",0.02638544699248424,-1.2027730871160285e-06,1.31162496534309,1.2779223432291844
True,Solve_Succeeded,2177.0,1.2306842372422475,4.208601416565788,16.520982947133476,5.436530476086097,0.4717705801185589,0.25,0.27620947667325324,22.5,1.230684233270001,0.10430542725479039,1599.8895084149217,2.17450154048919,1.2306842296889042,1.2306842417985875,1.2306842332700012,1.3894186048940238,-2.160844959581141,2.5689949394603486,-0.0006195454483205708,0.0,0.029999999999999805,4.902676191516919e-07,-0.02519068802777813,-5.333151609045374e-07,-0.02519068802777813,-1.0948023647889498e-06,0.9999999727793366,comp_T18_m75_phi0.250_D3000,9.4,D_catch=3000,sol_comp_T18_m75_phi0.250.pkl,75.0,18.0,2450.730084180832,1.3991371638747656,4.920006829268758,18.915632349394564,-4.054920964942172,"[-2.6561097598933583, -0.683016384720339, -0.6079348596091827, -0.10785996071929134]",0.027139731083975605,-1.0948023647889498e-06,1.2306842332700012,1.2303825929326389
False,Infeasible_Problem_Detected,,2.49322314910289,5.446723070202744,,,,,,,,,,,,,,,,,,,,,,,,,,T18_m75_phi0.250_tau_all0.9,9.3,tau_all x0.9,sol_ref_T18_m75_phi0.250.pkl,75.0,18.0,9134.868820905685,1.3617760781092894,4.444051288837087,18.06181206992998,,[],,,,
False,Infeasible_Problem_Detected,,2.4999990459714048,5.70891749154476,,,,,,,,,,,,,,,,,,,,,,,,,,T18_m75_phi0.250_tau_all0.95,9.3,tau_all x0.95,sol_ref_T18_m75_phi0.250.pkl,75.0,18.0,13359.961233615875,1.3617760781092894,4.444051288837087,18.06181206992998,,[],,,,
