cond,current,lexico1,lexico2,w1,w100
T18_m60_phi0.2500,2.8490631467616927,3.244078015028033,2.969847266309277,2.78697168785364,2.910048848333981
T18_m60_phi0.3125,2.9836767075241464,3.358955851085544,3.072882727945286,2.96403179016425,3.0986896127866226
T18_m60_phi0.3750,3.419101174808876,3.87450741754856,3.5158731724863745,3.390506486091428,3.441492172848577
T18_m60_phi0.7500,2.8097723498176577,2.9389852791596764,3.3895769756136227,2.8494256211888125,2.823438025007982
T18_m66_phi0.2500,3.425808795953819,3.5587873839813136,3.5453285717982883,3.363081855278016,3.4628211385693755
T18_m66_phi0.3125,3.6112683463765407,4.062710525013862,3.687127892945114,3.567990590775968,3.664849819112336
T18_m66_phi0.3750,3.869408426478661,4.286226632308299,3.925952158681536,3.821353590572773,3.9438673209207034
T18_m66_phi0.7500,3.750906558377098,3.8635756574505375,4.281716427605952,3.7866223021417658,3.75232211346066
T18_m75_phi0.2500,4.433132853394988,4.794534308536828,4.667131306742447,4.365659963955508,4.46184437733824
T18_m75_phi0.3125,4.576630350686315,5.48566166316408,4.995269700593698,4.4573611253427226,4.97350964353217
T18_m75_phi0.7500,4.646612623509495,5.227868157205274,5.233759206627011,4.611399880914591,4.592962099449016
