task_key,ref,mesh,out_file,ok,U_peak,d_s,solve_s,iters
sol_comp_T18_m60_phi0.250.pkl_1x,results/comp_t18/sol_comp_T18_m60_phi0.250.pkl,1x,results/comp_t18/sol_comp_T18_m60_phi0.250.pkl,1,1.0728837600309664,,,
sol_comp_T18_m66_phi0.250.pkl_1x,results/comp_t18/sol_comp_T18_m66_phi0.250.pkl,1x,results/comp_t18/sol_comp_T18_m66_phi0.250.pkl,1,1.167664579275231,,,
sol_comp_T18_m75_phi0.250.pkl_1x,results/comp_t18/sol_comp_T18_m75_phi0.250.pkl,1x,results/comp_t18/sol_comp_T18_m75_phi0.250.pkl,1,1.3991371638747656,,,
sol_ref_T18_m60_phi0.250.pkl_1x,results/grid/sol_ref_T18_m60_phi0.250.pkl,1x,results/grid/sol_ref_T18_m60_phi0.250.pkl,1,1.0308262773085413,,,
sol_ref_T18_m66_phi0.250.pkl_1x,results/grid/sol_ref_T18_m66_phi0.250.pkl,1x,results/grid/sol_ref_T18_m66_phi0.250.pkl,1,1.14052889559245,,,
sol_ref_T18_m60_phi0.250.pkl_0.5x,results/grid/sol_ref_T18_m60_phi0.250.pkl,0.5x,results/suite/exp2/mesh/sol_ref_T18_m60_phi0.250_mesh0.5x.pkl,1,1.015062686982627,5.499319212149309,109.19793748855591,55.0
sol_ref_T18_m66_phi0.250.pkl_0.5x,results/grid/sol_ref_T18_m66_phi0.250.pkl,0.5x,results/suite/exp2/mesh/sol_ref_T18_m66_phi0.250_mesh0.5x.pkl,1,1.1124592444111248,5.092044985791652,155.81361532211304,155.0
sol_ref_T18_m75_phi0.250.pkl_1x,results/grid/sol_ref_T18_m75_phi0.250.pkl,1x,results/grid/sol_ref_T18_m75_phi0.250.pkl,1,1.3617760781092894,,,
sol_ref_T18_m75_phi0.250.pkl_0.5x,results/grid/sol_ref_T18_m75_phi0.250.pkl,0.5x,results/suite/exp2/mesh/sol_ref_T18_m75_phi0.250_mesh0.5x.pkl,1,1.2990713442237527,5.006670830436791,190.42435002326965,247.0
sol_comp_T18_m75_phi0.250.pkl_0.5x,results/comp_t18/sol_comp_T18_m75_phi0.250.pkl,0.5x,results/suite/exp2/mesh/sol_comp_T18_m75_phi0.250_mesh0.5x.pkl,1,1.2081324103310576,5.007253640930076,340.5847284793854,358.0
sol_comp_T18_m60_phi0.250.pkl_0.5x,results/comp_t18/sol_comp_T18_m60_phi0.250.pkl,0.5x,results/suite/exp2/mesh/sol_comp_T18_m60_phi0.250_mesh0.5x.pkl,1,0.9659001463995669,5.136518804904106,443.41773104667664,532.0
sol_comp_T18_m66_phi0.250.pkl_0.5x,results/comp_t18/sol_comp_T18_m66_phi0.250.pkl,0.5x,results/suite/exp2/mesh/sol_comp_T18_m66_phi0.250_mesh0.5x.pkl,1,1.061222678792122,4.701634224725093,500.23279762268066,645.0
sol_ref_T18_m66_phi0.250.pkl_2x,results/grid/sol_ref_T18_m66_phi0.250.pkl,2x,results/suite/exp2/mesh/sol_ref_T18_m66_phi0.250_mesh2x.pkl,1,1.145738137193834,5.763971924526762,653.361870765686,180.0
sol_ref_T18_m60_phi0.250.pkl_2x,results/grid/sol_ref_T18_m60_phi0.250.pkl,2x,results/suite/exp2/mesh/sol_ref_T18_m60_phi0.250_mesh2x.pkl,1,1.0287812345431597,5.730228469128408,740.3822920322418,226.0
sol_ref_T18_m75_phi0.250.pkl_2x,results/grid/sol_ref_T18_m75_phi0.250.pkl,2x,results/suite/exp2/mesh/sol_ref_T18_m75_phi0.250_mesh2x.pkl,1,1.366705842664947,5.590818747503463,819.4008622169495,335.0
sol_comp_T18_m60_phi0.250.pkl_2x,results/comp_t18/sol_comp_T18_m60_phi0.250.pkl,2x,results/suite/exp2/mesh/sol_comp_T18_m60_phi0.250_mesh2x.pkl,1,1.0642975710326914,7.367802520532061,1251.7251031398773,424.0
sol_comp_T18_m75_phi0.250.pkl_2x,results/comp_t18/sol_comp_T18_m75_phi0.250.pkl,2x,results/suite/exp2/mesh/sol_comp_T18_m75_phi0.250_mesh2x.pkl,1,1.3240313291621932,7.051815056051139,1906.8002071380615,826.0
sol_comp_T18_m66_phi0.250.pkl_2x,results/comp_t18/sol_comp_T18_m66_phi0.250.pkl,2x,results/suite/exp2/mesh/sol_comp_T18_m66_phi0.250_mesh2x.pkl,1,1.126084887040751,5.730307571734922,1950.6306056976318,891.0
