ref,T,m,phi,catch_model,U_star,control_dt,sub_dt,lead,exact,start,knot,sig_th,sig_thd,seed,dt_release,reason,t,success_held,U_peak,U_peak_A,U_peak_C,E,d_min,released,caught,release_time,catch_time,catch_off,catch_hx,catch_hy,jr_max,wall_max,slip,wall_s,swing_err,first_failure,t_first_failure,succ_1,succ_1.25,succ_1.5,succ_1.75,succ_2,succ_2.25,succ_2.5,t_exc_1,t_exc_1.25,t_exc_1.5,t_exc_1.75,t_exc_2,t_exc_2.25,t_exc_2.5,task_key,group,mesh,ref_file
sol_comp_T18_m60_phi0.250.pkl,18.0,60.0,0.25,compliant,1.0728837600309664,0.002,0.0005,0.001,1,rest,,0.0,0.0,0,0.0,missed B,8.016999999996191,0,1.3174432852165985,1.3174432852165985,0.0,2.1167484653940702,0.030157595198824647,1,0,7.212499999996634,,,,,0.009325043239068256,0.0008371781615915119,0.0,4.8,0.03009742125860694,missed B,8.016999999996191,0,0,0,0,0,0,0,7.075499999996712,7.205999999996639,,,,,,sol_comp_T18_m60_phi0.250.pkl_sub0.0005,sub_dt,1x,sol_comp_T18_m60_phi0.250.pkl
sol_comp_T18_m60_phi0.250.pkl,18.0,60.0,0.25,compliant,1.0728837600309664,0.002,0.001,0.001,1,rest,,0.0,0.0,0,0.0,lost hook,9.543999999995346,0,1.500753043220336,1.2955292996373498,1.500753043220336,3.3685373787283375,0.025288792203708325,1,1,7.211999999996635,7.752999999996337,-0.02493640376799533,-0.02493640376799533,-0.004206991590417951,0.060715065685998326,0.0008371700710647825,6.359623200467152e-05,5.3,0.030097421249734982,lost hook,9.543999999995346,0,0,0,0,0,0,0,7.074999999996713,7.205999999996639,7.783999999996322,,,,,sol_comp_T18_m60_phi0.250.pkl_sub0.001,sub_dt,1x,sol_comp_T18_m60_phi0.250.pkl
sol_comp_T18_m60_phi0.250.pkl,18.0,60.0,0.25,compliant,1.0728837600309664,0.01,0.00025,0.005,1,rest,,0.0,0.0,0,0.0,hit B's face,7.831750000001097,0,1.3489309916350773,1.3489309916350773,0.0,2.132360696169722,0.0290063021427,1,0,7.2125000000010004,,,,,0.009585718349426689,0.001779979966069975,0.0,1.3,0.023605469460985618,hit B's face,7.831750000001097,0,0,0,0,0,0,0,7.068500000000977,7.206000000000998,,,,,,sol_comp_T18_m60_phi0.250.pkl_ctrl0.01,control_dt,1x,sol_comp_T18_m60_phi0.250.pkl
sol_comp_T18_m60_phi0.250.pkl,18.0,60.0,0.25,compliant,1.0728837600309664,0.01,0.00025,0.005,0,rest,,0.0,0.0,0,0.0,missed B,7.992250000001121,0,1.3489309916350773,1.3489309916350773,0.0,2.1770234398161206,0.17310921425130446,1,0,7.220000000001001,,,,,0.014335946931112162,0.001779979966069975,0.0,1.5,0.05973341796777265,missed B,7.992250000001121,0,0,0,0,0,0,0,7.068500000000977,7.206000000000998,,,,,,sol_comp_T18_m60_phi0.250.pkl_ctrl0.01_rounded,release_rounding,1x,sol_comp_T18_m60_phi0.250.pkl
sol_comp_T18_m60_phi0.250.pkl,18.0,60.0,0.25,compliant,1.0728837600309664,0.005,0.00025,0.0025,0,rest,,0.0,0.0,0,0.0,missed B,8.023999999998658,0,1.3234868730084028,1.3234868730084028,0.0,2.122010493899567,0.07298055032065245,1,0,7.214999999998817,,,,,0.010508715317768674,0.0008341017746529063,0.0,2.4,0.027550975983192092,missed B,8.023999999998658,0,0,0,0,0,0,0,7.075999999998846,7.205749999998819,,,,,,sol_comp_T18_m60_phi0.250.pkl_ctrl0.005_rounded,release_rounding,1x,sol_comp_T18_m60_phi0.250.pkl
sol_comp_T18_m60_phi0.250.pkl,18.0,60.0,0.25,compliant,1.0728837600309664,0.005,0.00025,0.0025,1,rest,,0.0,0.0,0,0.0,missed B,8.017249999998661,0,1.3234868730084028,1.3234868730084028,0.0,2.1178588152144258,0.03500717550455917,1,0,7.212499999998819,,,,,0.0092302578194981,0.0008341017746529063,0.0,2.4,0.027550975983192092,missed B,8.017249999998661,0,0,0,0,0,0,0,7.075999999998846,7.205749999998819,,,,,,sol_comp_T18_m60_phi0.250.pkl_ctrl0.005,control_dt,1x,sol_comp_T18_m60_phi0.250.pkl
sol_comp_T18_m60_phi0.250.pkl,18.0,60.0,0.25,compliant,1.0728837600309664,0.002,0.00025,0.001,1,catch,,0.0,0.0,0,0.0,held B,2.0002499999988927,1,1.2504782787643622,0.0,1.2504782787643622,1.2439243878312034,,1,1,-0.5035726098077475,0.0,0.0,,,0.04612508186414871,0.0,0.0005701392363988836,1.1,,none,,0,0,1,1,1,1,1,0.0479999999999734,0.22224999999987816,,,,,,sol_comp_T18_m60_phi0.250.pkl_start_catch,phase_start,1x,sol_comp_T18_m60_phi0.250.pkl
sol_comp_T18_m60_phi0.250.pkl,18.0,60.0,0.25,compliant,1.0728837600309664,0.002,0.00025,0.001,1,flight,,0.0,0.0,0,0.0,lost hook,2.015499999998884,0,1.3569223476094483,0.0,1.3569223476094483,1.052990789701079,0.00346228903068782,1,1,0.0,0.49749999999972516,-0.0006240724449764201,-0.0006240724449764201,-0.003405580554830902,0.06194336394022926,0.0,0.045814068385820236,1.4,,lost hook,2.015499999998884,0,0,0,0,0,0,0,0.6247499999996542,0.668249999999631,,,,,,sol_comp_T18_m60_phi0.250.pkl_start_flight,phase_start,1x,sol_comp_T18_m60_phi0.250.pkl
sol_comp_T18_m60_phi0.250.pkl,18.0,60.0,0.25,compliant,1.0728837600309664,0.002,0.00025,0.001,1,hold,,0.0,0.0,0,0.0,held B,1.9002499999989482,1,1.8679766407165148,0.0,1.8679766407165148,1.2722933216429295,,1,1,-0.603572609807749,-0.10000000000000142,0.0,,,0.06534596418516014,0.001477439790738888,0.03,1.1,,none,,0,0,0,0,1,1,1,0.04474999999997564,0.07274999999996012,0.10874999999994017,0.12124999999993236,,,,sol_comp_T18_m60_phi0.250.pkl_start_hold,phase_start,1x,sol_comp_T18_m60_phi0.250.pkl
sol_comp_T18_m60_phi0.250.pkl,18.0,60.0,0.25,compliant,1.0728837600309664,0.002,0.00025,0.001,1,rest,,0.0,0.0,0,0.0,missed B,8.016999999996191,0,1.3105402103245454,1.3105402103245454,0.0,2.1162037298485994,0.030189691753947964,1,0,7.212499999996634,,,,,0.009131753196865572,0.0008371766488781077,0.0,5.5,0.030097421259158385,missed B,8.016999999996191,0,0,0,0,0,0,0,7.075499999996712,7.20624999999664,,,,,,sol_comp_T18_m60_phi0.250.pkl_ctrl0.002,control_dt,1x,sol_comp_T18_m60_phi0.250.pkl
sol_comp_T18_m60_phi0.250.pkl,18.0,60.0,0.25,compliant,1.0728837600309664,0.002,0.00025,0.001,0,rest,,0.0,0.0,0,0.0,missed B,8.021749999996189,0,1.3105402103245454,1.3105402103245454,0.0,2.118704297136522,0.0497355051750971,1,0,7.213999999996634,,,,,0.01016529094549018,0.0008371766488781077,0.0,5.5,0.030097421259158385,missed B,8.021749999996189,0,0,0,0,0,0,0,7.075499999996712,7.20624999999664,,,,,,sol_comp_T18_m60_phi0.250.pkl_ctrl0.002_rounded,release_rounding,1x,sol_comp_T18_m60_phi0.250.pkl
sol_comp_T18_m60_phi0.250.pkl,18.0,60.0,0.25,compliant,1.0728837600309664,0.002,0.00025,0.001,1,rest,,0.0,0.0,0,0.0,missed B,8.016999999996191,0,1.3105402103245454,1.3105402103245454,0.0,2.1162037298485994,0.030189691753947964,1,0,7.212499999996634,,,,,0.009131753196865572,0.0008371766488781077,0.0,5.6,0.030097421259158385,missed B,8.016999999996191,0,0,0,0,0,0,0,7.075499999996712,7.20624999999664,,,,,,sol_comp_T18_m60_phi0.250.pkl_sub0.00025,sub_dt,1x,sol_comp_T18_m60_phi0.250.pkl
sol_comp_T18_m60_phi0.250.pkl,18.0,60.0,0.25,compliant,1.0728837600309664,0.02,0.00025,0.01,0,rest,,0.0,0.0,0,0.0,slipped off A,0.3099999999999934,0,1.603049438281329,1.603049438281329,0.0,0.1164739248983085,,0,0,,,,,,0.022569285084004007,0.0,0.0,0.0,0.18467795242371388,slipped off A,0.3099999999999934,0,0,0,0,0,0,0,0.05674999999999919,0.2324999999999946,0.2377499999999948,,,,,sol_comp_T18_m60_phi0.250.pkl_ctrl0.02_rounded,release_rounding,1x,sol_comp_T18_m60_phi0.250.pkl
sol_comp_T18_m60_phi0.250.pkl,18.0,60.0,0.25,compliant,1.0728837600309664,0.02,0.00025,0.01,1,rest,,0.0,0.0,0,0.0,slipped off A,0.3099999999999934,0,1.603049438281329,1.603049438281329,0.0,0.1164739248983085,,0,0,,,,,,0.022569285084004007,0.0,0.0,0.0,0.18467795242371388,slipped off A,0.3099999999999934,0,0,0,0,0,0,0,0.05674999999999919,0.2324999999999946,0.2377499999999948,,,,,sol_comp_T18_m60_phi0.250.pkl_ctrl0.02,control_dt,1x,sol_comp_T18_m60_phi0.250.pkl
sol_comp_T18_m60_phi0.250.pkl,18.0,60.0,0.25,compliant,1.0728837600309664,0.002,0.00025,0.001,1,rest,,0.0,0.0,0,0.0,missed B,8.016999999996191,0,1.3105402103245454,1.3105402103245454,0.0,2.1162037298485994,0.030189691753947964,1,0,7.212499999996634,,,,,0.009131753196865572,0.0008371766488781077,0.0,5.4,0.030097421259158385,missed B,8.016999999996191,0,0,0,0,0,0,0,7.075499999996712,7.20624999999664,,,,,,sol_comp_T18_m60_phi0.250.pkl_start_rest,phase_start,1x,sol_comp_T18_m60_phi0.250.pkl
sol_comp_T18_m60_phi0.250_mesh0.5x.pkl,18.0,60.0,0.25,compliant,0.9659001463995669,0.002,0.00025,0.001,1,rest,,0.0,0.0,0,0.0,hit B's face,5.619749999996888,0,1.2115663302265,1.2115663302265,0.0,1.6109389019147664,0.04675920674334413,1,0,5.136499999997152,,,,,0.015209296500640956,0.0011307381807903402,0.0,3.8,0.07791025271095486,hit B's face,5.619749999996888,0,0,0,0,0,0,0,5.06999999999719,,,,,,,sol_comp_T18_m60_phi0.250.pkl_mesh0.5x,mesh,0.5x,sol_comp_T18_m60_phi0.250_mesh0.5x.pkl
sol_comp_T18_m66_phi0.250.pkl,18.0,66.0,0.25,compliant,1.167664579275231,0.002,0.0005,0.001,1,rest,,0.0,0.0,0,0.0,lost hook,7.7359999999957125,0,1.6792614047888346,1.4980321462074881,1.6792614047888346,3.4525746527150005,0.024851891694662672,1,1,5.719499999996831,6.262499999996528,-0.024767764926378444,-0.024767764926378444,-0.0020431204944646145,0.06772290465440917,0.001621835584367945,0.00023223507362155754,4.5,0.027672913747961235,lost hook,7.7359999999957125,0,0,0,0,0,0,0,5.330499999997045,5.714499999996832,6.2799999999965195,,,,,sol_comp_T18_m66_phi0.250.pkl_sub0.0005,sub_dt,1x,sol_comp_T18_m66_phi0.250.pkl
sol_comp_T18_m60_phi0.250.pkl,18.0,60.0,0.25,compliant,1.0728837600309664,0.001,0.00025,0.0005,0,rest,,0.0,0.0,0,0.0,missed B,8.018500000008533,0,1.3125243914803775,1.3125243914803775,0.0,2.116696528702369,0.03565029752030178,1,0,7.2130000000075505,,,,,0.009674248531330004,0.0008383093973128568,0.0,10.3,0.03094604359452582,missed B,8.018500000008533,0,0,0,0,0,0,0,7.075500000007381,7.206250000007543,,,,,,sol_comp_T18_m60_phi0.250.pkl_ctrl0.001_rounded,release_rounding,1x,sol_comp_T18_m60_phi0.250.pkl
sol_comp_T18_m66_phi0.250.pkl,18.0,66.0,0.25,compliant,1.167664579275231,0.002,0.001,0.001,1,rest,,0.0,0.0,0,0.0,lost hook,7.718999999995731,0,1.643697395307596,1.5137981231364035,1.643697395307596,3.4041820193489665,0.029011764258892736,1,1,5.718999999996832,6.242999999996545,-0.024741552019942326,-0.024741552019942326,0.01515051382158552,0.06306846242373593,0.0016173684745557845,0.00039267429521267633,4.8,0.027672913734498195,lost hook,7.718999999995731,0,0,0,0,0,0,0,5.329999999997046,5.713999999996833,5.713999999996833,,,,,sol_comp_T18_m66_phi0.250.pkl_sub0.001,sub_dt,1x,sol_comp_T18_m66_phi0.250.pkl
sol_comp_T18_m60_phi0.250.pkl,18.0,60.0,0.25,compliant,1.0728837600309664,0.001,0.00025,0.0005,1,rest,,0.0,0.0,0,0.0,missed B,8.016750000008528,0,1.3125243914803775,1.3125243914803775,0.0,2.1158432946791343,0.029654765219543376,1,0,7.212500000007548,,,,,0.009288140457891572,0.0008383093973128568,0.0,10.6,0.03094604359452582,missed B,8.016750000008528,0,0,0,0,0,0,0,7.075500000007381,7.206250000007543,,,,,,sol_comp_T18_m60_phi0.250.pkl_ctrl0.001,control_dt,1x,sol_comp_T18_m60_phi0.250.pkl
sol_comp_T18_m60_phi0.250.pkl,18.0,60.0,0.25,compliant,1.0728837600309664,0.002,0.00025,0.001,1,rest,,0.0,0.0,0,0.0,missed B,8.016999999996191,0,1.3105402103245454,1.3105402103245454,0.0,2.1162037298485994,0.030189691753947964,1,0,7.212499999996634,,,,,0.009131753196865572,0.0008371766488781077,0.0,5.5,0.030097421259158385,missed B,8.016999999996191,0,0,0,0,0,0,0,7.075499999996712,7.20624999999664,,,,,,sol_comp_T18_m60_phi0.250.pkl_mesh1x,mesh,1x,sol_comp_T18_m60_phi0.250.pkl
sol_comp_T18_m60_phi0.250_mesh2x.pkl,18.0,60.0,0.25,compliant,1.0642975710326914,0.002,0.00025,0.001,1,rest,,0.0,0.0,0,0.0,held B,9.86249999999531,1,1.399476624408106,1.3578215138473277,1.399476624408106,3.412164195957073,0.01799458456083672,1,1,7.367749999996688,7.862249999996417,-0.014627425411093409,-0.014627425411093409,0.010480624950831987,0.044379660490382236,0.0006501915361441946,0.014150202848552998,6.1,0.015894191022691927,none,,0,0,1,1,1,1,1,7.233499999996761,7.366249999996688,,,,,,sol_comp_T18_m60_phi0.250.pkl_mesh2x,mesh,2x,sol_comp_T18_m60_phi0.250_mesh2x.pkl
sol_comp_T18_m66_phi0.250.pkl,18.0,66.0,0.25,compliant,1.167664579275231,0.002,0.00025,0.001,0,rest,,0.0,0.0,0,0.0,hit B's face,6.339749999996489,0,1.509391435137854,1.509391435137854,0.0,2.210523853292226,0.030395992763162825,1,0,5.71999999999683,,,,,0.011463948684490823,0.0016225414848890299,0.0,4.1,0.027672913748798045,hit B's face,6.339749999996489,0,0,0,0,0,0,0,5.330499999997045,5.714499999996832,5.714499999996832,,,,,sol_comp_T18_m66_phi0.250.pkl_ctrl0.002_rounded,release_rounding,1x,sol_comp_T18_m66_phi0.250.pkl
sol_comp_T18_m66_phi0.250.pkl,18.0,66.0,0.25,compliant,1.167664579275231,0.002,0.00025,0.001,1,rest,,0.0,0.0,0,0.0,lost hook,7.728499999995716,0,1.6911663926423801,1.509391435137854,1.6911663926423801,3.430549882420915,0.026102917058044465,1,1,5.71924999999683,6.252749999996535,-0.02489739682288672,-0.02489739682288672,0.007841040133991088,0.06687705141232325,0.0016225414848890299,0.0001026031771132821,4.9,0.027672913748798045,lost hook,7.728499999995716,0,0,0,0,0,0,0,5.330499999997045,5.714499999996832,5.714499999996832,,,,,sol_comp_T18_m66_phi0.250.pkl_ctrl0.002,control_dt,1x,sol_comp_T18_m66_phi0.250.pkl
sol_comp_T18_m66_phi0.250.pkl,18.0,66.0,0.25,compliant,1.167664579275231,0.002,0.00025,0.001,1,rest,,0.0,0.0,0,0.0,lost hook,7.728499999995716,0,1.6911663926423801,1.509391435137854,1.6911663926423801,3.430549882420915,0.026102917058044465,1,1,5.71924999999683,6.252749999996535,-0.02489739682288672,-0.02489739682288672,0.007841040133991088,0.06687705141232325,0.0016225414848890299,0.0001026031771132821,5.0,0.027672913748798045,lost hook,7.728499999995716,0,0,0,0,0,0,0,5.330499999997045,5.714499999996832,5.714499999996832,,,,,sol_comp_T18_m66_phi0.250.pkl_sub0.00025,sub_dt,1x,sol_comp_T18_m66_phi0.250.pkl
sol_comp_T18_m66_phi0.250.pkl,18.0,66.0,0.25,compliant,1.167664579275231,0.002,0.00025,0.001,1,flight,,0.0,0.0,0,0.0,hit B's face,0.5439999999996985,0,0.0,0.0,0.0,0.05575419659388355,0.007936155181874929,1,0,0.0,,,,,0.0,0.00010603983067447587,0.0,0.6,,hit B's face,0.5439999999996985,0,0,0,0,0,0,0,,,,,,,,sol_comp_T18_m66_phi0.250.pkl_start_flight,phase_start,1x,sol_comp_T18_m66_phi0.250.pkl
sol_comp_T18_m66_phi0.250.pkl,18.0,66.0,0.25,compliant,1.167664579275231,0.01,0.00025,0.005,0,rest,,0.0,0.0,0,0.0,missed B,6.469500000001009,0,1.5177573025378912,1.5177573025378912,0.0,2.2509909997666298,0.1104336394363495,1,0,5.720000000000894,,,,,0.011957656029881664,0.0017441801335447375,0.0,1.1,0.021228699775701805,missed B,6.469500000001009,0,0,0,0,0,0,0,5.330000000000833,5.714000000000894,5.714000000000894,,,,,sol_comp_T18_m66_phi0.250.pkl_ctrl0.01_rounded,release_rounding,1x,sol_comp_T18_m66_phi0.250.pkl
sol_comp_T18_m66_phi0.250.pkl,18.0,66.0,0.25,compliant,1.167664579275231,0.01,0.00025,0.005,1,rest,,0.0,0.0,0,0.0,missed B,6.501750000001017,0,1.5177573025378912,1.5177573025378912,0.0,2.233827840917814,0.07466744705895162,1,0,5.719250000000894,,,,,0.011141686218772089,0.0017441801335447375,0.0,1.2,0.021228699775701805,missed B,6.501750000001017,0,0,0,0,0,0,0,5.330000000000833,5.714000000000894,5.714000000000894,,,,,sol_comp_T18_m66_phi0.250.pkl_ctrl0.01,control_dt,1x,sol_comp_T18_m66_phi0.250.pkl
sol_comp_T18_m66_phi0.250.pkl,18.0,66.0,0.25,compliant,1.167664579275231,0.005,0.00025,0.0025,0,rest,,0.0,0.0,0,0.0,missed B,6.523999999998704,0,1.5114568550435803,1.5114568550435803,0.0,2.214903824650793,0.0340530651547171,1,0,5.719999999998862,,,,,0.011849489544253185,0.001633095531862968,0.0,2.0,0.025367015218598302,missed B,6.523999999998704,0,0,0,0,0,0,0,5.32999999999894,5.714249999998863,5.714249999998863,,,,,sol_comp_T18_m66_phi0.250.pkl_ctrl0.005_rounded,release_rounding,1x,sol_comp_T18_m66_phi0.250.pkl
sol_comp_T18_m66_phi0.250.pkl,18.0,66.0,0.25,compliant,1.167664579275231,0.02,0.00025,0.01,1,rest,,0.0,0.0,0,0.0,hit wall,4.6472499999999,0,1.239986194427312,1.239986194427312,0.0,1.5834576119035637,,0,0,,,,,,0.04852801969413251,0.020013995821286823,0.0,0.5,0.12036565495457152,hit wall,4.6472499999999,0,0,0,0,0,0,0,0.05649999999999977,,,,,,,sol_comp_T18_m66_phi0.250.pkl_ctrl0.02,control_dt,1x,sol_comp_T18_m66_phi0.250.pkl
sol_comp_T18_m66_phi0.250.pkl,18.0,66.0,0.25,compliant,1.167664579275231,0.02,0.00025,0.01,0,rest,,0.0,0.0,0,0.0,hit wall,4.6472499999999,0,1.239986194427312,1.239986194427312,0.0,1.5834576119035637,,0,0,,,,,,0.04852801969413251,0.020013995821286823,0.0,0.5,0.12036565495457152,hit wall,4.6472499999999,0,0,0,0,0,0,0,0.05649999999999977,,,,,,,sol_comp_T18_m66_phi0.250.pkl_ctrl0.02_rounded,release_rounding,1x,sol_comp_T18_m66_phi0.250.pkl
sol_comp_T18_m66_phi0.250.pkl,18.0,66.0,0.25,compliant,1.167664579275231,0.005,0.00025,0.0025,1,rest,,0.0,0.0,0,0.0,held B,8.264499999998357,1,1.7376417212242457,1.5114568550435803,1.7376417212242457,3.757973243887348,0.02495690979176958,1,1,5.719249999998862,6.2642499999987535,-0.024895104116747557,-0.024895104116747557,-0.001755316886155654,0.07247335266985933,0.001633095531862968,0.054895104116747556,2.3,0.025367015218598302,none,,0,0,0,1,1,1,1,5.32999999999894,5.714249999998863,5.714249999998863,,,,,sol_comp_T18_m66_phi0.250.pkl_ctrl0.005,control_dt,1x,sol_comp_T18_m66_phi0.250.pkl
sol_comp_T18_m66_phi0.250.pkl,18.0,66.0,0.25,compliant,1.167664579275231,0.002,0.00025,0.001,1,catch,,0.0,0.0,0,0.0,held B,2.0002499999988927,1,1.430869514339474,0.0,1.430869514339474,1.430023168973871,,1,1,-0.5004123558117257,0.0,0.0,,,0.0443560468573313,0.0,0.010092835163371516,1.1,,none,,0,0,1,1,1,1,1,0.04449999999997445,0.15999999999991132,,,,,,sol_comp_T18_m66_phi0.250.pkl_start_catch,phase_start,1x,sol_comp_T18_m66_phi0.250.pkl
sol_comp_T18_m66_phi0.250.pkl,18.0,66.0,0.25,compliant,1.167664579275231,0.002,0.00025,0.001,1,hold,,0.0,0.0,0,0.0,held B,1.9002499999989482,1,2.060899961275437,0.0,2.060899961275437,1.481151728014835,,1,1,-0.6004123558117271,-0.10000000000000142,0.0,,,0.06747500762404712,0.02907304788206666,0.03,1.2,,grip capacity exceeded,0.13049999999992679,0,0,0,0,0,1,1,0.04199999999997672,0.06499999999996575,0.10574999999994361,0.11974999999993585,0.13049999999992679,,,sol_comp_T18_m66_phi0.250.pkl_start_hold,phase_start,1x,sol_comp_T18_m66_phi0.250.pkl
sol_comp_T18_m66_phi0.250.pkl,18.0,66.0,0.25,compliant,1.167664579275231,0.001,0.00025,0.0005,0,rest,,0.0,0.0,0,0.0,hit B's face,6.337750000007745,0,1.5066941836824808,1.5066941836824808,0.0,2.210050321571776,0.02942015918355941,1,0,5.720000000006991,,,,,0.011449099618335446,0.0016186635328757793,0.0,8.1,0.028468532245162742,hit B's face,6.337750000007745,0,0,0,0,0,0,0,5.331000000006515,5.714500000006982,5.714500000006982,,,,,sol_comp_T18_m66_phi0.250.pkl_ctrl0.001_rounded,release_rounding,1x,sol_comp_T18_m66_phi0.250.pkl
sol_comp_T18_m66_phi0.250.pkl,18.0,66.0,0.25,compliant,1.167664579275231,0.001,0.00025,0.0005,1,rest,,0.0,0.0,0,0.0,lost hook,7.738750000009457,0,1.6745492929783274,1.5066941836824808,1.6745492929783274,3.414335708512493,0.027303422675131736,1,1,5.719250000006991,6.248000000007636,-0.024917353712378354,-0.024917353712378354,0.011162543336942643,0.06772777239686961,0.0016186635328757793,0.002526914104129842,9.3,0.028468532245162742,lost hook,7.738750000009457,0,0,0,0,0,0,0,5.331000000006515,5.714500000006982,5.714500000006982,,,,,sol_comp_T18_m66_phi0.250.pkl_ctrl0.001,control_dt,1x,sol_comp_T18_m66_phi0.250.pkl
sol_comp_T18_m66_phi0.250_mesh0.5x.pkl,18.0,66.0,0.25,compliant,1.061222678792122,0.002,0.00025,0.001,1,rest,,0.0,0.0,0,0.0,lost hook,5.833999999996774,0,1.666171497254389,1.3259781996646351,1.666171497254389,2.616452820625753,0.02465740039257568,1,1,4.701749999997396,5.197749999997125,-0.024646611765510418,-0.024646611765510418,-0.0007293302406966948,0.263638984085427,0.08062620357299632,0.06370380629039304,3.8,0.05408029251068003,lost hook,5.833999999996774,0,0,0,0,0,0,0,4.597749999997454,4.647749999997426,5.219999999997114,,,,,sol_comp_T18_m66_phi0.250.pkl_mesh0.5x,mesh,0.5x,sol_comp_T18_m66_phi0.250_mesh0.5x.pkl
sol_comp_T18_m66_phi0.250.pkl,18.0,66.0,0.25,compliant,1.167664579275231,0.002,0.00025,0.001,1,rest,,0.0,0.0,0,0.0,lost hook,7.728499999995716,0,1.6911663926423801,1.509391435137854,1.6911663926423801,3.430549882420915,0.026102917058044465,1,1,5.71924999999683,6.252749999996535,-0.02489739682288672,-0.02489739682288672,0.007841040133991088,0.06687705141232325,0.0016225414848890299,0.0001026031771132821,5.2,0.027672913748798045,lost hook,7.728499999995716,0,0,0,0,0,0,0,5.330499999997045,5.714499999996832,5.714499999996832,,,,,sol_comp_T18_m66_phi0.250.pkl_start_rest,phase_start,1x,sol_comp_T18_m66_phi0.250.pkl
sol_comp_T18_m66_phi0.250.pkl,18.0,66.0,0.25,compliant,1.167664579275231,0.002,0.00025,0.001,1,rest,,0.0,0.0,0,0.0,lost hook,7.728499999995716,0,1.6911663926423801,1.509391435137854,1.6911663926423801,3.430549882420915,0.026102917058044465,1,1,5.71924999999683,6.252749999996535,-0.02489739682288672,-0.02489739682288672,0.007841040133991088,0.06687705141232325,0.0016225414848890299,0.0001026031771132821,5.1,0.027672913748798045,lost hook,7.728499999995716,0,0,0,0,0,0,0,5.330499999997045,5.714499999996832,5.714499999996832,,,,,sol_comp_T18_m66_phi0.250.pkl_mesh1x,mesh,1x,sol_comp_T18_m66_phi0.250.pkl
sol_comp_T18_m66_phi0.250_mesh2x.pkl,18.0,66.0,0.25,compliant,1.126084887040751,0.002,0.00025,0.001,1,rest,,0.0,0.0,0,0.0,held B,8.20399999999546,1,1.6793615921749125,1.485463745519447,1.6793615921749125,3.5817752502379157,0.02665077555728676,1,1,5.7302499999968255,6.2037499999965675,-0.019797291071157908,-0.019797291071157908,0.017841835781351782,0.045199196340648395,0.0008382681695863672,0.04233132099250376,5.2,0.01575965702193184,none,,0,0,0,1,1,1,1,5.5932499999969,5.729249999996824,6.390749999996466,,,,,sol_comp_T18_m66_phi0.250.pkl_mesh2x,mesh,2x,sol_comp_T18_m66_phi0.250_mesh2x.pkl
sol_comp_T18_m75_phi0.250.pkl,18.0,75.0,0.25,compliant,1.3991371638747656,0.002,0.00025,0.001,0,rest,,0.0,0.0,0,0.0,missed B,8.06099999999619,0,1.7176918324265087,1.7176918324265087,0.0,3.3465564804728056,0.041596907513690495,1,0,7.239999999996643,,,,,0.005983016664884322,0.0016311501758406698,0.0,5.3,0.03869115770920689,missed B,8.06099999999619,0,0,0,0,0,0,0,6.84949999999686,7.063749999996743,7.237749999996646,,,,,sol_comp_T18_m75_phi0.250.pkl_ctrl0.002_rounded,release_rounding,1x,sol_comp_T18_m75_phi0.250.pkl
sol_comp_T18_m75_phi0.250.pkl,18.0,75.0,0.25,compliant,1.3991371638747656,0.002,0.0005,0.001,1,rest,,0.0,0.0,0,0.0,held B,9.788499999995233,1,1.782825436256991,1.724941765990322,1.782825436256991,5.209403187495623,0.02547797369192109,1,1,7.238999999996645,7.787999999996343,-0.024973293653337336,-0.024973293653337336,0.005045963490791863,0.05797596973560017,0.0016311336572324038,0.0,6.0,0.038691157708483276,none,,0,0,0,0,1,1,1,6.84949999999686,7.063499999996742,7.237499999996645,7.823499999996324,,,,sol_comp_T18_m75_phi0.250.pkl_sub0.0005,sub_dt,1x,sol_comp_T18_m75_phi0.250.pkl
sol_comp_T18_m75_phi0.250.pkl,18.0,75.0,0.25,compliant,1.3991371638747656,0.002,0.001,0.001,1,rest,,0.0,0.0,0,0.0,held B,9.790999999995234,1,1.7857601776122436,1.7199781380521895,1.7857601776122436,5.237105537857219,0.024910140329356213,1,1,7.238999999996645,7.789999999996342,-0.024749722568382815,-0.024749722568382815,0.002822467717494969,0.06728551812723613,0.0016311371890009637,0.0,6.0,0.038691157696847424,none,,0,0,0,0,1,1,1,6.848999999996861,7.062999999996743,7.236999999996646,7.823999999996323,,,,sol_comp_T18_m75_phi0.250.pkl_sub0.001,sub_dt,1x,sol_comp_T18_m75_phi0.250.pkl
sol_comp_T18_m75_phi0.250.pkl,18.0,75.0,0.25,compliant,1.3991371638747656,0.005,0.00025,0.0025,0,rest,,0.0,0.0,0,0.0,missed B,8.060499999998656,0,1.7183319800243178,1.7183319800243178,0.0,3.3480784791952827,0.04810136141768421,1,0,7.239999999998821,,,,,0.005604850182711896,0.0016264956534771512,0.0,2.4,0.03579800723555221,missed B,8.060499999998656,0,0,0,0,0,0,0,6.8494999999988995,7.063749999998857,7.237749999998821,,,,,sol_comp_T18_m75_phi0.250.pkl_ctrl0.005_rounded,release_rounding,1x,sol_comp_T18_m75_phi0.250.pkl
sol_comp_T18_m75_phi0.250.pkl,18.0,75.0,0.25,compliant,1.3991371638747656,0.005,0.00025,0.0025,1,rest,,0.0,0.0,0,0.0,missed B,8.056749999998663,0,1.7183319800243178,1.7183319800243178,0.0,3.3444954049454827,0.02681741931518781,1,0,7.238999999998823,,,,,0.003067598601838639,0.0016264956534771512,0.0,2.5,0.03579800723555221,missed B,8.056749999998663,0,0,0,0,0,0,0,6.8494999999988995,7.063749999998857,7.237749999998821,,,,,sol_comp_T18_m75_phi0.250.pkl_ctrl0.005,control_dt,1x,sol_comp_T18_m75_phi0.250.pkl
sol_comp_T18_m75_phi0.250.pkl,18.0,75.0,0.25,compliant,1.3991371638747656,0.01,0.00025,0.005,1,rest,,0.0,0.0,0,0.0,hit B's face,7.879000000001101,0,1.7246187786246858,1.7246187786246858,0.0,3.3577786452510643,0.04275245722032599,1,0,7.239000000001001,,,,,0.002112086378953104,0.001552953321396433,0.0,1.3,0.030906305264660216,hit B's face,7.879000000001101,0,0,0,0,0,0,0,6.850000000000941,7.054000000000974,7.238250000001001,,,,,sol_comp_T18_m75_phi0.250.pkl_ctrl0.01,control_dt,1x,sol_comp_T18_m75_phi0.250.pkl
sol_comp_T18_m75_phi0.250.pkl,18.0,75.0,0.25,compliant,1.3991371638747656,0.002,0.00025,0.001,1,rest,,0.0,0.0,0,0.0,held B,9.789749999995236,1,1.7852081763051004,1.7176918324265087,1.7852081763051004,5.214171107404196,0.025252743729241377,1,1,7.238999999996645,7.789499999996343,-0.024997281875774213,-0.024997281875774213,0.0035828710104927955,0.06225292769598453,0.0016311501758406698,0.0,6.1,0.03869115770920689,none,,0,0,0,0,1,1,1,6.84949999999686,7.063749999996743,7.237749999996646,7.823999999996323,,,,sol_comp_T18_m75_phi0.250.pkl_sub0.00025,sub_dt,1x,sol_comp_T18_m75_phi0.250.pkl
sol_comp_T18_m75_phi0.250.pkl,18.0,75.0,0.25,compliant,1.3991371638747656,0.002,0.00025,0.001,1,hold,,0.0,0.0,0,0.0,grip capacity exceeded,0.13474999999992576,0,2.5006902117165315,0.0,2.5006902117165315,0.31228362775164,,1,1,-0.6162162059146716,-0.10000000000000142,0.0,,,0.015245361054515183,0.0,0.0,0.1,,grip capacity exceeded,0.11599999999993571,0,0,0,0,0,0,0,0.03799999999997894,0.05074999999997232,0.07299999999996132,0.10699999999994247,0.11599999999993571,0.12324999999993125,0.13449999999992457,sol_comp_T18_m75_phi0.250.pkl_start_hold,phase_start,1x,sol_comp_T18_m75_phi0.250.pkl
sol_comp_T18_m75_phi0.250.pkl,18.0,75.0,0.25,compliant,1.3991371638747656,0.002,0.00025,0.001,1,rest,,0.0,0.0,0,0.0,held B,9.789749999995236,1,1.7852081763051004,1.7176918324265087,1.7852081763051004,5.214171107404196,0.025252743729241377,1,1,7.238999999996645,7.789499999996343,-0.024997281875774213,-0.024997281875774213,0.0035828710104927955,0.06225292769598453,0.0016311501758406698,0.0,6.4,0.03869115770920689,none,,0,0,0,0,1,1,1,6.84949999999686,7.063749999996743,7.237749999996646,7.823999999996323,,,,sol_comp_T18_m75_phi0.250.pkl_ctrl0.002,control_dt,1x,sol_comp_T18_m75_phi0.250.pkl
sol_comp_T18_m75_phi0.250.pkl,18.0,75.0,0.25,compliant,1.3991371638747656,0.01,0.00025,0.005,0,rest,,0.0,0.0,0,0.0,missed B,8.028750000001123,0,1.7246187786246858,1.7246187786246858,0.0,3.3656134840713645,0.06620890820470364,1,0,7.240000000001002,,,,,0.004718290260996905,0.001552953321396433,0.0,1.3,0.030906305264660216,missed B,8.028750000001123,0,0,0,0,0,0,0,6.850000000000941,7.054000000000974,7.238250000001001,,,,,sol_comp_T18_m75_phi0.250.pkl_ctrl0.01_rounded,release_rounding,1x,sol_comp_T18_m75_phi0.250.pkl
sol_comp_T18_m75_phi0.250.pkl,18.0,75.0,0.25,compliant,1.3991371638747656,0.002,0.00025,0.001,1,catch,,0.0,0.0,0,0.0,held B,2.0002499999988927,1,1.7531735980388021,0.0,1.7531735980388021,1.8362590814787871,,1,1,-0.5162162059146702,0.0,0.0,,,0.06713936865428335,0.0,0.007050243419468975,1.1,,none,,0,0,0,0,1,1,1,0.04074999999997786,0.05199999999997118,0.2207499999998781,0.2534999999998604,,,,sol_comp_T18_m75_phi0.250.pkl_start_catch,phase_start,1x,sol_comp_T18_m75_phi0.250.pkl
sol_comp_T18_m75_phi0.250.pkl,18.0,75.0,0.25,compliant,1.3991371638747656,0.002,0.00025,0.001,1,flight,,0.0,0.0,0,0.0,held B,2.5097499999986113,1,2.0046072570090256,0.0,2.0046072570090256,1.9181501950713296,0.0029837859305063144,1,1,0.0,0.5094999999997185,-0.0029313472758842885,-0.0029313472758842885,0.0005569395184875944,0.0657985074929397,0.0,0.005270681689703579,1.6,,grip capacity exceeded,0.7499999999995843,0,0,0,0,0,1,1,0.5592499999996896,0.5732499999996818,0.6909999999996188,0.7407499999995899,0.7499999999995843,,,sol_comp_T18_m75_phi0.250.pkl_start_flight,phase_start,1x,sol_comp_T18_m75_phi0.250.pkl
sol_comp_T18_m75_phi0.250_mesh0.5x.pkl,18.0,75.0,0.25,compliant,1.2081324103310576,0.002,0.00025,0.001,1,rest,,0.0,0.0,0,0.0,missed B,5.5969999999969,0,1.331341228499111,1.331341228499111,0.0,2.5771828402493275,0.02341223609660352,1,0,5.007249999997224,,,,,0.074930793111188,0.0025788027055560266,0.0,3.5,0.07159156866396676,missed B,5.5969999999969,0,0,0,0,0,0,0,4.5632499999974705,4.908249999997281,,,,,,sol_comp_T18_m75_phi0.250.pkl_mesh0.5x,mesh,0.5x,sol_comp_T18_m75_phi0.250_mesh0.5x.pkl
sol_comp_T18_m75_phi0.250.pkl,18.0,75.0,0.25,compliant,1.3991371638747656,0.001,0.00025,0.0005,0,rest,,0.0,0.0,0,0.0,missed B,8.060750000008538,0,1.7169014051814289,1.7169014051814289,0.0,3.346005789896626,0.03921679234275499,1,0,7.2400000000075355,,,,,0.00595588767278421,0.0016354005590654228,0.0,10.6,0.039648391933017973,missed B,8.060750000008538,0,0,0,0,0,0,0,6.849750000007058,7.064250000007322,7.237750000007532,,,,,sol_comp_T18_m75_phi0.250.pkl_ctrl0.001_rounded,release_rounding,1x,sol_comp_T18_m75_phi0.250.pkl
sol_ref_T18_m60_phi0.250.pkl,18.0,60.0,0.25,impact,1.0308262773085413,0.002,0.001,0.001,1,rest,,0.0,0.0,0,0.0,held B,8.228999999995441,1,1.4530782435065637,1.064421808038151,1.4530782435065637,3.0860907467466654,0.025035334493431982,1,1,5.753999999996811,6.227999999996548,-0.02386477269020837,-0.02386477269020837,0.007565751624439567,0.045636686649490166,0.0010141752973930294,0.0,4.8,0.027773061963829435,none,,0,0,1,1,1,1,1,5.708999999996838,6.268999999996527,,,,,,sol_ref_T18_m60_phi0.250.pkl_sub0.001,sub_dt,1x,sol_ref_T18_m60_phi0.250.pkl
sol_comp_T18_m75_phi0.250.pkl,18.0,75.0,0.25,compliant,1.3991371638747656,0.002,0.00025,0.001,1,rest,,0.0,0.0,0,0.0,held B,9.789749999995236,1,1.7852081763051004,1.7176918324265087,1.7852081763051004,5.214171107404196,0.025252743729241377,1,1,7.238999999996645,7.789499999996343,-0.024997281875774213,-0.024997281875774213,0.0035828710104927955,0.06225292769598453,0.0016311501758406698,0.0,6.3,0.03869115770920689,none,,0,0,0,0,1,1,1,6.84949999999686,7.063749999996743,7.237749999996646,7.823999999996323,,,,sol_comp_T18_m75_phi0.250.pkl_start_rest,phase_start,1x,sol_comp_T18_m75_phi0.250.pkl
sol_comp_T18_m75_phi0.250.pkl,18.0,75.0,0.25,compliant,1.3991371638747656,0.001,0.00025,0.0005,1,rest,,0.0,0.0,0,0.0,held B,9.787750000010648,1,1.7696848316070957,1.7169014051814289,1.7696848316070957,5.207527687575676,0.025469860198416402,1,1,7.239000000007534,7.787750000008204,-0.024971649720022082,-0.024971649720022082,0.005013031895709129,0.06275165869882138,0.0016354005590654228,0.0,12.2,0.039648391933017973,none,,0,0,0,0,1,1,1,6.849750000007058,7.064250000007322,7.237750000007532,7.8250000000082505,,,,sol_comp_T18_m75_phi0.250.pkl_ctrl0.001,control_dt,1x,sol_comp_T18_m75_phi0.250.pkl
sol_ref_T18_m60_phi0.250.pkl,18.0,60.0,0.25,impact,1.0308262773085413,0.002,0.0005,0.001,1,rest,,0.0,0.0,0,0.0,held B,8.22799999999544,1,1.3499995967210714,1.0644220152031414,1.3499995967210714,3.0675965428181162,0.026439118963165326,1,1,5.753999999996811,6.2274999999965495,-0.024912485979912802,-0.024912485979912802,0.008854098138661915,0.04671782445344158,0.0010141962108042024,0.0009272079218231276,5.1,0.02777306197620621,none,,0,0,1,1,1,1,1,5.7094999999968366,6.269499999996526,,,,,,sol_ref_T18_m60_phi0.250.pkl_sub0.0005,sub_dt,1x,sol_ref_T18_m60_phi0.250.pkl
sol_comp_T18_m75_phi0.250_mesh2x.pkl,18.0,75.0,0.25,compliant,1.3240313291621932,0.002,0.00025,0.001,1,rest,,0.0,0.0,0,0.0,held B,9.542499999995208,1,2.0705518236808644,1.8364020220017774,2.0705518236808644,5.030451216028977,0.018319879781484607,1,1,7.051749999996584,7.542249999996315,-0.014384123686302264,-0.014384123686302264,0.011345262490802348,0.13281240571158204,0.02674415547949449,0.04438412368630225,6.0,0.016880644130610294,grip capacity exceeded,7.786499999996181,0,0,0,0,0,1,1,6.637999999996811,6.951249999996637,7.051499999996583,7.051499999996583,7.786499999996181,,,sol_comp_T18_m75_phi0.250.pkl_mesh2x,mesh,2x,sol_comp_T18_m75_phi0.250_mesh2x.pkl
sol_comp_T18_m75_phi0.250.pkl,18.0,75.0,0.25,compliant,1.3991371638747656,0.002,0.00025,0.001,1,rest,,0.0,0.0,0,0.0,held B,9.789749999995236,1,1.7852081763051004,1.7176918324265087,1.7852081763051004,5.214171107404196,0.025252743729241377,1,1,7.238999999996645,7.789499999996343,-0.024997281875774213,-0.024997281875774213,0.0035828710104927955,0.06225292769598453,0.0016311501758406698,0.0,6.3,0.03869115770920689,none,,0,0,0,0,1,1,1,6.84949999999686,7.063749999996743,7.237749999996646,7.823999999996323,,,,sol_comp_T18_m75_phi0.250.pkl_mesh1x,mesh,1x,sol_comp_T18_m75_phi0.250.pkl
sol_comp_T18_m75_phi0.250.pkl,18.0,75.0,0.25,compliant,1.3991371638747656,0.02,0.00025,0.01,1,rest,,0.0,0.0,0,0.0,slipped off A,6.469999999999866,0,1.5865148772462305,1.5865148772462305,0.0,2.660127671433804,,0,0,,,,,,0.02679246685149283,0.0077657685777005395,0.0,0.7,0.12217634650107856,slipped off A,6.469999999999866,0,0,0,0,0,0,0,0.06524999999999892,0.06874999999999787,0.07299999999999862,,,,,sol_comp_T18_m75_phi0.250.pkl_ctrl0.02,control_dt,1x,sol_comp_T18_m75_phi0.250.pkl
sol_comp_T18_m75_phi0.250.pkl,18.0,75.0,0.25,compliant,1.3991371638747656,0.02,0.00025,0.01,0,rest,,0.0,0.0,0,0.0,slipped off A,6.469999999999866,0,1.5865148772462305,1.5865148772462305,0.0,2.660127671433804,,0,0,,,,,,0.02679246685149283,0.0077657685777005395,0.0,0.7,0.12217634650107856,slipped off A,6.469999999999866,0,0,0,0,0,0,0,0.06524999999999892,0.06874999999999787,0.07299999999999862,,,,,sol_comp_T18_m75_phi0.250.pkl_ctrl0.02_rounded,release_rounding,1x,sol_comp_T18_m75_phi0.250.pkl
sol_ref_T18_m60_phi0.250.pkl,18.0,60.0,0.25,impact,1.0308262773085413,0.01,0.00025,0.005,1,rest,,0.0,0.0,0,0.0,hit B's face,6.30425000000098,0,1.157706134229776,1.157706134229776,0.0,1.7898484166810116,0.01660055821223565,1,0,5.754250000000898,,,,,0.003510460775546842,0.002016407179370735,0.0,1.1,0.022427667350717426,hit B's face,6.30425000000098,0,0,0,0,0,0,0,5.710000000000893,,,,,,,sol_ref_T18_m60_phi0.250.pkl_ctrl0.01,control_dt,1x,sol_ref_T18_m60_phi0.250.pkl
sol_ref_T18_m60_phi0.250.pkl,18.0,60.0,0.25,impact,1.0308262773085413,0.02,0.00025,0.01,1,rest,,0.0,0.0,0,0.0,grip capacity exceeded,5.7034999999998774,0,2.7057969516591753,2.7057969516591753,0.0,1.978725554057591,,0,0,,,,,,0.03133384837419653,0.010916262414870648,0.0,0.6,0.18868390542450664,grip capacity exceeded,5.699749999999877,0,0,0,0,0,0,0,0.05249999999999844,1.6282499999999658,5.697749999999878,5.69874999999988,5.699749999999877,5.701999999999877,5.70324999999988,sol_ref_T18_m60_phi0.250.pkl_ctrl0.02,control_dt,1x,sol_ref_T18_m60_phi0.250.pkl
sol_ref_T18_m60_phi0.250.pkl,18.0,60.0,0.25,impact,1.0308262773085413,0.01,0.00025,0.005,0,rest,,0.0,0.0,0,0.0,lost hook,6.268250000000975,0,1.2181282237091984,1.2181282237091984,0.9843058429056382,1.8114107580968422,0.024925497660989167,1,1,5.7600000000009,6.238000000000973,-0.02490647997702089,-0.02490647997702089,0.0009734930930592059,0.25001900245425623,0.002016407179370735,0.0021590449673622794,1.1,0.037743585314437555,lost hook,6.268250000000975,0,0,0,0,0,0,0,5.710000000000893,,,,,,,sol_ref_T18_m60_phi0.250.pkl_ctrl0.01_rounded,release_rounding,1x,sol_ref_T18_m60_phi0.250.pkl
sol_ref_T18_m60_phi0.250.pkl,18.0,60.0,0.25,impact,1.0308262773085413,0.02,0.00025,0.01,0,rest,,0.0,0.0,0,0.0,grip capacity exceeded,5.7034999999998774,0,2.7057969516591753,2.7057969516591753,0.0,1.978725554057591,,0,0,,,,,,0.03133384837419653,0.010916262414870648,0.0,0.5,0.18868390542450664,grip capacity exceeded,5.699749999999877,0,0,0,0,0,0,0,0.05249999999999844,1.6282499999999658,5.697749999999878,5.69874999999988,5.699749999999877,5.701999999999877,5.70324999999988,sol_ref_T18_m60_phi0.250.pkl_ctrl0.02_rounded,release_rounding,1x,sol_ref_T18_m60_phi0.250.pkl
sol_ref_T18_m60_phi0.250.pkl,18.0,60.0,0.25,impact,1.0308262773085413,0.002,0.00025,0.001,1,rest,,0.0,0.0,0,0.0,held B,8.228499999995446,1,1.7413940008511075,1.0675691663687008,1.7413940008511075,3.0729680136885906,0.026236519897628645,1,1,5.754249999996812,6.228249999996553,-0.024764600118666102,-0.024764600118666102,0.00866426899981912,0.04695193354065064,0.0010141847370998807,0.0009314779583965496,5.1,0.02777306197697648,none,,0,0,0,1,1,1,1,5.7094999999968366,6.228249999996553,6.228249999996553,,,,,sol_ref_T18_m60_phi0.250.pkl_sub0.00025,sub_dt,1x,sol_ref_T18_m60_phi0.250.pkl
sol_ref_T18_m60_phi0.250.pkl,18.0,60.0,0.25,impact,1.0308262773085413,0.005,0.00025,0.0025,0,rest,,0.0,0.0,0,0.0,held B,8.231749999998364,1,1.6829371907995123,1.071003323434702,1.6829371907995123,3.0933014844142086,0.025778546412808443,1,1,5.754999999998855,6.231499999998761,-0.02461460621732936,-0.02461460621732936,0.007658630159704141,0.0467083012444478,0.0010231340368673254,0.0,2.4,0.0255238162130679,none,,0,0,0,1,1,1,1,5.709749999998866,6.231499999998761,6.231499999998761,,,,,sol_ref_T18_m60_phi0.250.pkl_ctrl0.005_rounded,release_rounding,1x,sol_ref_T18_m60_phi0.250.pkl
sol_ref_T18_m60_phi0.250.pkl,18.0,60.0,0.25,impact,1.0308262773085413,0.005,0.00025,0.0025,1,rest,,0.0,0.0,0,0.0,lost hook,7.989249999998414,0,1.6919145420991621,1.0666168523608306,1.6919145420991621,3.1307471189227987,0.025364035164984724,1,1,5.754249999998855,6.233999999998762,-0.024537094583508612,-0.024537094583508612,0.0064238048888905445,0.04767138177597968,0.0010231340368673254,0.00046290541649138955,2.6,0.0255238162130679,lost hook,7.989249999998414,0,0,0,0,0,0,0,5.709749999998866,6.233999999998762,6.233999999998762,,,,,sol_ref_T18_m60_phi0.250.pkl_ctrl0.005,control_dt,1x,sol_ref_T18_m60_phi0.250.pkl
sol_ref_T18_m60_phi0.250.pkl,18.0,60.0,0.25,impact,1.0308262773085413,0.002,0.00025,0.001,1,catch,,0.0,0.0,0,0.0,held B,2.0002499999988927,1,1.364958095721654,0.0,1.364958095721654,1.2829238024021534,,1,1,-0.4724483661325998,0.0,0.0,,,0.04640158669460209,0.0,0.0,1.1,,none,,0,0,1,1,1,1,1,0.03824999999998013,0.15824999999991363,,,,,,sol_ref_T18_m60_phi0.250.pkl_start_catch,phase_start,1x,sol_ref_T18_m60_phi0.250.pkl
sol_ref_T18_m60_phi0.250.pkl,18.0,60.0,0.25,impact,1.0308262773085413,0.002,0.00025,0.001,1,flight,,0.0,0.0,0,0.0,held B,2.450749999998642,1,1.7892527822659794,0.0,1.7892527822659794,1.3742645765558428,0.03320905718182761,1,1,0.0,0.45049999999974943,-0.024812574149700062,-0.024812574149700062,0.02207210100945382,0.3086289616733706,0.0,0.03043052063969485,1.6,,none,,0,0,0,0,1,1,1,0.5287499999997074,0.6024999999996652,0.668999999999631,0.6772499999996242,,,,sol_ref_T18_m60_phi0.250.pkl_start_flight,phase_start,1x,sol_ref_T18_m60_phi0.250.pkl
sol_ref_T18_m60_phi0.250.pkl,18.0,60.0,0.25,impact,1.0308262773085413,0.002,0.00025,0.001,1,hold,,0.0,0.0,0,0.0,held B,2.0002499999988927,1,1.364958095721654,0.0,1.364958095721654,1.2829238024021534,,1,1,-0.4724483661325998,0.0,0.0,,,0.04640158669460209,0.0,0.0,1.1,,none,,0,0,1,1,1,1,1,0.03824999999998013,0.15824999999991363,,,,,,sol_ref_T18_m60_phi0.250.pkl_start_hold,phase_start,1x,sol_ref_T18_m60_phi0.250.pkl
sol_ref_T18_m60_phi0.250.pkl,18.0,60.0,0.25,impact,1.0308262773085413,0.002,0.00025,0.001,1,rest,,0.0,0.0,0,0.0,held B,8.228499999995446,1,1.7413940008511075,1.0675691663687008,1.7413940008511075,3.0729680136885906,0.026236519897628645,1,1,5.754249999996812,6.228249999996553,-0.024764600118666102,-0.024764600118666102,0.00866426899981912,0.04695193354065064,0.0010141847370998807,0.0009314779583965496,5.2,0.02777306197697648,none,,0,0,0,1,1,1,1,5.7094999999968366,6.228249999996553,6.228249999996553,,,,,sol_ref_T18_m60_phi0.250.pkl_ctrl0.002,control_dt,1x,sol_ref_T18_m60_phi0.250.pkl
sol_ref_T18_m60_phi0.250.pkl,18.0,60.0,0.25,impact,1.0308262773085413,0.002,0.00025,0.001,0,rest,,0.0,0.0,0,0.0,lost hook,7.979999999995577,0,1.8281205524564117,1.0791989013477732,1.8281205524564117,3.0542722676417937,0.025922619073707163,1,1,5.75599999999681,6.233249999996545,-0.024679578050819995,-0.024679578050819995,0.00793099028331332,0.04777198706744351,0.0010141847370998807,0.0013075717153103739,5.2,0.02777306197697648,lost hook,7.979999999995577,0,0,0,0,0,0,0,5.7094999999968366,6.233249999996545,6.233249999996545,6.233249999996545,,,,sol_ref_T18_m60_phi0.250.pkl_ctrl0.002_rounded,release_rounding,1x,sol_ref_T18_m60_phi0.250.pkl
sol_ref_T18_m60_phi0.250.pkl,18.0,60.0,0.25,impact,1.0308262773085413,0.002,0.00025,0.001,1,rest,,0.0,0.0,0,0.0,held B,8.228499999995446,1,1.7413940008511075,1.0675691663687008,1.7413940008511075,3.0729680136885906,0.026236519897628645,1,1,5.754249999996812,6.228249999996553,-0.024764600118666102,-0.024764600118666102,0.00866426899981912,0.04695193354065064,0.0010141847370998807,0.0009314779583965496,5.3,0.02777306197697648,none,,0,0,0,1,1,1,1,5.7094999999968366,6.228249999996553,6.228249999996553,,,,,sol_ref_T18_m60_phi0.250.pkl_start_rest,phase_start,1x,sol_ref_T18_m60_phi0.250.pkl
sol_ref_T18_m60_phi0.250_mesh0.5x.pkl,18.0,60.0,0.25,impact,1.015062686982627,0.002,0.00025,0.001,1,rest,,0.0,0.0,0,0.0,hit B's face,6.023749999996664,0,1.1813784065956034,1.1813784065956034,0.0,1.6766890436061588,0.07093193898771631,1,0,5.499249999996952,,,,,0.006818858680868123,0.002921724604190998,0.0,4.3,0.08547157446567877,hit B's face,6.023749999996664,0,0,0,0,0,0,0,5.476499999996964,,,,,,,sol_ref_T18_m60_phi0.250.pkl_mesh0.5x,mesh,0.5x,sol_ref_T18_m60_phi0.250_mesh0.5x.pkl
sol_ref_T18_m60_phi0.250.pkl,18.0,60.0,0.25,impact,1.0308262773085413,0.002,0.00025,0.001,1,rest,,0.0,0.0,0,0.0,held B,8.228499999995446,1,1.7413940008511075,1.0675691663687008,1.7413940008511075,3.0729680136885906,0.026236519897628645,1,1,5.754249999996812,6.228249999996553,-0.024764600118666102,-0.024764600118666102,0.00866426899981912,0.04695193354065064,0.0010141847370998807,0.0009314779583965496,5.4,0.02777306197697648,none,,0,0,0,1,1,1,1,5.7094999999968366,6.228249999996553,6.228249999996553,,,,,sol_ref_T18_m60_phi0.250.pkl_mesh1x,mesh,1x,sol_ref_T18_m60_phi0.250.pkl
sol_ref_T18_m60_phi0.250.pkl,18.0,60.0,0.25,impact,1.0308262773085413,0.001,0.00025,0.0005,1,rest,,0.0,0.0,0,0.0,held B,8.228000000010056,1,1.7552276408246126,1.0662266172037138,1.7552276408246126,3.0612071025744,0.02621254632131071,1,1,5.754250000007033,6.2280000000076114,-0.02472887140113933,-0.02472887140113933,0.008693704841595035,0.04727292431592761,0.001011846747437272,0.001010860249572726,10.3,0.028607134616108504,none,,0,0,0,0,1,1,1,5.709500000006976,6.2280000000076114,6.2280000000076114,6.2280000000076114,,,,sol_ref_T18_m60_phi0.250.pkl_ctrl0.001,control_dt,1x,sol_ref_T18_m60_phi0.250.pkl
sol_ref_T18_m60_phi0.250_mesh2x.pkl,18.0,60.0,0.25,impact,1.0287812345431597,0.002,0.00025,0.001,1,rest,,0.0,0.0,0,0.0,held B,8.189499999995466,1,1.415895246853791,1.0555269418770101,1.415895246853791,3.083291488536584,0.034403780353356866,1,1,5.7302499999968255,6.189249999996573,-0.024909417961600067,-0.024909417961600067,0.02373059205785519,0.1283224296670823,0.000715420962228569,0.019711979458081143,5.4,0.011907741537014363,none,,0,0,1,1,1,1,1,5.681749999996853,6.333499999996494,,,,,,sol_ref_T18_m60_phi0.250.pkl_mesh2x,mesh,2x,sol_ref_T18_m60_phi0.250_mesh2x.pkl
sol_ref_T18_m66_phi0.250.pkl,18.0,66.0,0.25,impact,1.14052889559245,0.002,0.001,0.001,1,rest,,0.0,0.0,0,0.0,held B,8.229999999995442,1,1.5559181253783523,1.2113397691004972,1.5559181253783523,3.630881134393889,0.026596028717616134,1,1,5.75599999999681,6.2289999999965495,-0.024532424961996036,-0.024532424961996036,0.010271751020750838,0.046069964047834214,0.001804729296585662,0.001894610879299121,5.1,0.03797108622567799,none,,0,0,0,1,1,1,1,5.305999999997059,6.268999999996531,6.28599999999652,,,,,sol_ref_T18_m66_phi0.250.pkl_sub0.001,sub_dt,1x,sol_ref_T18_m66_phi0.250.pkl
sol_ref_T18_m66_phi0.250.pkl,18.0,66.0,0.25,impact,1.14052889559245,0.002,0.0005,0.001,1,rest,,0.0,0.0,0,0.0,held B,8.228499999995439,1,1.5078317734863005,1.207144478845943,1.5078317734863005,3.6374728216250776,0.02686765697256696,1,1,5.755499999996811,6.227999999996548,-0.02478947805786591,-0.02478947805786591,0.010361118125671118,0.051712114072318696,0.0018047232501128517,0.002285072782618091,5.2,0.03797108624078807,none,,0,0,0,1,1,1,1,5.305999999997059,6.227999999996548,6.287999999996515,,,,,sol_ref_T18_m66_phi0.250.pkl_sub0.0005,sub_dt,1x,sol_ref_T18_m66_phi0.250.pkl
sol_ref_T18_m60_phi0.250.pkl,18.0,60.0,0.25,impact,1.0308262773085413,0.001,0.00025,0.0005,0,rest,,0.0,0.0,0,0.0,lost hook,7.970250000009742,0,1.8127802510545277,1.0710286259117643,1.8127802510545277,3.030104209455948,0.02606298155033783,1,1,5.755000000007033,6.230000000007614,-0.02465388050891537,-0.02465388050891537,0.008453708248181556,0.04768453218361912,0.001011846747437272,0.0021192740181988703,9.5,0.028607134616108504,lost hook,7.970250000009742,0,0,0,0,0,0,0,5.709500000006976,6.230000000007614,6.230000000007614,6.230000000007614,,,,sol_ref_T18_m60_phi0.250.pkl_ctrl0.001_rounded,release_rounding,1x,sol_ref_T18_m60_phi0.250.pkl
sol_ref_T18_m66_phi0.250.pkl,18.0,66.0,0.25,impact,1.14052889559245,0.02,0.00025,0.01,1,rest,,0.0,0.0,0,0.0,slipped off A,2.5512499999999463,0,1.5848634115773201,1.5848634115773201,0.0,0.7690831807272396,,0,0,,,,,,0.018078663505297576,0.0074969524007485015,0.0,0.3,0.11516707266239054,slipped off A,2.5512499999999463,0,0,0,0,0,0,0,1.5534999999999677,2.4947499999999465,2.497999999999948,,,,,sol_ref_T18_m66_phi0.250.pkl_ctrl0.02,control_dt,1x,sol_ref_T18_m66_phi0.250.pkl
sol_ref_T18_m66_phi0.250.pkl,18.0,66.0,0.25,impact,1.14052889559245,0.02,0.00025,0.01,0,rest,,0.0,0.0,0,0.0,slipped off A,2.5512499999999463,0,1.5848634115773201,1.5848634115773201,0.0,0.7690831807272396,,0,0,,,,,,0.018078663505297576,0.0074969524007485015,0.0,0.2,0.11516707266239054,slipped off A,2.5512499999999463,0,0,0,0,0,0,0,1.5534999999999677,2.4947499999999465,2.497999999999948,,,,,sol_ref_T18_m66_phi0.250.pkl_ctrl0.02_rounded,release_rounding,1x,sol_ref_T18_m66_phi0.250.pkl
sol_ref_T18_m66_phi0.250.pkl,18.0,66.0,0.25,impact,1.14052889559245,0.01,0.00025,0.005,1,rest,,0.0,0.0,0,0.0,hit B's face,6.283000000000982,0,1.24790038748126,1.24790038748126,0.0,2.150274460711883,0.02986308859205047,1,0,5.7555000000009,,,,,0.0035218394806097036,0.0017944879590998785,0.0,1.0,0.030135310846611855,hit B's face,6.283000000000982,0,0,0,0,0,0,0,5.31000000000083,,,,,,,sol_ref_T18_m66_phi0.250.pkl_ctrl0.01,control_dt,1x,sol_ref_T18_m66_phi0.250.pkl
sol_ref_T18_m66_phi0.250.pkl,18.0,66.0,0.25,impact,1.14052889559245,0.01,0.00025,0.005,0,rest,,0.0,0.0,0,0.0,missed B,6.432500000001006,0,1.2769913103520392,1.2769913103520392,0.0,2.2074964179982817,0.04321394662151353,1,0,5.7600000000009,,,,,0.02162212747374692,0.0017944879590998785,0.0,1.1,0.04061926220966405,missed B,6.432500000001006,0,0,0,0,0,0,0,5.31000000000083,5.755750000000898,,,,,,sol_ref_T18_m66_phi0.250.pkl_ctrl0.01_rounded,release_rounding,1x,sol_ref_T18_m66_phi0.250.pkl
sol_ref_T18_m66_phi0.250.pkl,18.0,66.0,0.25,impact,1.14052889559245,0.002,0.00025,0.001,1,rest,,0.0,0.0,0,0.0,held B,8.228249999995441,1,1.735535006907119,1.2071449397001965,1.735535006907119,3.632211919349431,0.026867592006682806,1,1,5.755499999996811,6.227999999996548,-0.024789026404987702,-0.024789026404987702,0.010362030212771446,0.0512087668256284,0.001804732039774947,0.0023366540494852463,5.3,0.037971086241727625,none,,0,0,0,1,1,1,1,5.305999999997059,6.227999999996548,6.227999999996548,,,,,sol_ref_T18_m66_phi0.250.pkl_sub0.00025,sub_dt,1x,sol_ref_T18_m66_phi0.250.pkl
sol_ref_T18_m66_phi0.250.pkl,18.0,66.0,0.25,impact,1.14052889559245,0.005,0.00025,0.0025,1,rest,,0.0,0.0,0,0.0,held B,8.230249999998364,1,1.63383573446098,1.2297411570325318,1.63383573446098,3.69062994811387,0.026096752360476285,1,1,5.755499999998854,6.2299999999987605,-0.02453910009580751,-0.02453910009580751,0.008881050064714447,0.0426443849040615,0.001824685409262134,0.0,2.4,0.03503468346117236,none,,0,0,0,1,1,1,1,5.304999999998945,6.2299999999987605,6.2299999999987605,,,,,sol_ref_T18_m66_phi0.250.pkl_ctrl0.005,control_dt,1x,sol_ref_T18_m66_phi0.250.pkl
sol_ref_T18_m66_phi0.250.pkl,18.0,66.0,0.25,impact,1.14052889559245,0.005,0.00025,0.0025,0,rest,,0.0,0.0,0,0.0,lost hook,8.016499999998409,0,2.226478672958166,1.265782677334742,2.226478672958166,3.6819254626257423,0.026833968070498423,1,1,5.759999999998854,6.24174999999876,-0.02459027149975146,-0.02459027149975146,0.010741526426771944,0.04214570838521975,0.001824685409262134,0.003502089577995894,2.4,0.0369313396455867,grip capacity exceeded,6.24174999999876,0,0,0,0,0,0,0,5.304999999998945,5.757749999998854,6.24174999999876,6.24174999999876,6.24174999999876,,,sol_ref_T18_m66_phi0.250.pkl_ctrl0.005_rounded,release_rounding,1x,sol_ref_T18_m66_phi0.250.pkl
sol_ref_T18_m66_phi0.250.pkl,18.0,66.0,0.25,impact,1.14052889559245,0.002,0.00025,0.001,1,catch,,0.0,0.0,0,0.0,held B,2.0002499999988927,1,1.7264223399441485,0.0,1.7264223399441485,1.5431134254553098,,1,1,-0.4707599819962489,0.0,0.0,,,0.04741905069072325,0.0,0.0,1.2,,none,,0,0,0,1,1,1,1,0.03499999999998238,0.04824999999997459,0.19949999999989032,,,,,sol_ref_T18_m66_phi0.250.pkl_start_catch,phase_start,1x,sol_ref_T18_m66_phi0.250.pkl
sol_ref_T18_m66_phi0.250.pkl,18.0,66.0,0.25,impact,1.14052889559245,0.002,0.00025,0.001,1,hold,,0.0,0.0,0,0.0,held B,2.0002499999988927,1,1.7264223399441485,0.0,1.7264223399441485,1.5431134254553098,,1,1,-0.4707599819962489,0.0,0.0,,,0.04741905069072325,0.0,0.0,1.1,,none,,0,0,0,1,1,1,1,0.03499999999998238,0.04824999999997459,0.19949999999989032,,,,,sol_ref_T18_m66_phi0.250.pkl_start_hold,phase_start,1x,sol_ref_T18_m66_phi0.250.pkl
sol_ref_T18_m66_phi0.250.pkl,18.0,66.0,0.25,impact,1.14052889559245,0.002,0.00025,0.001,1,flight,,0.0,0.0,0,0.0,held B,2.447999999998647,1,1.9925295968295327,0.0,1.9925295968295327,1.6932557966244577,0.017818514121261387,1,1,0.0,0.44774999999975407,-0.015584439929644311,-0.015584439929644311,0.008638557609282902,0.3260484715786608,0.0,0.041922978533591226,1.7,,none,,0,0,0,0,1,1,1,0.525999999999712,0.5389999999997066,0.5977499999996745,0.6642499999996367,,,,sol_ref_T18_m66_phi0.250.pkl_start_flight,phase_start,1x,sol_ref_T18_m66_phi0.250.pkl
sol_ref_T18_m66_phi0.250.pkl,18.0,66.0,0.25,impact,1.14052889559245,0.002,0.00025,0.001,1,rest,,0.0,0.0,0,0.0,held B,8.228249999995441,1,1.735535006907119,1.2071449397001965,1.735535006907119,3.632211919349431,0.026867592006682806,1,1,5.755499999996811,6.227999999996548,-0.024789026404987702,-0.024789026404987702,0.010362030212771446,0.0512087668256284,0.001804732039774947,0.0023366540494852463,5.3,0.037971086241727625,none,,0,0,0,1,1,1,1,5.305999999997059,6.227999999996548,6.227999999996548,,,,,sol_ref_T18_m66_phi0.250.pkl_ctrl0.002,control_dt,1x,sol_ref_T18_m66_phi0.250.pkl
sol_ref_T18_m66_phi0.250.pkl,18.0,66.0,0.25,impact,1.14052889559245,0.002,0.00025,0.001,0,rest,,0.0,0.0,0,0.0,held B,8.229249999995442,1,1.7973864836524343,1.2113395702838987,1.7973864836524343,3.6243717267238362,0.026595941131964965,1,1,5.75599999999681,6.2289999999965495,-0.024532618428308783,-0.024532618428308783,0.010271062152764444,0.04658160314164943,0.001804732039774947,0.002552473124508372,5.6,0.037971086241727625,none,,0,0,0,0,1,1,1,5.305999999997059,6.2289999999965495,6.2289999999965495,6.2289999999965495,,,,sol_ref_T18_m66_phi0.250.pkl_ctrl0.002_rounded,release_rounding,1x,sol_ref_T18_m66_phi0.250.pkl
sol_ref_T18_m66_phi0.250_mesh0.5x.pkl,18.0,66.0,0.25,impact,1.1124592444111248,0.002,0.00025,0.001,1,rest,,0.0,0.0,0,0.0,missed B,5.787499999996793,0,1.3883304052648586,1.3883304052648586,0.0,2.025266283843984,0.08433125810443287,1,0,5.091999999997178,,,,,0.0203615475495863,0.0053366423629813645,0.0,4.1,0.11302617564865158,missed B,5.787499999996793,0,0,0,0,0,0,0,5.024749999997216,5.080249999997186,,,,,,sol_ref_T18_m66_phi0.250.pkl_mesh0.5x,mesh,0.5x,sol_ref_T18_m66_phi0.250_mesh0.5x.pkl
sol_ref_T18_m66_phi0.250.pkl,18.0,66.0,0.25,impact,1.14052889559245,0.002,0.00025,0.001,1,rest,,0.0,0.0,0,0.0,held B,8.228249999995441,1,1.735535006907119,1.2071449397001965,1.735535006907119,3.632211919349431,0.026867592006682806,1,1,5.755499999996811,6.227999999996548,-0.024789026404987702,-0.024789026404987702,0.010362030212771446,0.0512087668256284,0.001804732039774947,0.0023366540494852463,5.5,0.037971086241727625,none,,0,0,0,1,1,1,1,5.305999999997059,6.227999999996548,6.227999999996548,,,,,sol_ref_T18_m66_phi0.250.pkl_start_rest,phase_start,1x,sol_ref_T18_m66_phi0.250.pkl
sol_ref_T18_m66_phi0.250.pkl,18.0,66.0,0.25,impact,1.14052889559245,0.001,0.00025,0.0005,1,rest,,0.0,0.0,0,0.0,held B,8.227750000010051,1,1.7611654461624,1.2047158001057854,1.7611654461624,3.641055075917587,0.026834288154161563,1,1,5.755500000007032,6.227750000007607,-0.02466033171388249,-0.02466033171388249,0.010580503792440939,0.053482814334499085,0.0018013527354872865,0.0025167900694162207,10.1,0.0389526727151097,none,,0,0,0,0,1,1,1,5.306000000006485,6.227750000007607,6.227750000007607,6.227750000007607,,,,sol_ref_T18_m66_phi0.250.pkl_ctrl0.001,control_dt,1x,sol_ref_T18_m66_phi0.250.pkl
sol_ref_T18_m66_phi0.250.pkl,18.0,66.0,0.25,impact,1.14052889559245,0.002,0.00025,0.001,1,rest,,0.0,0.0,0,0.0,held B,8.228249999995441,1,1.735535006907119,1.2071449397001965,1.735535006907119,3.632211919349431,0.026867592006682806,1,1,5.755499999996811,6.227999999996548,-0.024789026404987702,-0.024789026404987702,0.010362030212771446,0.0512087668256284,0.001804732039774947,0.0023366540494852463,5.3,0.037971086241727625,none,,0,0,0,1,1,1,1,5.305999999997059,6.227999999996548,6.227999999996548,,,,,sol_ref_T18_m66_phi0.250.pkl_mesh1x,mesh,1x,sol_ref_T18_m66_phi0.250.pkl
sol_ref_T18_m75_phi0.250.pkl,18.0,75.0,0.25,impact,1.3617760781092894,0.002,0.001,0.001,1,rest,,0.0,0.0,0,0.0,held B,8.119999999995507,1,2.017871237122183,1.3527544995357326,2.017871237122183,4.701501189082023,0.025804391718755957,1,1,5.634999999996879,6.118999999996614,-0.023212549151663264,-0.023212549151663264,0.011271388284351584,0.06729793460144856,0.002099252571474506,0.004700342040901924,5.0,0.051669341820700807,grip capacity exceeded,6.331999999996498,0,0,0,0,0,1,1,5.139999999997151,5.203999999997116,6.160999999996594,6.1749999999965866,6.331999999996498,,,sol_ref_T18_m75_phi0.250.pkl_sub0.001,sub_dt,1x,sol_ref_T18_m75_phi0.250.pkl
sol_ref_T18_m75_phi0.250.pkl,18.0,75.0,0.25,impact,1.3617760781092894,0.002,0.0005,0.001,1,rest,,0.0,0.0,0,0.0,held B,8.1184999999955,1,1.9214390557348437,1.356595439079072,1.9214390557348437,4.709573501211391,0.028012807378429087,1,1,5.635499999996878,6.117999999996609,-0.024547647620567492,-0.024547647620567492,0.013495568662246816,0.056932448288742055,0.03899128372171212,0.05454764762056749,5.0,0.05166934142497111,none,,0,0,0,0,1,1,1,5.139999999997151,5.203999999997116,6.117999999996609,6.182499999996573,,,,sol_ref_T18_m75_phi0.250.pkl_sub0.0005,sub_dt,1x,sol_ref_T18_m75_phi0.250.pkl
sol_ref_T18_m66_phi0.250_mesh2x.pkl,18.0,66.0,0.25,impact,1.145738137193834,0.002,0.00025,0.001,1,rest,,0.0,0.0,0,0.0,held B,8.220999999995446,1,1.9529641435443608,1.167693891301304,1.9529641435443608,3.701444805431098,0.033669636278951295,1,1,5.7639999999968055,6.220749999996553,-0.024822436807082404,-0.024822436807082404,0.02274842935490875,0.16475183137921268,0.0009143238748148697,0.027615004177115696,5.3,0.015132019372866255,none,,0,0,0,0,1,1,1,5.3199999999970515,6.352249999996481,6.428499999996436,6.436249999996434,,,,sol_ref_T18_m66_phi0.250.pkl_mesh2x,mesh,2x,sol_ref_T18_m66_phi0.250_mesh2x.pkl
sol_ref_T18_m66_phi0.250.pkl,18.0,66.0,0.25,impact,1.14052889559245,0.001,0.00025,0.0005,0,rest,,0.0,0.0,0,0.0,held B,8.229000000010057,1,1.813570610057251,1.208913377652401,1.813570610057251,3.6294112772256732,0.02679223345503458,1,1,5.756000000007035,6.229000000007613,-0.02458353104384603,-0.02458353104384603,0.010652407001487167,0.04972273049911777,0.0018013527354872865,0.002690348713870888,10.5,0.0389526727151097,none,,0,0,0,0,1,1,1,5.306000000006485,6.229000000007613,6.229000000007613,6.229000000007613,,,,sol_ref_T18_m66_phi0.250.pkl_ctrl0.001_rounded,release_rounding,1x,sol_ref_T18_m66_phi0.250.pkl
sol_ref_T18_m75_phi0.250.pkl,18.0,75.0,0.25,impact,1.3617760781092894,0.02,0.00025,0.01,1,rest,,0.0,0.0,0,0.0,slipped off A,0.45474999999999,0,1.899170854459636,1.899170854459636,0.0,0.20839304886102533,,0,0,,,,,,0.007756037465011814,0.005524679302466895,0.0,0.0,0.13696753968411574,slipped off A,0.45474999999999,0,0,0,0,0,0,0,0.31724999999999426,0.3924999999999912,0.39449999999999363,0.39699999999999136,,,,sol_ref_T18_m75_phi0.250.pkl_ctrl0.02,control_dt,1x,sol_ref_T18_m75_phi0.250.pkl
sol_ref_T18_m75_phi0.250.pkl,18.0,75.0,0.25,impact,1.3617760781092894,0.02,0.00025,0.01,0,rest,,0.0,0.0,0,0.0,slipped off A,0.45474999999999,0,1.899170854459636,1.899170854459636,0.0,0.20839304886102533,,0,0,,,,,,0.007756037465011814,0.005524679302466895,0.0,0.0,0.13696753968411574,slipped off A,0.45474999999999,0,0,0,0,0,0,0,0.31724999999999426,0.3924999999999912,0.39449999999999363,0.39699999999999136,,,,sol_ref_T18_m75_phi0.250.pkl_ctrl0.02_rounded,release_rounding,1x,sol_ref_T18_m75_phi0.250.pkl
sol_ref_T18_m75_phi0.250.pkl,18.0,75.0,0.25,impact,1.3617760781092894,0.01,0.00025,0.005,1,rest,,0.0,0.0,0,0.0,missed B,6.330250000000991,0,1.3656244027074038,1.3656244027074038,0.0,2.80064286661697,0.052952278601832,1,0,5.63525000000088,,,,,0.007240010043729317,0.0022576885949524526,0.0,1.1,0.04135395262112932,missed B,6.330250000000991,0,0,0,0,0,0,0,5.1400000000008035,5.200000000000813,,,,,,sol_ref_T18_m75_phi0.250.pkl_ctrl0.01,control_dt,1x,sol_ref_T18_m75_phi0.250.pkl
sol_ref_T18_m75_phi0.250.pkl,18.0,75.0,0.25,impact,1.3617760781092894,0.01,0.00025,0.005,0,rest,,0.0,0.0,0,0.0,missed B,6.318250000000987,0,1.4127058738520324,1.4127058738520324,0.0,2.797395138169919,0.062055092063432495,1,0,5.640000000000882,,,,,0.0028198603163531455,0.0022576885949524526,0.0,1.1,0.04135395262112932,missed B,6.318250000000987,0,0,0,0,0,0,0,5.1400000000008035,5.200000000000813,,,,,,sol_ref_T18_m75_phi0.250.pkl_ctrl0.01_rounded,release_rounding,1x,sol_ref_T18_m75_phi0.250.pkl
sol_ref_T18_m75_phi0.250.pkl,18.0,75.0,0.25,impact,1.3617760781092894,0.002,0.00025,0.001,1,rest,,0.0,0.0,0,0.0,held B,8.118499999995503,1,2.4063762835311047,1.3546666560226708,2.4063762835311047,4.696605068362375,0.027926274867856392,1,1,5.635249999996876,6.1182499999966105,-0.02456184668715622,-0.02456184668715622,0.013288811659125157,0.07459530455038593,0.0020992766939762746,0.004589141820523324,5.4,0.05166934252014602,grip capacity exceeded,6.1182499999966105,0,0,0,0,0,0,1,5.1402499999971525,5.203999999997116,6.1182499999966105,6.1182499999966105,6.1182499999966105,6.1182499999966105,,sol_ref_T18_m75_phi0.250.pkl_sub0.00025,sub_dt,1x,sol_ref_T18_m75_phi0.250.pkl
sol_ref_T18_m75_phi0.250.pkl,18.0,75.0,0.25,impact,1.3617760781092894,0.005,0.00025,0.0025,1,rest,,0.0,0.0,0,0.0,grip capacity exceeded,6.126999999998787,0,2.624173436781291,1.3561591575891194,2.624173436781291,2.7484018219570223,0.027111123509265932,1,1,5.63524999999888,6.126749999998786,-0.024980236505514064,-0.024980236505514064,0.010535691817021532,0.001114898594285263,0.0021015669834870306,0.0,1.8,0.04806274643937187,grip capacity exceeded,6.126749999998786,0,0,0,0,0,0,0,5.139999999998977,5.2049999999989645,6.126749999998786,6.126749999998786,6.126749999998786,6.126749999998786,6.126749999998786,sol_ref_T18_m75_phi0.250.pkl_ctrl0.005,control_dt,1x,sol_ref_T18_m75_phi0.250.pkl
sol_ref_T18_m75_phi0.250.pkl,18.0,75.0,0.25,impact,1.3617760781092894,0.005,0.00025,0.0025,0,rest,,0.0,0.0,0,0.0,grip capacity exceeded,6.129999999998784,0,2.8249849608899416,1.387793315630449,2.8249849608899416,2.7555201203764055,0.028212796261843125,1,1,5.639999999998878,6.129749999998783,-0.024966267068897707,-0.024966267068897707,0.013139535058621494,0.001114898594285263,0.0021015669834870306,0.0,1.8,0.04806274643937187,grip capacity exceeded,6.129749999998783,0,0,0,0,0,0,0,5.139999999998977,5.2049999999989645,6.129749999998783,6.129749999998783,6.129749999998783,6.129749999998783,6.129749999998783,sol_ref_T18_m75_phi0.250.pkl_ctrl0.005_rounded,release_rounding,1x,sol_ref_T18_m75_phi0.250.pkl
sol_ref_T18_m75_phi0.250.pkl,18.0,75.0,0.25,impact,1.3617760781092894,0.002,0.00025,0.001,1,catch,,0.0,0.0,0,0.0,lost hook,1.5579999999991365,0,2.2965913796651214,0.0,2.2965913796651214,1.7711290512005757,,1,1,-0.4789238307326116,0.0,0.0,,,0.23847729799709488,0.0,0.025,0.9,,grip capacity exceeded,0.19174999999989595,0,0,0,0,0,0,0,0.03549999999998121,0.050499999999971124,0.10224999999994466,0.13474999999992576,0.19174999999989595,1.160499999999356,,sol_ref_T18_m75_phi0.250.pkl_start_catch,phase_start,1x,sol_ref_T18_m75_phi0.250.pkl
sol_ref_T18_m75_phi0.250.pkl,18.0,75.0,0.25,impact,1.3617760781092894,0.002,0.00025,0.001,1,hold,,0.0,0.0,0,0.0,lost hook,1.5579999999991365,0,2.2965913796651214,0.0,2.2965913796651214,1.7711290512005757,,1,1,-0.4789238307326116,0.0,0.0,,,0.23847729799709488,0.0,0.025,0.9,,grip capacity exceeded,0.19174999999989595,0,0,0,0,0,0,0,0.03549999999998121,0.050499999999971124,0.10224999999994466,0.13474999999992576,0.19174999999989595,1.160499999999356,,sol_ref_T18_m75_phi0.250.pkl_start_hold,phase_start,1x,sol_ref_T18_m75_phi0.250.pkl
sol_ref_T18_m75_phi0.250.pkl,18.0,75.0,0.25,impact,1.3617760781092894,0.002,0.00025,0.001,1,flight,,0.0,0.0,0,0.0,grip capacity exceeded,1.620249999999107,0,2.5128030618107378,0.0,2.5128030618107378,1.4603102761870308,0.027064558380107843,1,1,0.0,0.46499999999974406,-0.024062865032945968,-0.024062865032945968,0.029777951651064727,0.23538956721615786,0.003326241400902319,0.05406286503294597,1.1,,grip capacity exceeded,0.6044999999996676,0,0,0,0,0,0,0,0.5324999999997075,0.5477499999997022,0.5622499999996933,0.581999999999681,0.6044999999996676,1.6177499999991092,1.6199999999991057,sol_ref_T18_m75_phi0.250.pkl_start_flight,phase_start,1x,sol_ref_T18_m75_phi0.250.pkl
sol_ref_T18_m75_phi0.250.pkl,18.0,75.0,0.25,impact,1.3617760781092894,0.002,0.00025,0.001,1,rest,,0.0,0.0,0,0.0,held B,8.118499999995503,1,2.4063762835311047,1.3546666560226708,2.4063762835311047,4.696605068362375,0.027926274867856392,1,1,5.635249999996876,6.1182499999966105,-0.02456184668715622,-0.02456184668715622,0.013288811659125157,0.07459530455038593,0.0020992766939762746,0.004589141820523324,5.1,0.05166934252014602,grip capacity exceeded,6.1182499999966105,0,0,0,0,0,0,1,5.1402499999971525,5.203999999997116,6.1182499999966105,6.1182499999966105,6.1182499999966105,6.1182499999966105,,sol_ref_T18_m75_phi0.250.pkl_ctrl0.002,control_dt,1x,sol_ref_T18_m75_phi0.250.pkl
sol_ref_T18_m75_phi0.250.pkl,18.0,75.0,0.25,impact,1.3617760781092894,0.002,0.00025,0.001,0,rest,,0.0,0.0,0,0.0,held B,8.118249999995502,1,2.4187242651224357,1.3604564870479452,2.4187242651224357,4.7184954431383765,0.028520063855909987,1,1,5.635999999996876,6.117999999996609,-0.024834465841933273,-0.024834465841933273,0.014022957915184396,0.056350787446742684,0.056330280801481614,0.05483446584193327,5.1,0.05166934252014602,grip capacity exceeded,6.117999999996609,0,0,0,0,0,0,1,5.1402499999971525,5.203999999997116,6.117999999996609,6.117999999996609,6.117999999996609,6.117999999996609,,sol_ref_T18_m75_phi0.250.pkl_ctrl0.002_rounded,release_rounding,1x,sol_ref_T18_m75_phi0.250.pkl
sol_ref_T18_m75_phi0.250_mesh0.5x.pkl,18.0,75.0,0.25,impact,1.2990713442237527,0.002,0.00025,0.001,1,rest,,0.0,0.0,0,0.0,missed B,5.531499999996935,0,2.111996704429331,2.111996704429331,0.0,2.51590951828241,0.4552506561223994,1,0,5.006749999997226,,,,,1.076449482339696,0.011899890512134605,0.0,3.5,0.19613298322236883,grip capacity exceeded,4.7479999999973685,0,0,0,0,0,0,0,4.493999999997509,4.736249999997376,4.740499999997372,4.743999999997371,4.7479999999973685,,,sol_ref_T18_m75_phi0.250.pkl_mesh0.5x,mesh,0.5x,sol_ref_T18_m75_phi0.250_mesh0.5x.pkl
sol_ref_T18_m75_phi0.250.pkl,18.0,75.0,0.25,impact,1.3617760781092894,0.002,0.00025,0.001,1,rest,,0.0,0.0,0,0.0,held B,8.118499999995503,1,2.4063762835311047,1.3546666560226708,2.4063762835311047,4.696605068362375,0.027926274867856392,1,1,5.635249999996876,6.1182499999966105,-0.02456184668715622,-0.02456184668715622,0.013288811659125157,0.07459530455038593,0.0020992766939762746,0.004589141820523324,4.9,0.05166934252014602,grip capacity exceeded,6.1182499999966105,0,0,0,0,0,0,1,5.1402499999971525,5.203999999997116,6.1182499999966105,6.1182499999966105,6.1182499999966105,6.1182499999966105,,sol_ref_T18_m75_phi0.250.pkl_start_rest,phase_start,1x,sol_ref_T18_m75_phi0.250.pkl
sol_ref_T18_m75_phi0.250.pkl,18.0,75.0,0.25,impact,1.3617760781092894,0.002,0.00025,0.001,1,rest,,0.0,0.0,0,0.0,held B,8.118499999995503,1,2.4063762835311047,1.3546666560226708,2.4063762835311047,4.696605068362375,0.027926274867856392,1,1,5.635249999996876,6.1182499999966105,-0.02456184668715622,-0.02456184668715622,0.013288811659125157,0.07459530455038593,0.0020992766939762746,0.004589141820523324,4.8,0.05166934252014602,grip capacity exceeded,6.1182499999966105,0,0,0,0,0,0,1,5.1402499999971525,5.203999999997116,6.1182499999966105,6.1182499999966105,6.1182499999966105,6.1182499999966105,,sol_ref_T18_m75_phi0.250.pkl_mesh1x,mesh,1x,sol_ref_T18_m75_phi0.250.pkl
sol_ref_T18_m75_phi0.250_mesh2x.pkl,18.0,75.0,0.25,impact,1.366705842664947,0.002,0.00025,0.001,1,rest,,0.0,0.0,0,0.0,grip capacity exceeded,7.215749999996003,0,2.5041077895818864,1.395648079451993,2.5041077895818864,4.042757528689834,0.03503522444882668,1,1,5.590749999996902,6.067999999996637,-0.02483597983820829,-0.02483597983820829,0.024711152495498344,0.05054821498677438,0.0014351033347693633,0.008058995330008423,4.4,0.03858452157825544,grip capacity exceeded,6.283999999996517,0,0,0,0,0,0,0,5.097999999997175,5.1539999999971435,6.067999999996637,6.067999999996637,6.283999999996517,7.211749999996005,7.215499999996002,sol_ref_T18_m75_phi0.250.pkl_mesh2x,mesh,2x,sol_ref_T18_m75_phi0.250_mesh2x.pkl
sol_ref_T18_m75_phi0.250.pkl,18.0,75.0,0.25,impact,1.3617760781092894,0.001,0.00025,0.0005,1,rest,,0.0,0.0,0,0.0,held B,8.116750000009919,1,2.4132519580192957,1.353926499103291,2.4132519580192957,4.709366507220227,0.02825167408165754,1,1,5.635250000006888,6.116750000007475,-0.024733989037673876,-0.024733989037673876,0.013652357843992696,0.06366746526622749,0.03668278273018233,0.054733989037673875,9.6,0.05367422823121838,grip capacity exceeded,6.116750000007475,0,0,0,0,0,0,1,5.141000000006283,5.203000000006359,6.116750000007475,6.116750000007475,6.116750000007475,6.116750000007475,,sol_ref_T18_m75_phi0.250.pkl_ctrl0.001,control_dt,1x,sol_ref_T18_m75_phi0.250.pkl
sol_ref_T18_m75_phi0.250.pkl,18.0,75.0,0.25,impact,1.3617760781092894,0.001,0.00025,0.0005,0,rest,,0.0,0.0,0,0.0,held B,8.117500000009915,1,2.4525226184122078,1.359669953794493,2.4525226184122078,4.711629929218468,0.02833178355530178,1,1,5.636000000006888,6.117500000007475,-0.02466596512759711,-0.02466596512759711,0.01393844050633469,0.0536093385021279,0.0026820100553948123,0.05466596512759711,9.2,0.05367422823121838,grip capacity exceeded,6.117500000007475,0,0,0,0,0,0,1,5.141000000006283,5.203000000006359,6.117500000007475,6.117500000007475,6.117500000007475,6.117500000007475,,sol_ref_T18_m75_phi0.250.pkl_ctrl0.001_rounded,release_rounding,1x,sol_ref_T18_m75_phi0.250.pkl
