catch_model,group,ref,setting,reason,U_peak,catch_hx,catch_hy,released,caught,held,swing_err,first_failure,t_first_failure
compliant,control_dt,sol_comp_T18_m60_phi0.250.pkl,0.001,missed B,1.3125243914803775,,,1,0,0,0.03094604359452582,missed B,8.016750000008528
compliant,control_dt,sol_comp_T18_m60_phi0.250.pkl,0.002,missed B,1.3105402103245454,,,1,0,0,0.030097421259158385,missed B,8.016999999996191
compliant,control_dt,sol_comp_T18_m60_phi0.250.pkl,0.005,missed B,1.3234868730084028,,,1,0,0,0.027550975983192092,missed B,8.017249999998661
compliant,control_dt,sol_comp_T18_m60_phi0.250.pkl,0.01,hit B's face,1.3489309916350773,,,1,0,0,0.023605469460985618,hit B's face,7.831750000001097
compliant,control_dt,sol_comp_T18_m60_phi0.250.pkl,0.02,slipped off A,1.603049438281329,,,0,0,0,0.18467795242371388,slipped off A,0.3099999999999934
compliant,control_dt,sol_comp_T18_m66_phi0.250.pkl,0.001,lost hook,1.6745492929783274,-0.024917353712378354,0.011162543336942643,1,1,0,0.028468532245162742,lost hook,7.738750000009457
compliant,control_dt,sol_comp_T18_m66_phi0.250.pkl,0.002,lost hook,1.6911663926423801,-0.02489739682288672,0.007841040133991088,1,1,0,0.027672913748798045,lost hook,7.728499999995716
compliant,control_dt,sol_comp_T18_m66_phi0.250.pkl,0.005,held B,1.7376417212242457,-0.024895104116747557,-0.001755316886155654,1,1,1,0.025367015218598302,none,
compliant,control_dt,sol_comp_T18_m66_phi0.250.pkl,0.01,missed B,1.5177573025378912,,,1,0,0,0.021228699775701805,missed B,6.501750000001017
compliant,control_dt,sol_comp_T18_m66_phi0.250.pkl,0.02,hit wall,1.239986194427312,,,0,0,0,0.12036565495457152,hit wall,4.6472499999999
compliant,control_dt,sol_comp_T18_m75_phi0.250.pkl,0.001,held B,1.7696848316070957,-0.024971649720022082,0.005013031895709129,1,1,1,0.039648391933017973,none,
compliant,control_dt,sol_comp_T18_m75_phi0.250.pkl,0.002,held B,1.7852081763051004,-0.024997281875774213,0.0035828710104927955,1,1,1,0.03869115770920689,none,
compliant,control_dt,sol_comp_T18_m75_phi0.250.pkl,0.005,missed B,1.7183319800243178,,,1,0,0,0.03579800723555221,missed B,8.056749999998663
compliant,control_dt,sol_comp_T18_m75_phi0.250.pkl,0.01,hit B's face,1.7246187786246858,,,1,0,0,0.030906305264660216,hit B's face,7.879000000001101
compliant,control_dt,sol_comp_T18_m75_phi0.250.pkl,0.02,slipped off A,1.5865148772462305,,,0,0,0,0.12217634650107856,slipped off A,6.469999999999866
compliant,mesh,sol_comp_T18_m60_phi0.250.pkl,1x,missed B,1.3105402103245454,,,1,0,0,0.030097421259158385,missed B,8.016999999996191
compliant,mesh,sol_comp_T18_m60_phi0.250_mesh0.5x.pkl,0.5x,hit B's face,1.2115663302265,,,1,0,0,0.07791025271095486,hit B's face,5.619749999996888
compliant,mesh,sol_comp_T18_m60_phi0.250_mesh2x.pkl,2x,held B,1.399476624408106,-0.014627425411093409,0.010480624950831987,1,1,1,0.015894191022691927,none,
compliant,mesh,sol_comp_T18_m66_phi0.250.pkl,1x,lost hook,1.6911663926423801,-0.02489739682288672,0.007841040133991088,1,1,0,0.027672913748798045,lost hook,7.728499999995716
compliant,mesh,sol_comp_T18_m66_phi0.250_mesh0.5x.pkl,0.5x,lost hook,1.666171497254389,-0.024646611765510418,-0.0007293302406966948,1,1,0,0.05408029251068003,lost hook,5.833999999996774
compliant,mesh,sol_comp_T18_m66_phi0.250_mesh2x.pkl,2x,held B,1.6793615921749125,-0.019797291071157908,0.017841835781351782,1,1,1,0.01575965702193184,none,
compliant,mesh,sol_comp_T18_m75_phi0.250.pkl,1x,held B,1.7852081763051004,-0.024997281875774213,0.0035828710104927955,1,1,1,0.03869115770920689,none,
compliant,mesh,sol_comp_T18_m75_phi0.250_mesh0.5x.pkl,0.5x,missed B,1.331341228499111,,,1,0,0,0.07159156866396676,missed B,5.5969999999969
compliant,mesh,sol_comp_T18_m75_phi0.250_mesh2x.pkl,2x,held B,2.0705518236808644,-0.014384123686302264,0.011345262490802348,1,1,1,0.016880644130610294,grip capacity exceeded,7.786499999996181
compliant,phase_start,sol_comp_T18_m60_phi0.250.pkl,catch,held B,1.2504782787643622,,,1,1,1,,none,
compliant,phase_start,sol_comp_T18_m60_phi0.250.pkl,flight,lost hook,1.3569223476094483,-0.0006240724449764201,-0.003405580554830902,1,1,0,,lost hook,2.015499999998884
compliant,phase_start,sol_comp_T18_m60_phi0.250.pkl,hold,held B,1.8679766407165148,,,1,1,1,,none,
compliant,phase_start,sol_comp_T18_m60_phi0.250.pkl,rest,missed B,1.3105402103245454,,,1,0,0,0.030097421259158385,missed B,8.016999999996191
compliant,phase_start,sol_comp_T18_m66_phi0.250.pkl,catch,held B,1.430869514339474,,,1,1,1,,none,
compliant,phase_start,sol_comp_T18_m66_phi0.250.pkl,flight,hit B's face,0.0,,,1,0,0,,hit B's face,0.5439999999996985
compliant,phase_start,sol_comp_T18_m66_phi0.250.pkl,hold,held B,2.060899961275437,,,1,1,1,,grip capacity exceeded,0.13049999999992679
compliant,phase_start,sol_comp_T18_m66_phi0.250.pkl,rest,lost hook,1.6911663926423801,-0.02489739682288672,0.007841040133991088,1,1,0,0.027672913748798045,lost hook,7.728499999995716
compliant,phase_start,sol_comp_T18_m75_phi0.250.pkl,catch,held B,1.7531735980388021,,,1,1,1,,none,
compliant,phase_start,sol_comp_T18_m75_phi0.250.pkl,flight,held B,2.0046072570090256,-0.0029313472758842885,0.0005569395184875944,1,1,1,,grip capacity exceeded,0.7499999999995843
compliant,phase_start,sol_comp_T18_m75_phi0.250.pkl,hold,grip capacity exceeded,2.5006902117165315,,,1,1,0,,grip capacity exceeded,0.11599999999993571
compliant,phase_start,sol_comp_T18_m75_phi0.250.pkl,rest,held B,1.7852081763051004,-0.024997281875774213,0.0035828710104927955,1,1,1,0.03869115770920689,none,
compliant,release_rounding,sol_comp_T18_m60_phi0.250.pkl,0.001,missed B,1.3125243914803775,,,1,0,0,0.03094604359452582,missed B,8.018500000008533
compliant,release_rounding,sol_comp_T18_m60_phi0.250.pkl,0.002,missed B,1.3105402103245454,,,1,0,0,0.030097421259158385,missed B,8.021749999996189
compliant,release_rounding,sol_comp_T18_m60_phi0.250.pkl,0.005,missed B,1.3234868730084028,,,1,0,0,0.027550975983192092,missed B,8.023999999998658
compliant,release_rounding,sol_comp_T18_m60_phi0.250.pkl,0.01,missed B,1.3489309916350773,,,1,0,0,0.05973341796777265,missed B,7.992250000001121
compliant,release_rounding,sol_comp_T18_m60_phi0.250.pkl,0.02,slipped off A,1.603049438281329,,,0,0,0,0.18467795242371388,slipped off A,0.3099999999999934
compliant,release_rounding,sol_comp_T18_m66_phi0.250.pkl,0.001,hit B's face,1.5066941836824808,,,1,0,0,0.028468532245162742,hit B's face,6.337750000007745
compliant,release_rounding,sol_comp_T18_m66_phi0.250.pkl,0.002,hit B's face,1.509391435137854,,,1,0,0,0.027672913748798045,hit B's face,6.339749999996489
compliant,release_rounding,sol_comp_T18_m66_phi0.250.pkl,0.005,missed B,1.5114568550435803,,,1,0,0,0.025367015218598302,missed B,6.523999999998704
compliant,release_rounding,sol_comp_T18_m66_phi0.250.pkl,0.01,missed B,1.5177573025378912,,,1,0,0,0.021228699775701805,missed B,6.469500000001009
compliant,release_rounding,sol_comp_T18_m66_phi0.250.pkl,0.02,hit wall,1.239986194427312,,,0,0,0,0.12036565495457152,hit wall,4.6472499999999
compliant,release_rounding,sol_comp_T18_m75_phi0.250.pkl,0.001,missed B,1.7169014051814289,,,1,0,0,0.039648391933017973,missed B,8.060750000008538
compliant,release_rounding,sol_comp_T18_m75_phi0.250.pkl,0.002,missed B,1.7176918324265087,,,1,0,0,0.03869115770920689,missed B,8.06099999999619
compliant,release_rounding,sol_comp_T18_m75_phi0.250.pkl,0.005,missed B,1.7183319800243178,,,1,0,0,0.03579800723555221,missed B,8.060499999998656
compliant,release_rounding,sol_comp_T18_m75_phi0.250.pkl,0.01,missed B,1.7246187786246858,,,1,0,0,0.030906305264660216,missed B,8.028750000001123
compliant,release_rounding,sol_comp_T18_m75_phi0.250.pkl,0.02,slipped off A,1.5865148772462305,,,0,0,0,0.12217634650107856,slipped off A,6.469999999999866
compliant,sub_dt,sol_comp_T18_m60_phi0.250.pkl,0.00025,missed B,1.3105402103245454,,,1,0,0,0.030097421259158385,missed B,8.016999999996191
compliant,sub_dt,sol_comp_T18_m60_phi0.250.pkl,0.0005,missed B,1.3174432852165985,,,1,0,0,0.03009742125860694,missed B,8.016999999996191
compliant,sub_dt,sol_comp_T18_m60_phi0.250.pkl,0.001,lost hook,1.500753043220336,-0.02493640376799533,-0.004206991590417951,1,1,0,0.030097421249734982,lost hook,9.543999999995346
compliant,sub_dt,sol_comp_T18_m66_phi0.250.pkl,0.00025,lost hook,1.6911663926423801,-0.02489739682288672,0.007841040133991088,1,1,0,0.027672913748798045,lost hook,7.728499999995716
compliant,sub_dt,sol_comp_T18_m66_phi0.250.pkl,0.0005,lost hook,1.6792614047888346,-0.024767764926378444,-0.0020431204944646145,1,1,0,0.027672913747961235,lost hook,7.7359999999957125
compliant,sub_dt,sol_comp_T18_m66_phi0.250.pkl,0.001,lost hook,1.643697395307596,-0.024741552019942326,0.01515051382158552,1,1,0,0.027672913734498195,lost hook,7.718999999995731
compliant,sub_dt,sol_comp_T18_m75_phi0.250.pkl,0.00025,held B,1.7852081763051004,-0.024997281875774213,0.0035828710104927955,1,1,1,0.03869115770920689,none,
compliant,sub_dt,sol_comp_T18_m75_phi0.250.pkl,0.0005,held B,1.782825436256991,-0.024973293653337336,0.005045963490791863,1,1,1,0.038691157708483276,none,
compliant,sub_dt,sol_comp_T18_m75_phi0.250.pkl,0.001,held B,1.7857601776122436,-0.024749722568382815,0.002822467717494969,1,1,1,0.038691157696847424,none,
impact,control_dt,sol_ref_T18_m60_phi0.250.pkl,0.001,held B,1.7552276408246126,-0.02472887140113933,0.008693704841595035,1,1,1,0.028607134616108504,none,
impact,control_dt,sol_ref_T18_m60_phi0.250.pkl,0.002,held B,1.7413940008511075,-0.024764600118666102,0.00866426899981912,1,1,1,0.02777306197697648,none,
impact,control_dt,sol_ref_T18_m60_phi0.250.pkl,0.005,lost hook,1.6919145420991621,-0.024537094583508612,0.0064238048888905445,1,1,0,0.0255238162130679,lost hook,7.989249999998414
impact,control_dt,sol_ref_T18_m60_phi0.250.pkl,0.01,hit B's face,1.157706134229776,,,1,0,0,0.022427667350717426,hit B's face,6.30425000000098
impact,control_dt,sol_ref_T18_m60_phi0.250.pkl,0.02,grip capacity exceeded,2.7057969516591753,,,0,0,0,0.18868390542450664,grip capacity exceeded,5.699749999999877
impact,control_dt,sol_ref_T18_m66_phi0.250.pkl,0.001,held B,1.7611654461624,-0.02466033171388249,0.010580503792440939,1,1,1,0.0389526727151097,none,
impact,control_dt,sol_ref_T18_m66_phi0.250.pkl,0.002,held B,1.735535006907119,-0.024789026404987702,0.010362030212771446,1,1,1,0.037971086241727625,none,
impact,control_dt,sol_ref_T18_m66_phi0.250.pkl,0.005,held B,1.63383573446098,-0.02453910009580751,0.008881050064714447,1,1,1,0.03503468346117236,none,
impact,control_dt,sol_ref_T18_m66_phi0.250.pkl,0.01,hit B's face,1.24790038748126,,,1,0,0,0.030135310846611855,hit B's face,6.283000000000982
impact,control_dt,sol_ref_T18_m66_phi0.250.pkl,0.02,slipped off A,1.5848634115773201,,,0,0,0,0.11516707266239054,slipped off A,2.5512499999999463
impact,control_dt,sol_ref_T18_m75_phi0.250.pkl,0.001,held B,2.4132519580192957,-0.024733989037673876,0.013652357843992696,1,1,1,0.05367422823121838,grip capacity exceeded,6.116750000007475
impact,control_dt,sol_ref_T18_m75_phi0.250.pkl,0.002,held B,2.4063762835311047,-0.02456184668715622,0.013288811659125157,1,1,1,0.05166934252014602,grip capacity exceeded,6.1182499999966105
impact,control_dt,sol_ref_T18_m75_phi0.250.pkl,0.005,grip capacity exceeded,2.624173436781291,-0.024980236505514064,0.010535691817021532,1,1,0,0.04806274643937187,grip capacity exceeded,6.126749999998786
impact,control_dt,sol_ref_T18_m75_phi0.250.pkl,0.01,missed B,1.3656244027074038,,,1,0,0,0.04135395262112932,missed B,6.330250000000991
impact,control_dt,sol_ref_T18_m75_phi0.250.pkl,0.02,slipped off A,1.899170854459636,,,0,0,0,0.13696753968411574,slipped off A,0.45474999999999
impact,mesh,sol_ref_T18_m60_phi0.250.pkl,1x,held B,1.7413940008511075,-0.024764600118666102,0.00866426899981912,1,1,1,0.02777306197697648,none,
impact,mesh,sol_ref_T18_m60_phi0.250_mesh0.5x.pkl,0.5x,hit B's face,1.1813784065956034,,,1,0,0,0.08547157446567877,hit B's face,6.023749999996664
impact,mesh,sol_ref_T18_m60_phi0.250_mesh2x.pkl,2x,held B,1.415895246853791,-0.024909417961600067,0.02373059205785519,1,1,1,0.011907741537014363,none,
impact,mesh,sol_ref_T18_m66_phi0.250.pkl,1x,held B,1.735535006907119,-0.024789026404987702,0.010362030212771446,1,1,1,0.037971086241727625,none,
impact,mesh,sol_ref_T18_m66_phi0.250_mesh0.5x.pkl,0.5x,missed B,1.3883304052648586,,,1,0,0,0.11302617564865158,missed B,5.787499999996793
impact,mesh,sol_ref_T18_m66_phi0.250_mesh2x.pkl,2x,held B,1.9529641435443608,-0.024822436807082404,0.02274842935490875,1,1,1,0.015132019372866255,none,
impact,mesh,sol_ref_T18_m75_phi0.250.pkl,1x,held B,2.4063762835311047,-0.02456184668715622,0.013288811659125157,1,1,1,0.05166934252014602,grip capacity exceeded,6.1182499999966105
impact,mesh,sol_ref_T18_m75_phi0.250_mesh0.5x.pkl,0.5x,missed B,2.111996704429331,,,1,0,0,0.19613298322236883,grip capacity exceeded,4.7479999999973685
impact,mesh,sol_ref_T18_m75_phi0.250_mesh2x.pkl,2x,grip capacity exceeded,2.5041077895818864,-0.02483597983820829,0.024711152495498344,1,1,0,0.03858452157825544,grip capacity exceeded,6.283999999996517
impact,phase_start,sol_ref_T18_m60_phi0.250.pkl,catch,held B,1.364958095721654,,,1,1,1,,none,
impact,phase_start,sol_ref_T18_m60_phi0.250.pkl,flight,held B,1.7892527822659794,-0.024812574149700062,0.02207210100945382,1,1,1,,none,
impact,phase_start,sol_ref_T18_m60_phi0.250.pkl,hold,held B,1.364958095721654,,,1,1,1,,none,
impact,phase_start,sol_ref_T18_m60_phi0.250.pkl,rest,held B,1.7413940008511075,-0.024764600118666102,0.00866426899981912,1,1,1,0.02777306197697648,none,
impact,phase_start,sol_ref_T18_m66_phi0.250.pkl,catch,held B,1.7264223399441485,,,1,1,1,,none,
impact,phase_start,sol_ref_T18_m66_phi0.250.pkl,flight,held B,1.9925295968295327,-0.015584439929644311,0.008638557609282902,1,1,1,,none,
impact,phase_start,sol_ref_T18_m66_phi0.250.pkl,hold,held B,1.7264223399441485,,,1,1,1,,none,
impact,phase_start,sol_ref_T18_m66_phi0.250.pkl,rest,held B,1.735535006907119,-0.024789026404987702,0.010362030212771446,1,1,1,0.037971086241727625,none,
impact,phase_start,sol_ref_T18_m75_phi0.250.pkl,catch,lost hook,2.2965913796651214,,,1,1,0,,grip capacity exceeded,0.19174999999989595
impact,phase_start,sol_ref_T18_m75_phi0.250.pkl,flight,grip capacity exceeded,2.5128030618107378,-0.024062865032945968,0.029777951651064727,1,1,0,,grip capacity exceeded,0.6044999999996676
impact,phase_start,sol_ref_T18_m75_phi0.250.pkl,hold,lost hook,2.2965913796651214,,,1,1,0,,grip capacity exceeded,0.19174999999989595
impact,phase_start,sol_ref_T18_m75_phi0.250.pkl,rest,held B,2.4063762835311047,-0.02456184668715622,0.013288811659125157,1,1,1,0.05166934252014602,grip capacity exceeded,6.1182499999966105
impact,release_rounding,sol_ref_T18_m60_phi0.250.pkl,0.001,lost hook,1.8127802510545277,-0.02465388050891537,0.008453708248181556,1,1,0,0.028607134616108504,lost hook,7.970250000009742
impact,release_rounding,sol_ref_T18_m60_phi0.250.pkl,0.002,lost hook,1.8281205524564117,-0.024679578050819995,0.00793099028331332,1,1,0,0.02777306197697648,lost hook,7.979999999995577
impact,release_rounding,sol_ref_T18_m60_phi0.250.pkl,0.005,held B,1.6829371907995123,-0.02461460621732936,0.007658630159704141,1,1,1,0.0255238162130679,none,
impact,release_rounding,sol_ref_T18_m60_phi0.250.pkl,0.01,lost hook,1.2181282237091984,-0.02490647997702089,0.0009734930930592059,1,1,0,0.037743585314437555,lost hook,6.268250000000975
impact,release_rounding,sol_ref_T18_m60_phi0.250.pkl,0.02,grip capacity exceeded,2.7057969516591753,,,0,0,0,0.18868390542450664,grip capacity exceeded,5.699749999999877
impact,release_rounding,sol_ref_T18_m66_phi0.250.pkl,0.001,held B,1.813570610057251,-0.02458353104384603,0.010652407001487167,1,1,1,0.0389526727151097,none,
impact,release_rounding,sol_ref_T18_m66_phi0.250.pkl,0.002,held B,1.7973864836524343,-0.024532618428308783,0.010271062152764444,1,1,1,0.037971086241727625,none,
impact,release_rounding,sol_ref_T18_m66_phi0.250.pkl,0.005,lost hook,2.226478672958166,-0.02459027149975146,0.010741526426771944,1,1,0,0.0369313396455867,grip capacity exceeded,6.24174999999876
impact,release_rounding,sol_ref_T18_m66_phi0.250.pkl,0.01,missed B,1.2769913103520392,,,1,0,0,0.04061926220966405,missed B,6.432500000001006
impact,release_rounding,sol_ref_T18_m66_phi0.250.pkl,0.02,slipped off A,1.5848634115773201,,,0,0,0,0.11516707266239054,slipped off A,2.5512499999999463
impact,release_rounding,sol_ref_T18_m75_phi0.250.pkl,0.001,held B,2.4525226184122078,-0.02466596512759711,0.01393844050633469,1,1,1,0.05367422823121838,grip capacity exceeded,6.117500000007475
impact,release_rounding,sol_ref_T18_m75_phi0.250.pkl,0.002,held B,2.4187242651224357,-0.024834465841933273,0.014022957915184396,1,1,1,0.05166934252014602,grip capacity exceeded,6.117999999996609
impact,release_rounding,sol_ref_T18_m75_phi0.250.pkl,0.005,grip capacity exceeded,2.8249849608899416,-0.024966267068897707,0.013139535058621494,1,1,0,0.04806274643937187,grip capacity exceeded,6.129749999998783
impact,release_rounding,sol_ref_T18_m75_phi0.250.pkl,0.01,missed B,1.4127058738520324,,,1,0,0,0.04135395262112932,missed B,6.318250000000987
impact,release_rounding,sol_ref_T18_m75_phi0.250.pkl,0.02,slipped off A,1.899170854459636,,,0,0,0,0.13696753968411574,slipped off A,0.45474999999999
impact,sub_dt,sol_ref_T18_m60_phi0.250.pkl,0.00025,held B,1.7413940008511075,-0.024764600118666102,0.00866426899981912,1,1,1,0.02777306197697648,none,
impact,sub_dt,sol_ref_T18_m60_phi0.250.pkl,0.0005,held B,1.3499995967210714,-0.024912485979912802,0.008854098138661915,1,1,1,0.02777306197620621,none,
impact,sub_dt,sol_ref_T18_m60_phi0.250.pkl,0.001,held B,1.4530782435065637,-0.02386477269020837,0.007565751624439567,1,1,1,0.027773061963829435,none,
impact,sub_dt,sol_ref_T18_m66_phi0.250.pkl,0.00025,held B,1.735535006907119,-0.024789026404987702,0.010362030212771446,1,1,1,0.037971086241727625,none,
impact,sub_dt,sol_ref_T18_m66_phi0.250.pkl,0.0005,held B,1.5078317734863005,-0.02478947805786591,0.010361118125671118,1,1,1,0.03797108624078807,none,
impact,sub_dt,sol_ref_T18_m66_phi0.250.pkl,0.001,held B,1.5559181253783523,-0.024532424961996036,0.010271751020750838,1,1,1,0.03797108622567799,none,
impact,sub_dt,sol_ref_T18_m75_phi0.250.pkl,0.00025,held B,2.4063762835311047,-0.02456184668715622,0.013288811659125157,1,1,1,0.05166934252014602,grip capacity exceeded,6.1182499999966105
impact,sub_dt,sol_ref_T18_m75_phi0.250.pkl,0.0005,held B,1.9214390557348437,-0.024547647620567492,0.013495568662246816,1,1,1,0.05166934142497111,none,
impact,sub_dt,sol_ref_T18_m75_phi0.250.pkl,0.001,held B,2.017871237122183,-0.023212549151663264,0.011271388284351584,1,1,1,0.051669341820700807,grip capacity exceeded,6.331999999996498
