method,learn_seed,succ_1,succ_1.25,succ_1.5,succ_1.75,succ_2,succ_2.25,succ_2.5
BC,0.0,0.0,0.0,0.0,0.0,0.0,0.0,0.0
BC,1.0,0.0,0.0,0.0,0.0,0.0,0.0,0.0
BC,2.0,0.0,0.0,0.0,0.0,0.0,0.0,0.0
ORACLE,-1.0,0.0,0.0,0.0,0.0,0.0,0.0,0.0
ORACLE+,-1.0,0.0,0.0,0.05,0.1,0.125,0.125,0.125
REPLAY,-1.0,0.0,0.0,0.075,0.2,0.35,0.35,0.35
SMPC,0.0,0.0,0.0,0.0,0.0,0.0,0.0,0.0
SMPC,1.0,0.0,0.0,0.0,0.0,0.0,0.0,0.0
SMPC,2.0,0.0,0.0,0.0,0.0,0.0,0.0,0.0
TRACK,-1.0,0.0,0.0,0.0,0.0,0.0,0.0,0.0
VMPC,0.0,0.0,0.0,0.0,0.0,0.0,0.0,0.0
VMPC,1.0,0.0,0.0,0.0,0.0,0.0,0.0,0.0
VMPC,2.0,0.0,0.0,0.0,0.0,0.0,0.0,0.0
