task_key,state,ref,T,m,k,t0,H,cand,feasible,cost,Umax_h,solved,V_ref,U_ref,xH,tH,V_oracle_state,Q_ref
s06_H0.3_c0,T18_m66_phi0.250_k120,sol_ref_T18_m66_phi0.250.pkl,18.0,66.0,120,21.348891504510913,0.3,0,1,0.07196373080569679,0.28468499250943236,1,13.3125765990662,1.1320218248548748,"[-0.059757, -1.898653, -1.517509, -1.678161, -1.527541, -0.381844, 3.026417, 0.345599, 1.029439, -0.033684]",21.648891504510914,13.323956392684778,13.384540329871896
s06_H0.3_c1,T18_m66_phi0.250_k120,sol_ref_T18_m66_phi0.250.pkl,18.0,66.0,120,21.348891504510913,0.3,1,1,0.06337155318965224,0.2887113447636133,0,,,"[-0.078471, -1.835698, -1.680158, -1.419155, -1.421025, -0.796433, 2.99637, -0.084153, 1.558112, 1.612674]",21.648891504510914,13.323956392684778,
s06_H0.3_c2,T18_m66_phi0.250_k120,sol_ref_T18_m66_phi0.250.pkl,18.0,66.0,120,21.348891504510913,0.3,2,1,0.0760354781570148,0.27616363772091,1,13.307258843265814,1.1314444514231066,"[-0.062036, -1.959025, -1.579144, -1.486179, -1.489215, -0.429273, 2.298183, 0.607217, 1.036739, 1.053526]",21.648891504510914,13.323956392684778,13.383294321422829
s06_H0.3_c3,T18_m66_phi0.250_k120,sol_ref_T18_m66_phi0.250.pkl,18.0,66.0,120,21.348891504510913,0.3,3,1,0.07841396627066972,0.29248835328266415,1,13.325857003298426,1.1329549734810203,"[-0.035892, -1.802922, -1.74864, -1.391402, -1.360927, -0.512424, 2.702663, 0.467356, 0.126824, 2.207966]",21.648891504510914,13.323956392684778,13.404270969569096
s06_H0.3_c4,T18_m66_phi0.250_k120,sol_ref_T18_m66_phi0.250.pkl,18.0,66.0,120,21.348891504510913,0.3,4,1,0.07340219131773688,0.27639395171306214,0,,,"[-0.07686, -1.920149, -1.636639, -1.586988, -0.997678, -0.50074, 2.725747, -0.398399, 2.501873, 1.848074]",21.648891504510914,13.323956392684778,
s06_H0.3_c5,T18_m66_phi0.250_k120,sol_ref_T18_m66_phi0.250.pkl,18.0,66.0,120,21.348891504510913,0.3,5,1,0.07449430741599761,0.27853577092610143,0,,,"[-0.092575, -2.044628, -1.543524, -1.462406, -1.466677, -0.300678, 2.530188, 0.01376, 1.834452, 1.921123]",21.648891504510914,13.323956392684778,
s06_H0.3_c6,T18_m66_phi0.250_k120,sol_ref_T18_m66_phi0.250.pkl,18.0,66.0,120,21.348891504510913,0.3,6,1,0.06660404600673145,0.282142495641602,0,,,"[-0.056022, -1.838547, -1.610101, -1.541435, -1.542128, -0.612914, 3.16061, 0.050046, 1.061157, 1.136217]",21.648891504510914,13.323956392684778,
s06_H0.3_c7,T18_m66_phi0.250_k120,sol_ref_T18_m66_phi0.250.pkl,18.0,66.0,120,21.348891504510913,0.3,7,1,0.06438789435115164,0.2859758422067823,0,,,"[-0.074781, -1.882834, -1.6042, -1.499108, -1.50098, -0.665702, 2.747571, 0.331289, 1.138637, 1.191834]",21.648891504510914,13.323956392684778,
s06_H0.8_c0,T18_m66_phi0.250_k120,sol_ref_T18_m66_phi0.250.pkl,18.0,66.0,120,21.348891504510913,0.8,0,1,0.44229426403806105,1.0602038735480477,1,12.903092433757879,1.1289957840009097,"[-0.066444, -0.661506, -0.219553, 0.115349, 0.552845, 0.004296, 1.609841, 4.182106, 5.164993, 13.890907]",22.148891504510914,13.323956392684778,13.34538669779594
s06_H0.8_c1,T18_m66_phi0.250_k120,sol_ref_T18_m66_phi0.250.pkl,18.0,66.0,120,21.348891504510913,0.8,1,1,0.5534368698685997,1.914484470329752,1,13.144120250443741,1.1484595488917044,"[-0.052092, -0.569769, -0.150961, -0.015585, 0.307952, 3.3937, -2.834313, 6.034776, 0.675071, 6.778408]",22.148891504510914,13.323956392684778,13.697557120312341
s02_H0.3_c0,T18_m60_phi0.250_k120,sol_ref_T18_m60_phi0.250.pkl,18.0,60.0,120,21.34915200945236,0.3,0,1,0.05334185505371333,0.26315704418398406,1,11.835346345500138,1.0166725707443411,"[-0.050481, -2.013518, -1.527494, -1.64058, -1.430957, -0.604645, 2.900035, 0.498027, 0.549455, 0.57005]",21.64915200945236,11.83025222009176,11.888688200553851
s02_H0.3_c1,T18_m60_phi0.250_k120,sol_ref_T18_m60_phi0.250.pkl,18.0,60.0,120,21.34915200945236,0.3,1,1,0.04973308374681478,0.2686447409178091,0,,,"[-0.068936, -1.951527, -1.687831, -1.519102, -0.988757, -0.984646, 3.000123, -0.387558, 1.60787, 3.067091]",21.64915200945236,11.83025222009176,
s02_H0.3_c2,T18_m60_phi0.250_k120,sol_ref_T18_m60_phi0.250.pkl,18.0,60.0,120,21.34915200945236,0.3,2,1,0.057494179556210154,0.2544854675597416,0,,,"[-0.075139, -2.130595, -1.562129, -1.436321, -1.439703, -0.625843, 2.185613, 0.531864, 1.229486, 1.285328]",21.64915200945236,11.83025222009176,
s02_H0.3_c3,T18_m60_phi0.250_k120,sol_ref_T18_m60_phi0.250.pkl,18.0,60.0,120,21.34915200945236,0.3,3,1,0.04889065339577716,0.2657036732493231,0,,,"[-0.087268, -2.02626, -1.636991, -1.380989, -1.373082, -0.875429, 2.660645, 0.185083, 1.426172, 1.558164]",21.64915200945236,11.83025222009176,
s02_H0.3_c4,T18_m60_phi0.250_k120,sol_ref_T18_m60_phi0.250.pkl,18.0,60.0,120,21.34915200945236,0.3,4,1,0.04846947913707367,0.27157490329267187,0,,,"[-0.06472, -1.905013, -1.71096, -1.543843, -0.934511, -1.114139, 3.299791, -0.754561, 1.777062, 3.758084]",21.64915200945236,11.83025222009176,
s02_H0.3_c5,T18_m60_phi0.250_k120,sol_ref_T18_m60_phi0.250.pkl,18.0,60.0,120,21.34915200945236,0.3,5,1,0.05409798752011895,0.24229929227747762,0,,,"[-0.092768, -2.120646, -1.581079, -1.395881, -1.394942, -0.751649, 2.206686, 0.464967, 1.376886, 1.569798]",21.64915200945236,11.83025222009176,
s02_H0.3_c6,T18_m60_phi0.250_k120,sol_ref_T18_m60_phi0.250.pkl,18.0,60.0,120,21.34915200945236,0.3,6,1,0.05749289971454983,0.27543590894455655,0,,,"[-0.076939, -2.10492, -1.554137, -1.45796, -1.460307, -0.593121, 2.395384, 0.18003, 1.585414, 1.651318]",21.64915200945236,11.83025222009176,
s02_H0.3_c7,T18_m60_phi0.250_k120,sol_ref_T18_m60_phi0.250.pkl,18.0,60.0,120,21.34915200945236,0.3,7,1,0.05959656644697624,0.2627479426815203,1,11.827595148601539,1.0160362509205487,"[-0.034786, -1.961316, -1.724112, -1.367042, -1.269067, -0.583768, 2.979767, 0.236754, -0.489103, 3.849867]",21.64915200945236,11.83025222009176,11.887191715048514
s02_H0.8_c0,T18_m60_phi0.250_k120,sol_ref_T18_m60_phi0.250.pkl,18.0,60.0,120,21.34915200945236,0.8,0,1,0.36444095005002236,0.9074934034040829,1,11.502908961316905,1.014916346273375,"[-0.066046, -0.707027, -0.265158, 0.048193, 0.53817, 0.007768, 1.869653, 4.106462, 5.106289, 13.275053]",22.14915200945236,11.83025222009176,11.867349911366928
s02_H0.8_c1,T18_m60_phi0.250_k120,sol_ref_T18_m60_phi0.250.pkl,18.0,60.0,120,21.34915200945236,0.8,1,1,0.3527565636747739,1.6139964882755864,0,,,"[-0.177863, -0.513282, -0.181762, 0.060661, 0.70264, -3.009614, 9.129565, 3.865935, 0.058198, 11.909636]",22.14915200945236,11.83025222009176,
s01_H0.3_c0,T18_m60_phi0.250_k082,sol_ref_T18_m60_phi0.250.pkl,18.0,60.0,82,19.89141122142535,0.3,0,1,0.05908693084991819,0.4674058270876873,1,12.284719160092608,1.018010793475275,"[0.289748, -0.008176, 0.27171, 0.532951, 2.713937, 1.193075, 1.695571, -0.557367, -0.651457, -2.339219]",20.19141122142535,12.31022363978889,12.343806090942527
s01_H0.3_c1,T18_m60_phi0.250_k082,sol_ref_T18_m60_phi0.250.pkl,18.0,60.0,82,19.89141122142535,0.3,1,1,0.05866219014716781,0.5454509379265975,1,12.281148889762036,1.0175899509589506,"[0.279479, -0.03961, 0.250544, 0.604706, 1.90442, 2.450273, -0.629586, -0.056753, -0.05978, -8.477926]",20.19141122142535,12.31022363978889,12.339811079909204
s01_H0.3_c2,T18_m60_phi0.250_k082,sol_ref_T18_m60_phi0.250.pkl,18.0,60.0,82,19.89141122142535,0.3,2,1,0.05967673904649936,0.49969209129378117,1,12.280044454787665,1.017888532305831,"[0.306264, -0.023516, 0.230141, 0.580532, 2.473986, 1.721251, 0.891797, -0.572742, -0.613005, -4.283084]",20.19141122142535,12.31022363978889,12.339721193834166
s01_H0.3_c3,T18_m60_phi0.250_k082,sol_ref_T18_m60_phi0.250.pkl,18.0,60.0,82,19.89141122142535,0.3,3,1,0.05589871459124103,0.5853037866002293,1,12.295555267109236,1.017958254083992,"[0.35183, -0.201693, 0.295976, 0.607231, 2.058072, 0.761725, 1.418573, -0.321201, 1.293882, -7.419969]",20.19141122142535,12.31022363978889,12.351453981700477
s01_H0.3_c4,T18_m60_phi0.250_k082,sol_ref_T18_m60_phi0.250.pkl,18.0,60.0,82,19.89141122142535,0.3,4,1,0.06314452011353663,0.5698475583754168,1,12.243385464574265,1.0161704768201982,"[0.364768, -0.047777, 0.367118, 0.102427, 2.456373, 2.179686, 1.090101, -1.121566, -0.972535, -4.531678]",20.19141122142535,12.31022363978889,12.306529984687803
s01_H0.3_c5,T18_m60_phi0.250_k082,sol_ref_T18_m60_phi0.250.pkl,18.0,60.0,82,19.89141122142535,0.3,5,1,0.07225464084585403,0.656856978294792,1,12.255213460491706,1.0170505739574764,"[0.320395, -0.080683, 0.290184, 0.617543, 3.025497, 2.6481, -0.540323, -0.171502, -1.069471, -0.498321]",20.19141122142535,12.31022363978889,12.32746810133756
s01_H0.3_c6,T18_m60_phi0.250_k082,sol_ref_T18_m60_phi0.250.pkl,18.0,60.0,82,19.89141122142535,0.3,6,1,0.052927708257817396,0.47080419635820275,1,12.261238673619243,1.016518016418171,"[0.306286, -0.138253, 0.290063, 0.642516, 2.102233, 0.277084, 1.916526, 0.194634, 0.181777, -6.266927]",20.19141122142535,12.31022363978889,12.31416638187706
s01_H0.3_c7,T18_m60_phi0.250_k082,sol_ref_T18_m60_phi0.250.pkl,18.0,60.0,82,19.89141122142535,0.3,7,1,0.05488011356570461,0.5077866626070078,1,12.254210423230683,1.016200293688672,"[0.363351, -0.205128, 0.286488, 0.641302, 2.292282, 0.167068, 2.179651, 0.121116, 0.104309, -4.567479]",20.19141122142535,12.31022363978889,12.309090536796388
s01_H0.8_c0,T18_m60_phi0.250_k082,sol_ref_T18_m60_phi0.250.pkl,18.0,60.0,82,19.89141122142535,0.8,0,1,0.17200118927811156,0.6010305199042993,1,12.156159950793757,1.0173077846673337,"[0.101072, 0.092978, 0.521711, 0.359191, 0.454054, -0.655228, -0.641304, 1.914674, -4.392167, -6.340619]",20.69141122142535,12.31022363978889,12.328161140071868
s01_H0.8_c1,T18_m60_phi0.250_k082,sol_ref_T18_m60_phi0.250.pkl,18.0,60.0,82,19.89141122142535,0.8,1,1,0.19798617684953282,0.9017448851709167,1,12.22306742850152,1.0193500265760211,"[0.381318, 0.183731, 0.534227, -0.177039, -0.179144, -0.460035, 4.414624, -2.12187, -5.524139, -5.559101]",20.69141122142535,12.31022363978889,12.421053605351053
s01_H0.8_c2,T18_m60_phi0.250_k082,sol_ref_T18_m60_phi0.250.pkl,18.0,60.0,82,19.89141122142535,0.8,2,1,0.2344021067382024,1.5499014179779789,1,12.643705397111729,1.0348805884401724,"[0.495196, 0.373147, 0.313925, -1.823847, -0.291406, -0.501704, -2.463604, -0.671236, -2.361743, -1.9914]",20.69141122142535,12.31022363978889,12.87810750384993
s01_H0.8_c3,T18_m60_phi0.250_k082,sol_ref_T18_m60_phi0.250.pkl,18.0,60.0,82,19.89141122142535,0.8,3,1,0.17599840959094182,0.5068092380089618,1,12.192437124979762,1.0165639139748848,"[-0.002981, -0.001887, 0.54853, 0.670237, 3.269438, -0.398573, -0.845063, 0.708239, -6.065331, -6.255463]",20.69141122142535,12.31022363978889,12.368435534570704
s01_H0.8_c4,T18_m60_phi0.250_k082,sol_ref_T18_m60_phi0.250.pkl,18.0,60.0,82,19.89141122142535,0.8,4,1,0.18466556873541562,0.523270945236537,1,12.219200801206478,1.0166779888990263,"[-0.050862, -0.041771, 0.570931, 0.817908, 3.418567, -0.871932, -0.471452, 0.137082, -3.645558, -3.803992]",20.69141122142535,12.31022363978889,12.403866369941893
s01_H0.8_c5,T18_m60_phi0.250_k082,sol_ref_T18_m60_phi0.250.pkl,18.0,60.0,82,19.89141122142535,0.8,5,1,0.18546977090061473,0.7173936057288842,1,12.17693189185328,1.0162655076313383,"[0.153615, 0.059016, 0.390753, 0.487335, 3.062514, 0.818496, -3.204123, 1.073364, -5.934012, -6.973486]",20.69141122142535,12.31022363978889,12.362401662753895
s01_H0.8_c6,T18_m60_phi0.250_k082,sol_ref_T18_m60_phi0.250.pkl,18.0,60.0,82,19.89141122142535,0.8,6,1,0.2023066033300942,0.7852436536482508,1,13.713835252900443,1.0856398317991247,"[0.047526, -0.011749, 0.615105, -0.002662, 2.51356, -4.798293, 3.555183, 2.682955, -7.72766, -10.746612]",20.69141122142535,12.31022363978889,13.916141856230537
s01_H0.8_c7,T18_m60_phi0.250_k082,sol_ref_T18_m60_phi0.250.pkl,18.0,60.0,82,19.89141122142535,0.8,7,1,0.15705312325278004,0.6232881603812569,1,12.27356880425864,1.016261497315863,"[0.41554, 0.395702, -0.042682, 0.066584, 0.10134, -2.226437, -3.188963, 2.838972, -2.173886, 2.785468]",20.69141122142535,12.31022363978889,12.43062192751142
s05_H0.3_c0,T18_m66_phi0.250_k082,sol_ref_T18_m66_phi0.250.pkl,18.0,66.0,82,19.890820743558074,0.3,0,1,0.06923685595212654,0.4875954269031093,1,13.820325966695778,1.1315700503698785,"[0.304557, 0.019502, 0.36462, 0.714763, 3.165784, 1.295306, 1.714941, -0.70304, -0.69241, -2.81936]",20.190820743558074,13.843391219736807,13.889562822647905
s05_H0.3_c1,T18_m66_phi0.250_k082,sol_ref_T18_m66_phi0.250.pkl,18.0,66.0,82,19.890820743558074,0.3,1,1,0.06243491330860985,0.47931774455184134,1,13.846926667253202,1.1324345332543853,"[0.32627, -0.027679, 0.390099, 0.534659, 2.505777, 1.027089, 1.987238, -0.628748, -0.667004, -6.402674]",20.190820743558074,13.843391219736807,13.909361580561812
s05_H0.3_c2,T18_m66_phi0.250_k082,sol_ref_T18_m66_phi0.250.pkl,18.0,66.0,82,19.890820743558074,0.3,2,1,0.0651408081204736,0.5267821542460766,1,13.860095681453345,1.1335020854532756,"[0.319214, 0.060466, 0.319412, 0.668321, 3.018568, 0.249018, 3.303657, -0.788063, -0.919658, -3.950921]",20.190820743558074,13.843391219736807,13.925236489573818
s05_H0.3_c3,T18_m66_phi0.250_k082,sol_ref_T18_m66_phi0.250.pkl,18.0,66.0,82,19.890820743558074,0.3,3,1,0.06872382315515076,0.5088871583658323,1,13.833493456286455,1.1320450530411974,"[0.300482, -0.066551, 0.399436, 0.75184, 2.861721, 1.066876, 1.453854, -0.377435, -0.399314, -4.454164]",20.190820743558074,13.843391219736807,13.902217279441606
s05_H0.3_c4,T18_m66_phi0.250_k082,sol_ref_T18_m66_phi0.250.pkl,18.0,66.0,82,19.890820743558074,0.3,4,1,0.06444311426616389,0.5053793073347737,1,13.837981795271393,1.1322888396741748,"[0.267982, 0.029429, 0.480481, 0.373325, 2.653713, 1.666984, 1.19515, -0.707247, -1.074282, -6.253643]",20.190820743558074,13.843391219736807,13.902424909537556
s05_H0.3_c5,T18_m66_phi0.250_k082,sol_ref_T18_m66_phi0.250.pkl,18.0,66.0,82,19.890820743558074,0.3,5,1,0.06697856501601115,0.47436432271120715,1,13.861627473618405,1.133988401028069,"[0.267174, -0.065112, 0.407381, 0.763735, 2.558572, 1.012395, 0.720706, 0.036187, 0.037108, -7.576061]",20.190820743558074,13.843391219736807,13.928606038634417
s05_H0.3_c6,T18_m66_phi0.250_k082,sol_ref_T18_m66_phi0.250.pkl,18.0,66.0,82,19.890820743558074,0.3,6,1,0.06483798856437271,0.609438994925649,1,13.81013057151241,1.130951357658259,"[0.257642, 0.055161, 0.356325, 0.659685, 2.531481, 1.35971, 1.357699, -0.961068, 0.266743, -7.33177]",20.190820743558074,13.843391219736807,13.874968560076782
s05_H0.3_c7,T18_m66_phi0.250_k082,sol_ref_T18_m66_phi0.250.pkl,18.0,66.0,82,19.890820743558074,0.3,7,1,0.06344220865347784,0.5772886605671473,1,13.829165530194485,1.1317090701483288,"[0.321366, -0.00017, 0.453787, 0.374997, 2.77817, 0.472265, 2.916314, -0.439826, -1.667117, -5.270381]",20.190820743558074,13.843391219736807,13.892607738847964
s05_H0.8_c0,T18_m66_phi0.250_k082,sol_ref_T18_m66_phi0.250.pkl,18.0,66.0,82,19.890820743558074,0.8,0,1,0.21585745710752696,0.6956719597638515,1,13.670795583163287,1.1316750786966325,"[0.143125, 0.143073, 0.645508, 0.159597, 0.17323, -0.473172, -0.476943, 1.822232, -6.112554, -6.093644]",20.690820743558074,13.843391219736807,13.886653040270813
s05_H0.8_c1,T18_m66_phi0.250_k082,sol_ref_T18_m66_phi0.250.pkl,18.0,66.0,82,19.890820743558074,0.8,1,1,0.2191787815338119,0.9123467971604317,1,13.749739714928857,1.1308466811954028,"[0.273542, 0.173663, 0.27976, -0.062968, 2.473426, -3.469577, -1.369673, 4.317726, -7.750365, -10.994302]",20.690820743558074,13.843391219736807,13.968918496462669
s05_H0.8_c2,T18_m66_phi0.250_k082,sol_ref_T18_m66_phi0.250.pkl,18.0,66.0,82,19.890820743558074,0.8,2,1,0.21645382076013792,1.1153225460929002,1,13.730061951700142,1.1298771961377478,"[0.440487, 0.396281, 0.169773, -0.11174, -0.081112, -0.124399, -2.538642, -0.118263, -2.033395, -0.268358]",20.690820743558074,13.843391219736807,13.94651577246028
s05_H0.8_c3,T18_m66_phi0.250_k082,sol_ref_T18_m66_phi0.250.pkl,18.0,66.0,82,19.890820743558074,0.8,3,1,0.20975153913343883,0.6574432224789883,1,13.827141574484337,1.129927654936028,"[0.317656, 0.319811, 0.431456, -1.714944, 0.554593, -0.449076, -0.640275, -1.257494, 0.616965, -5.858206]",20.690820743558074,13.843391219736807,14.036893113617776
s05_H0.8_c4,T18_m66_phi0.250_k082,sol_ref_T18_m66_phi0.250.pkl,18.0,66.0,82,19.890820743558074,0.8,4,1,0.2312411478103979,1.2603795059013634,1,13.717090617573264,1.131269604573343,"[0.279427, 0.279483, 0.560476, -0.324129, -0.204201, 0.412167, 0.33354, -2.308726, -3.290559, -0.909851]",20.690820743558074,13.843391219736807,13.948331765383662
s05_H0.8_c5,T18_m66_phi0.250_k082,sol_ref_T18_m66_phi0.250.pkl,18.0,66.0,82,19.890820743558074,0.8,5,1,0.2570927419351053,1.8397736605797415,0,,,"[0.503654, 0.504682, 0.340515, -1.778993, -0.711831, -2.282365, -2.003541, -0.169329, -6.711987, -0.835074]",20.690820743558074,13.843391219736807,
s05_H0.8_c6,T18_m66_phi0.250_k082,sol_ref_T18_m66_phi0.250.pkl,18.0,66.0,82,19.890820743558074,0.8,6,1,0.20299064079290657,0.7630865255301255,1,13.742740920528156,1.130319692746536,"[0.306359, 0.141881, 0.240017, 0.091962, 2.634902, -2.940798, -1.410707, 3.235203, -5.943318, -8.276097]",20.690820743558074,13.843391219736807,13.945731561321063
s05_H0.8_c7,T18_m66_phi0.250_k082,sol_ref_T18_m66_phi0.250.pkl,18.0,66.0,82,19.890820743558074,0.8,7,1,0.21568247729687337,0.6871841833806482,1,13.698923291184943,1.1296135617290801,"[0.095336, 0.0529, 0.573753, 0.201198, 2.769638, -1.276683, -0.310386, 2.017077, -9.609317, -11.537155]",20.690820743558074,13.843391219736807,13.914605768481817
s00_H0.3_c0,T18_m60_phi0.250_k045,sol_ref_T18_m60_phi0.250.pkl,18.0,60.0,45,18.472032033083263,0.3,0,1,0.05102079877241217,0.4497967134459413,1,12.585380968276828,1.018318529852285,"[0.090351, 0.087135, 0.266775, -1.821825, -1.802892, -0.478274, -0.458035, -0.640858, -1.114525, -1.192184]",18.772032033083264,12.688339066710263,12.636401767049241
s00_H0.3_c1,T18_m60_phi0.250_k045,sol_ref_T18_m60_phi0.250.pkl,18.0,60.0,45,18.472032033083263,0.3,1,1,0.04628744493239097,0.6272848994579572,1,12.608403474815038,1.0195403230369284,"[0.105107, 0.105011, 0.221095, -1.813442, -1.511547, -0.160218, -0.208899, -1.081156, 1.383972, -2.225141]",18.772032033083264,12.688339066710263,12.654690919747429
s00_H0.3_c2,T18_m60_phi0.250_k045,sol_ref_T18_m60_phi0.250.pkl,18.0,60.0,45,18.472032033083263,0.3,2,1,0.04778447185082602,0.4839628398187766,1,12.638282537386308,1.0218858476578585,"[0.068641, 0.064534, 0.307524, -1.786061, -1.785027, 0.188155, -0.236688, -1.679353, -0.261793, 0.310736]",18.772032033083264,12.688339066710263,12.686067009237135
s00_H0.3_c3,T18_m60_phi0.250_k045,sol_ref_T18_m60_phi0.250.pkl,18.0,60.0,45,18.472032033083263,0.3,3,1,0.05457834914107604,1.1152684949637932,1,12.609501025795655,1.019891342164057,"[0.068829, 0.088701, 0.285505, -1.674577, -1.677283, 0.223717, -1.58696, -0.513185, -0.28565, -0.062509]",18.772032033083264,12.688339066710263,12.664079374936732
s00_H0.3_c4,T18_m60_phi0.250_k045,sol_ref_T18_m60_phi0.250.pkl,18.0,60.0,45,18.472032033083263,0.3,4,1,0.049425437346293254,0.5610568606531064,1,12.613362585078445,1.0207431063738035,"[0.163796, 0.111356, 0.161784, -1.77607, -1.77714, -0.690795, 0.667863, -1.312478, -0.679262, -0.620278]",18.772032033083264,12.688339066710263,12.662788022424738
s00_H0.3_c5,T18_m60_phi0.250_k045,sol_ref_T18_m60_phi0.250.pkl,18.0,60.0,45,18.472032033083263,0.3,5,1,0.05006676151411197,0.4497967134459413,1,12.64669954645215,1.0226712655603807,"[0.14604, 0.113808, 0.162771, -1.882852, -1.443885, -0.251399, -0.602091, -0.916431, -1.44777, 1.031383]",18.772032033083264,12.688339066710263,12.69676630796626
s00_H0.3_c6,T18_m60_phi0.250_k045,sol_ref_T18_m60_phi0.250.pkl,18.0,60.0,45,18.472032033083263,0.3,6,1,0.049605703518559384,0.7745832571992597,1,12.61354496301543,1.0199740919149296,"[0.168574, 0.15837, 0.10244, -1.772681, -1.406234, -0.082249, -0.382956, -1.263559, -0.575078, 1.474258]",18.772032033083264,12.688339066710263,12.663150666533989
s00_H0.3_c7,T18_m60_phi0.250_k045,sol_ref_T18_m60_phi0.250.pkl,18.0,60.0,45,18.472032033083263,0.3,7,1,0.05812912443721437,1.0918112360896794,1,12.637208088277605,1.0210041699495038,"[0.071476, 0.098702, 0.274246, -1.819699, -1.823879, 0.175432, 0.411874, -2.218475, -0.12507, 0.28058]",18.772032033083264,12.688339066710263,12.695337212714819
s00_H0.8_c0,T18_m60_phi0.250_k045,sol_ref_T18_m60_phi0.250.pkl,18.0,60.0,45,18.472032033083263,0.8,0,1,0.1402385180235566,0.4894586491851411,1,12.427459612602423,1.0151734513434663,"[-0.065779, -0.236212, -0.005461, -1.094979, -0.923997, -0.006513, -0.503687, -1.038842, 3.268102, 4.406495]",19.272032033083264,12.688339066710263,12.56769813062598
s00_H0.8_c1,T18_m60_phi0.250_k045,sol_ref_T18_m60_phi0.250.pkl,18.0,60.0,45,18.472032033083263,0.8,1,1,0.15749391814659874,0.6292070203954747,1,12.437161889372224,1.0163588999906963,"[-0.086577, -0.394617, 0.201067, -1.395834, 0.017566, 0.057103, 0.125443, -0.215249, 3.725718, -1.914782]",19.272032033083264,12.688339066710263,12.594655807518823
s00_H0.8_c2,T18_m60_phi0.250_k045,sol_ref_T18_m60_phi0.250.pkl,18.0,60.0,45,18.472032033083263,0.8,2,1,0.17676454230550448,0.6236924522857871,1,15.422928773439043,1.241654275757463,"[-0.181431, -0.336547, 0.199158, -1.815226, -0.177105, -0.406139, -1.965859, 2.506655, 4.150794, -2.53242]",19.272032033083264,12.688339066710263,15.599693315744547
s00_H0.8_c3,T18_m60_phi0.250_k045,sol_ref_T18_m60_phi0.250.pkl,18.0,60.0,45,18.472032033083263,0.8,3,1,0.22833950537689685,1.4812975426616466,1,12.365795004136878,1.0142060550356833,"[-0.033013, -0.555411, -0.295494, -0.116319, 1.178184, -1.151614, -0.816754, 2.002241, -0.17891, 8.052878]",19.272032033083264,12.688339066710263,12.594134509513776
s00_H0.8_c4,T18_m60_phi0.250_k045,sol_ref_T18_m60_phi0.250.pkl,18.0,60.0,45,18.472032033083263,0.8,4,1,0.16086559561825567,0.6983518223667374,1,12.467413169141317,1.0169544671337007,"[-0.077832, -0.292771, -0.03528, -0.772269, -0.734337, -2.461778, 5.031525, -2.616703, 3.004428, 4.20553]",19.272032033083264,12.688339066710263,12.628278764759573
s00_H0.8_c5,T18_m60_phi0.250_k045,sol_ref_T18_m60_phi0.250.pkl,18.0,60.0,45,18.472032033083263,0.8,5,1,0.1621815680805664,0.9298899357409037,1,12.435724206223458,1.015852256342502,"[-0.111651, -0.231283, 0.122243, -1.781663, -0.954716, 2.161522, -1.809781, -1.770722, 1.070442, 5.38138]",19.272032033083264,12.688339066710263,12.597905774304024
s00_H0.8_c6,T18_m60_phi0.250_k045,sol_ref_T18_m60_phi0.250.pkl,18.0,60.0,45,18.472032033083263,0.8,6,1,0.16632222964141113,0.8457846198980633,1,12.419484863311538,1.0159908332404122,"[-0.057447, -0.178929, -0.13838, -0.648696, -0.650701, 1.189338, 0.311776, -3.19121, 3.754574, 3.833852]",19.272032033083264,12.688339066710263,12.58580709295295
s00_H0.8_c7,T18_m60_phi0.250_k045,sol_ref_T18_m60_phi0.250.pkl,18.0,60.0,45,18.472032033083263,0.8,7,1,0.1565553467678623,0.5469770549489735,1,12.466617637473274,1.0168242751391299,"[0.119952, -0.366657, 0.074556, -1.436043, -1.370729, -0.108807, 1.80178, -1.654129, 1.046326, 3.089325]",19.272032033083264,12.688339066710263,12.623172984241135
s07_H0.3_c0,T18_m72_phi0.250_k045,sol_ref_T18_m72_phi0.250.pkl,18.0,72.0,45,18.550992031606548,0.3,0,1,0.06779822990165287,0.47411869706559306,1,15.991645072503378,1.2551377870268363,"[0.13507, 0.133535, -0.111254, -2.211439, -2.204649, -0.934962, -0.921441, -0.213606, -0.209337, -0.131193]",18.85099203160655,16.03013621348838,16.05944330240503
s07_H0.3_c1,T18_m72_phi0.250_k045,sol_ref_T18_m72_phi0.250.pkl,18.0,72.0,45,18.550992031606548,0.3,1,1,0.07192663649589644,0.558818702859888,1,15.961881906716096,1.25423138938877,"[0.192344, 0.192364, -0.255201, -2.356571, -1.839005, -0.636771, -0.704144, -1.041169, -1.061698, 2.736777]",18.85099203160655,16.03013621348838,16.033808543211993
s07_H0.3_c2,T18_m72_phi0.250_k045,sol_ref_T18_m72_phi0.250.pkl,18.0,72.0,45,18.550992031606548,0.3,2,1,0.0668060843444183,0.6081428979042697,1,15.97706169598197,1.2544206197640975,"[0.170313, 0.181609, -0.228219, -2.320138, -1.525468, -0.318862, -1.294821, -1.082155, -0.870375, 4.884041]",18.85099203160655,16.03013621348838,16.043867780326387
s07_H0.3_c3,T18_m72_phi0.250_k045,sol_ref_T18_m72_phi0.250.pkl,18.0,72.0,45,18.550992031606548,0.3,3,1,0.07094776919200611,0.5305642742896512,1,15.969205686018737,1.25433935385235,"[0.165199, 0.165936, -0.179424, -2.246034, -2.245063, -0.823428, -0.892761, -0.439487, -0.530643, -0.430744]",18.85099203160655,16.03013621348838,16.040153455210742
s07_H0.3_c4,T18_m72_phi0.250_k045,sol_ref_T18_m72_phi0.250.pkl,18.0,72.0,45,18.550992031606548,0.3,4,1,0.0661583662813588,0.5885778344024983,1,15.97494343896059,1.2547133690770462,"[0.188712, 0.115788, -0.176168, -2.273342, -1.700149, -1.100841, -0.461212, -0.684675, -0.88655, 3.58829]",18.85099203160655,16.03013621348838,16.04110180524195
s07_H0.3_c5,T18_m72_phi0.250_k045,sol_ref_T18_m72_phi0.250.pkl,18.0,72.0,45,18.550992031606548,0.3,5,1,0.06755352640391041,0.6842241336405581,1,15.985888353740911,1.2554422251002717,"[0.13058, 0.119457, -0.091404, -2.188848, -2.139247, -0.559228, -1.45673, -0.167979, 0.062895, 0.115003]",18.85099203160655,16.03013621348838,16.05344188014482
s07_H0.3_c6,T18_m72_phi0.250_k045,sol_ref_T18_m72_phi0.250.pkl,18.0,72.0,45,18.550992031606548,0.3,6,1,0.07190077416708433,0.662801289051434,1,15.987755033549602,1.255901519309648,"[0.235781, 0.151498, -0.312389, -2.420776, -1.317, -0.537564, -0.746221, -1.516506, -0.936833, 5.648026]",18.85099203160655,16.03013621348838,16.059655807716688
s07_H0.3_c7,T18_m72_phi0.250_k045,sol_ref_T18_m72_phi0.250.pkl,18.0,72.0,45,18.550992031606548,0.3,7,1,0.06663329074450405,0.5131273749968356,1,15.960011834944709,1.2538406900685226,"[0.139961, 0.140953, -0.122056, -2.193479, -2.193512, -0.916748, -0.939376, -0.203843, 0.007549, 0.065763]",18.85099203160655,16.03013621348838,16.026645125689214
s07_H0.8_c0,T18_m72_phi0.250_k045,sol_ref_T18_m72_phi0.250.pkl,18.0,72.0,45,18.550992031606548,0.8,0,1,0.21780476851837655,0.653961414127568,1,15.760673325783701,1.252847122363926,"[-0.066519, -0.44412, -0.15668, -0.829093, -0.757688, 0.004395, -0.392467, -1.096805, 4.28279, 5.125334]",19.35099203160655,16.03013621348838,15.978478094302078
s07_H0.8_c1,T18_m72_phi0.250_k045,sol_ref_T18_m72_phi0.250.pkl,18.0,72.0,45,18.550992031606548,0.8,1,1,0.25323318577743004,0.9501482227162305,1,15.796799931777043,1.2531748774708016,"[-0.043803, -0.512331, 0.085873, -1.654643, -1.176738, 0.589701, -0.980575, -0.011183, 0.191791, 8.039161]",19.35099203160655,16.03013621348838,16.050033117554474
s07_H0.8_c2,T18_m72_phi0.250_k045,sol_ref_T18_m72_phi0.250.pkl,18.0,72.0,45,18.550992031606548,0.8,2,1,0.2571776206759684,0.6187273577619397,1,15.769983671099332,1.2510548402141843,"[0.025546, -0.47345, 0.014357, -2.022496, -0.643017, 1.318535, -1.071287, -0.291249, 1.231736, 4.480775]",19.35099203160655,16.03013621348838,16.0271612917753
s07_H0.8_c3,T18_m72_phi0.250_k045,sol_ref_T18_m72_phi0.250.pkl,18.0,72.0,45,18.550992031606548,0.8,3,1,0.21778511527682545,0.6578017958701264,1,15.804098205517436,1.2532882353572836,"[-0.016752, -0.459192, -0.023583, -1.389756, -1.392507, 0.481612, -1.380322, -0.007655, 4.046068, 4.089111]",19.35099203160655,16.03013621348838,16.02188332079426
s07_H0.8_c4,T18_m72_phi0.250_k045,sol_ref_T18_m72_phi0.250.pkl,18.0,72.0,45,18.550992031606548,0.8,4,1,0.2906558581935184,1.0225924032294216,0,,,"[-0.160594, -0.715746, -0.26068, -0.014633, 0.234073, -0.753582, -3.433092, 3.645372, -0.110217, 5.790449]",19.35099203160655,16.03013621348838,
s07_H0.8_c5,T18_m72_phi0.250_k045,sol_ref_T18_m72_phi0.250.pkl,18.0,72.0,45,18.550992031606548,0.8,5,1,0.21539099048284926,0.6482440923888422,0,,,"[-0.064126, -0.529817, -0.591704, -0.2807, -0.173284, -3.999354, -2.089394, 5.083221, 1.573055, 6.340215]",19.35099203160655,16.03013621348838,
s07_H0.8_c6,T18_m72_phi0.250_k045,sol_ref_T18_m72_phi0.250.pkl,18.0,72.0,45,18.550992031606548,0.8,6,1,0.23416035894778636,0.5788373894712666,1,15.786833100824854,1.2526795757119493,"[-0.026733, -0.506258, 0.06862, -1.293888, -1.300078, 0.630278, -0.177368, -0.742854, 2.987249, 2.995493]",19.35099203160655,16.03013621348838,16.02099345977264
s03_H0.3_c0,T18_m66_phi0.250_k022,sol_ref_T18_m66_phi0.250.pkl,18.0,66.0,22,17.588603752579903,0.3,0,1,0.06284166503491946,0.4602160702550492,1,14.501771842799227,1.1355897108259165,"[-0.020554, -0.142637, 0.061247, 0.356746, 1.785779, 0.211509, 0.86959, -0.057358, -0.968303, -5.534289]",17.888603752579904,14.586142939366132,14.564613507834148
s03_H0.3_c1,T18_m66_phi0.250_k022,sol_ref_T18_m66_phi0.250.pkl,18.0,66.0,22,17.588603752579903,0.3,1,1,0.05694826155325307,0.49354990821634487,1,14.612657294567924,1.1398799060930647,"[-0.039765, -0.18807, 0.169978, 0.28282, 1.270629, -1.39645, 2.914321, 0.417453, 0.087518, -9.381666]",17.888603752579904,14.586142939366132,14.669605556121178
s03_H0.3_c2,T18_m66_phi0.250_k022,sol_ref_T18_m66_phi0.250.pkl,18.0,66.0,22,17.588603752579903,0.3,2,1,0.06685590214620558,0.5220991322420502,1,14.539415479268435,1.1361630423310327,"[-0.014323, -0.152152, 0.057214, 0.381715, 2.186355, -0.52501, 1.923657, -0.0672, -1.404342, -2.810215]",17.888603752579904,14.586142939366132,14.60627138141464
s03_H0.3_c3,T18_m66_phi0.250_k022,sol_ref_T18_m66_phi0.250.pkl,18.0,66.0,22,17.588603752579903,0.3,3,1,0.05378038581364595,0.5684863541749695,1,14.543090648161462,1.1367950659607486,"[0.030254, -0.210892, 0.059905, 0.410262, 1.285886, -2.608758, 4.700939, 0.281184, 0.19529, -8.439216]",17.888603752579904,14.586142939366132,14.596871033975107
s03_H0.3_c4,T18_m66_phi0.250_k022,sol_ref_T18_m66_phi0.250.pkl,18.0,66.0,22,17.588603752579903,0.3,4,1,0.06679115757601138,0.5936757465619914,1,14.527188427286282,1.137487074542647,"[-0.136552, -0.155558, 0.18, 0.528771, 1.050052, -0.685292, 1.414605, 0.875097, 0.631992, -9.761844]",17.888603752579904,14.586142939366132,14.593979584862293
s03_H0.3_c5,T18_m66_phi0.250_k022,sol_ref_T18_m66_phi0.250.pkl,18.0,66.0,22,17.588603752579903,0.3,5,1,0.06574199878988772,0.8700652385749114,1,14.561000355360997,1.138686481814682,"[-0.117105, -0.107956, 0.278274, 0.042526, 1.373678, -0.687009, 2.397398, -0.085508, -0.263696, -8.177036]",17.888603752579904,14.586142939366132,14.626742354150885
s03_H0.3_c6,T18_m66_phi0.250_k022,sol_ref_T18_m66_phi0.250.pkl,18.0,66.0,22,17.588603752579903,0.3,6,1,0.0736617535647135,0.7386837084131228,1,14.540679900734455,1.136532397565057,"[-0.072179, -0.065891, 0.166826, 0.113222, 2.386132, 1.213975, -0.155522, -0.332934, -1.447584, -1.218743]",17.888603752579904,14.586142939366132,14.614341654299169
s03_H0.3_c7,T18_m66_phi0.250_k022,sol_ref_T18_m66_phi0.250.pkl,18.0,66.0,22,17.588603752579903,0.3,7,1,0.06935248739585269,0.8092660520983156,1,14.454415311603608,1.1345968485868154,"[0.037709, -0.15682, 0.118124, 0.0702, 1.932505, 1.512793, -0.376054, 0.104323, -2.888897, -5.150168]",17.888603752579904,14.586142939366132,14.52376779899946
s03_H0.8_c0,T18_m66_phi0.250_k022,sol_ref_T18_m66_phi0.250.pkl,18.0,66.0,22,17.588603752579903,0.8,0,1,0.22320574696033943,0.6327320151064093,1,14.38014783408171,1.141792787020834,"[0.198703, 0.195733, 0.360614, -1.062567, -1.041995, 0.078492, 0.119324, 0.257182, -3.898883, -4.326821]",18.388603752579904,14.586142939366132,14.603353581042049
s03_H0.8_c1,T18_m66_phi0.250_k022,sol_ref_T18_m66_phi0.250.pkl,18.0,66.0,22,17.588603752579903,0.8,1,1,0.2290049850470974,0.849814626189584,1,14.627725096106646,1.140781190873808,"[0.14643, 0.100408, 0.216041, -1.87824, 0.381042, -0.553807, -1.218023, 1.346415, 1.007766, -2.935508]",18.388603752579904,14.586142939366132,14.856730081153744
s03_H0.8_c2,T18_m66_phi0.250_k022,sol_ref_T18_m66_phi0.250.pkl,18.0,66.0,22,17.588603752579903,0.8,2,1,0.21387810845598498,0.8560332842850522,1,14.544499761625708,1.1455157704144823,"[0.418262, 0.422784, -0.265955, -0.748946, -0.62632, -1.830185, -1.838828, 4.363788, -5.457205, -2.907852]",18.388603752579904,14.586142939366132,14.758377870081693
s03_H0.8_c3,T18_m66_phi0.250_k022,sol_ref_T18_m66_phi0.250.pkl,18.0,66.0,22,17.588603752579903,0.8,3,1,0.22768862901975076,0.6807297656567673,1,14.41734462370168,1.1356249581796776,"[-0.057666, -0.060961, 0.472626, -0.823299, 1.428805, 0.474575, 0.149801, 1.386369, -6.532046, -13.951176]",18.388603752579904,14.586142939366132,14.645033252721431
s03_H0.8_c4,T18_m66_phi0.250_k022,sol_ref_T18_m66_phi0.250.pkl,18.0,66.0,22,17.588603752579903,0.8,4,1,0.22437562547925904,0.6804764001863347,1,14.357809543699695,1.1393122990465285,"[0.172539, 0.169208, 0.334623, -0.940414, -0.939197, -0.223879, -0.562069, 0.990498, -3.282621, -3.097239]",18.388603752579904,14.586142939366132,14.582185169178954
s03_H0.8_c5,T18_m66_phi0.250_k022,sol_ref_T18_m66_phi0.250.pkl,18.0,66.0,22,17.588603752579903,0.8,5,1,0.25562729928337596,1.1129682619738503,1,14.342420754629734,1.141894586058591,"[0.397131, 0.39923, -0.064824, -2.192045, -2.206511, 1.055848, 0.929318, -3.913538, -3.265899, -2.922911]",18.388603752579904,14.586142939366132,14.598048053913109
s03_H0.8_c6,T18_m66_phi0.250_k022,sol_ref_T18_m66_phi0.250.pkl,18.0,66.0,22,17.588603752579903,0.8,6,1,0.2585231718094752,0.9243190470730388,1,14.422421438770835,1.1350812839233548,"[0.001119, 0.004128, 0.293002, -0.882253, 1.413017, -1.976297, -1.985369, 4.855831, -4.661758, -12.662989]",18.388603752579904,14.586142939366132,14.68094461058031
s03_H0.8_c7,T18_m66_phi0.250_k022,sol_ref_T18_m66_phi0.250.pkl,18.0,66.0,22,17.588603752579903,0.8,7,1,0.20209389654680074,0.669358430472223,1,14.463495034438564,1.1337759819009776,"[0.124858, 0.123351, -0.011509, -0.559808, 1.720189, -1.262758, -1.507837, 3.64362, -5.051717, -10.964536]",18.388603752579904,14.586142939366132,14.665588930985365
s08_H0.3_c0,T18_m72_phi0.250_k082,sol_ref_T18_m72_phi0.250.pkl,18.0,72.0,82,19.942547220469002,0.3,0,1,0.07656301329488917,0.5145317100067621,1,15.482321968507353,1.2534233921511087,"[0.370327, 0.076634, 0.478198, 0.821331, 3.100913, 1.262478, 1.775523, -0.994497, -0.935475, -4.552906]",20.242547220469003,15.525746232632706,15.558884981802242
s08_H0.3_c1,T18_m72_phi0.250_k082,sol_ref_T18_m72_phi0.250.pkl,18.0,72.0,82,19.942547220469002,0.3,1,1,0.07512562229733495,0.557522321591294,1,15.51567912235928,1.2540058457899923,"[0.399416, -0.047084, 0.487489, 0.846314, 2.37403, 1.097999, 0.878684, -0.141797, -0.096232, -8.771325]",20.242547220469003,15.525746232632706,15.590804744656616
s08_H0.3_c2,T18_m72_phi0.250_k082,sol_ref_T18_m72_phi0.250.pkl,18.0,72.0,82,19.942547220469002,0.3,2,1,0.08059241139173869,0.6029850449372536,1,15.467029187785508,1.2524468015143473,"[0.367752, 0.040202, 0.612307, 0.508667, 2.955407, 1.963865, 0.767954, -0.40052, -2.550337, -5.386083]",20.242547220469003,15.525746232632706,15.547621599177248
s08_H0.3_c3,T18_m72_phi0.250_k082,sol_ref_T18_m72_phi0.250.pkl,18.0,72.0,82,19.942547220469002,0.3,3,1,0.0758443224987681,0.5737072355857067,1,15.477254306787582,1.2530749763465003,"[0.358029, 0.015557, 0.58524, 0.592005, 2.573487, 2.300299, 0.22884, -1.134794, -0.343125, -7.848738]",20.242547220469003,15.525746232632706,15.55309862928635
s08_H0.3_c4,T18_m72_phi0.250_k082,sol_ref_T18_m72_phi0.250.pkl,18.0,72.0,82,19.942547220469002,0.3,4,1,0.06905994755866318,0.5216328064331713,1,15.512665270516107,1.253559217320397,"[0.367734, 0.03645, 0.476148, 0.78051, 2.23871, 1.162524, 1.634235, -1.361987, 1.667129, -10.042167]",20.242547220469003,15.525746232632706,15.581725218074771
s08_H0.3_c5,T18_m72_phi0.250_k082,sol_ref_T18_m72_phi0.250.pkl,18.0,72.0,82,19.942547220469002,0.3,5,1,0.08302287483860135,0.6293179526308298,1,15.495565617289932,1.2536450033181603,"[0.391669, 0.111897, 0.447144, 0.791479, 3.243106, 2.266939, 0.875799, -1.181325, -1.543636, -3.698596]",20.242547220469003,15.525746232632706,15.578588492128533
s08_H0.3_c6,T18_m72_phi0.250_k082,sol_ref_T18_m72_phi0.250.pkl,18.0,72.0,82,19.942547220469002,0.3,6,1,0.07867519980432096,0.5812665576552549,1,15.475416699457076,1.2533335925905147,"[0.368192, 0.039951, 0.595174, 0.561442, 2.995206, 1.629043, 1.112653, -0.331886, -2.449677, -5.282332]",20.242547220469003,15.525746232632706,15.554091899261397
s08_H0.3_c7,T18_m72_phi0.250_k082,sol_ref_T18_m72_phi0.250.pkl,18.0,72.0,82,19.942547220469002,0.3,7,1,0.0764681535956466,0.5708228127010054,1,15.494598372157887,1.2535153662282872,"[0.400517, 0.051855, 0.574986, 0.453329, 2.825717, 2.044887, 1.141925, -1.022679, -2.002055, -6.435881]",20.242547220469003,15.525746232632706,15.571066525753533
s08_H0.8_c0,T18_m72_phi0.250_k082,sol_ref_T18_m72_phi0.250.pkl,18.0,72.0,82,19.942547220469002,0.8,0,1,0.26871914220944715,0.7635828608268909,1,15.27616312863943,1.2532285842299453,"[0.184709, 0.182014, 0.724421, -0.170981, -0.134897, -0.389363, -0.394897, 0.787354, -6.827887, -6.822977]",20.742547220469003,15.525746232632706,15.544882270848877
s08_H0.8_c1,T18_m72_phi0.250_k082,sol_ref_T18_m72_phi0.250.pkl,18.0,72.0,82,19.942547220469002,0.8,1,1,0.28870624014750657,1.0484521276816836,1,15.525448276601107,1.2549161863782161,"[0.180606, 0.163845, 0.547269, -1.046392, 1.287857, -2.397961, -3.29648, 1.969654, 0.771412, -6.013615]",20.742547220469003,15.525746232632706,15.814154516748614
s08_H0.8_c2,T18_m72_phi0.250_k082,sol_ref_T18_m72_phi0.250.pkl,18.0,72.0,82,19.942547220469002,0.8,2,1,0.31392529592363494,1.4186217450583998,1,15.32916312939029,1.2512318304972652,"[0.364299, 0.331263, 0.61505, -1.070185, -1.039529, -1.226197, -1.214848, -1.067588, -4.324196, -2.72394]",20.742547220469003,15.525746232632706,15.643088425313925
s08_H0.8_c3,T18_m72_phi0.250_k082,sol_ref_T18_m72_phi0.250.pkl,18.0,72.0,82,19.942547220469002,0.8,3,1,0.28853753209880173,1.120440463877884,1,15.345973622989689,1.2515114607052638,"[0.171429, 0.148649, 0.526737, -0.533152, 1.451761, -1.88633, -4.221277, 4.497855, -5.775099, -15.803975]",20.742547220469003,15.525746232632706,15.634511155088491
s08_H0.8_c4,T18_m72_phi0.250_k082,sol_ref_T18_m72_phi0.250.pkl,18.0,72.0,82,19.942547220469002,0.8,4,1,0.307093012430028,1.6165380498766497,1,15.473261269935948,1.2527471386963713,"[0.576242, -0.102213, 0.301856, -0.12469, 0.312485, -6.978319, 0.769434, 6.24918, -8.049584, -3.032729]",20.742547220469003,15.525746232632706,15.780354282365977
s08_H0.8_c5,T18_m72_phi0.250_k082,sol_ref_T18_m72_phi0.250.pkl,18.0,72.0,82,19.942547220469002,0.8,5,1,0.2661600302507674,0.9363121050991563,1,15.359637191840989,1.251170841706448,"[0.144009, 0.144875, 0.391626, -0.061609, 2.319652, -2.549065, -2.605786, 3.678055, -7.895815, -14.360838]",20.742547220469003,15.525746232632706,15.625797222091755
s08_H0.8_c6,T18_m72_phi0.250_k082,sol_ref_T18_m72_phi0.250.pkl,18.0,72.0,82,19.942547220469002,0.8,6,1,0.26568427584216897,0.7870248865158298,1,15.362559645912066,1.2525009887691383,"[0.371666, 0.34479, 0.40727, -1.267061, 0.739455, -1.053177, -2.1753, 0.656525, -6.344381, -12.231491]",20.742547220469003,15.525746232632706,15.628243921754235
s08_H0.8_c7,T18_m72_phi0.250_k082,sol_ref_T18_m72_phi0.250.pkl,18.0,72.0,82,19.942547220469002,0.8,7,1,0.29234093658770677,1.0351465786054415,0,,,"[-0.001028, 0.063941, 0.742916, -0.380286, 1.649706, -2.506639, -0.380987, 2.478235, -6.335711, -17.797896]",20.742547220469003,15.525746232632706,
s04_H0.3_c0,T18_m66_phi0.250_k045,sol_ref_T18_m66_phi0.250.pkl,18.0,66.0,45,18.4711202657882,0.3,0,1,0.0591897797748416,0.4804306039149223,1,14.223887966518996,1.1339517018061493,"[0.138021, 0.13641, 0.105044, -1.994711, -1.992532, -0.376336, -0.377681, -1.082155, -1.115923, -1.218303]",18.771120265788202,14.29693338532124,14.283077746293838
s04_H0.3_c1,T18_m66_phi0.250_k045,sol_ref_T18_m66_phi0.250.pkl,18.0,66.0,45,18.4711202657882,0.3,1,1,0.05958778474557257,0.5019642696527897,1,14.24391243391016,1.1347459368715445,"[0.165518, 0.166109, 0.046606, -1.927927, -1.902359, 0.181778, 0.183587, -2.113825, 0.181468, 0.39108]",18.771120265788202,14.29693338532124,14.303500218655731
s04_H0.3_c2,T18_m66_phi0.250_k045,sol_ref_T18_m66_phi0.250.pkl,18.0,66.0,45,18.4711202657882,0.3,2,1,0.06116105279103692,1.2086467334217845,1,14.318217190574886,1.1390993976523345,"[0.124858, 0.117343, 0.141336, -1.880158, -1.884279, -5.055425, 6.196353, -0.966696, -0.458863, -0.695548]",18.771120265788202,14.29693338532124,14.379378243365924
s04_H0.3_c3,T18_m66_phi0.250_k045,sol_ref_T18_m66_phi0.250.pkl,18.0,66.0,45,18.4711202657882,0.3,3,1,0.05391371695416172,0.7819529996540314,1,14.33167922318943,1.1407238426120498,"[0.170576, 0.183715, 0.031163, -1.78939, -1.792746, -0.938741, 0.827855, -1.294059, 1.621226, -1.561539]",18.771120265788202,14.29693338532124,14.385592940143592
s04_H0.3_c4,T18_m66_phi0.250_k045,sol_ref_T18_m66_phi0.250.pkl,18.0,66.0,45,18.4711202657882,0.3,4,1,0.06378084800655012,0.7923727510868511,1,14.308678964810463,1.1394384945633367,"[0.185804, 0.15359, 0.034274, -2.008359, -2.021896, -0.178459, -0.599996, -1.168038, -1.464752, -0.90812]",18.771120265788202,14.29693338532124,14.372459812817013
s04_H0.3_c5,T18_m66_phi0.250_k045,sol_ref_T18_m66_phi0.250.pkl,18.0,66.0,45,18.4711202657882,0.3,5,1,0.06477774377709151,0.5985980107630837,1,14.309985263589091,1.1388588371793618,"[0.183854, 0.183377, 0.00697, -2.030028, -1.997172, 0.26407, 0.123176, -2.239252, -0.792812, -0.097666]",18.771120265788202,14.29693338532124,14.374763007366182
s04_H0.3_c6,T18_m66_phi0.250_k045,sol_ref_T18_m66_phi0.250.pkl,18.0,66.0,45,18.4711202657882,0.3,6,1,0.05830732203030318,0.5138669431773686,1,14.28741259665815,1.1372552178128543,"[0.161609, 0.147008, 0.067399, -1.95806, -1.95872, 0.385794, -0.488678, -1.818147, -0.298793, -0.251507]",18.771120265788202,14.29693338532124,14.345719918688454
s04_H0.3_c7,T18_m66_phi0.250_k045,sol_ref_T18_m66_phi0.250.pkl,18.0,66.0,45,18.4711202657882,0.3,7,1,0.06069419700242284,0.5051283704952968,1,14.24982392857512,1.1356615896898905,"[0.224715, 0.142735, 0.002582, -1.970473, -1.968885, -0.227972, -0.125852, -1.45226, -0.835075, -0.615041]",18.771120265788202,14.29693338532124,14.310518125577543
s04_H0.8_c0,T18_m66_phi0.250_k045,sol_ref_T18_m66_phi0.250.pkl,18.0,66.0,45,18.4711202657882,0.8,0,1,0.16732339898066534,0.5372018145024735,1,14.047064753762237,1.1299953736739807,"[-0.066371, -0.308159, -0.035366, -1.126607, -1.07826, -0.004625, -0.560951, -0.966803, 3.79088, 4.34505]",19.271120265788202,14.29693338532124,14.214388152742902
s04_H0.8_c1,T18_m66_phi0.250_k045,sol_ref_T18_m66_phi0.250.pkl,18.0,66.0,45,18.4711202657882,0.8,1,1,0.19489007476345738,0.7338141355336082,1,14.048278778462427,1.1311219544207065,"[-0.075578, -0.255339, -0.128974, -0.82375, -0.801722, 0.637209, -0.030213, -2.307893, 3.626086, 5.281348]",19.271120265788202,14.29693338532124,14.243168853225884
s04_H0.8_c2,T18_m66_phi0.250_k045,sol_ref_T18_m66_phi0.250.pkl,18.0,66.0,45,18.4711202657882,0.8,2,1,0.19465057168527702,0.5813213083263062,1,14.070081377375242,1.131009645241573,"[0.015544, -0.443253, 0.156932, -1.718863, -1.72412, 1.676522, -2.007462, -0.534576, 2.208857, 2.25465]",19.271120265788202,14.29693338532124,14.264731949060518
s04_H0.8_c3,T18_m66_phi0.250_k045,sol_ref_T18_m66_phi0.250.pkl,18.0,66.0,45,18.4711202657882,0.8,3,1,0.18595958357689882,0.5683992493829849,1,14.050608727949946,1.130676729661461,"[-0.065653, -0.409533, 0.106123, -1.961715, -0.727599, 0.133915, -0.78729, -0.481036, 0.754865, 8.101313]",19.271120265788202,14.29693338532124,14.236568311526845
s04_H0.8_c4,T18_m66_phi0.250_k045,sol_ref_T18_m66_phi0.250.pkl,18.0,66.0,45,18.4711202657882,0.8,4,1,0.1891408991335671,0.5303121968624789,1,14.072200187106787,1.1306395547135197,"[-0.013959, -0.374015, 0.001751, -1.860264, -1.862131, -0.706218, -1.599964, 1.677022, 3.419847, 3.45381]",19.271120265788202,14.29693338532124,14.261341086240355
s04_H0.8_c5,T18_m66_phi0.250_k045,sol_ref_T18_m66_phi0.250.pkl,18.0,66.0,45,18.4711202657882,0.8,5,1,0.2329607558187825,1.0727902495293253,0,,,"[-0.14776, -0.580918, -0.295953, 0.013888, 0.28186, -0.931358, -3.327822, 3.087478, -0.62114, 8.056024]",19.271120265788202,14.29693338532124,
s04_H0.8_c6,T18_m66_phi0.250_k045,sol_ref_T18_m66_phi0.250.pkl,18.0,66.0,45,18.4711202657882,0.8,6,1,0.2646036599170735,1.7147557157106583,1,14.018049674458725,1.132249437497271,"[-0.013085, -0.600746, -0.3391, -0.210828, 0.830046, -1.122484, -1.420023, 3.002082, -2.867116, 11.387786]",19.271120265788202,14.29693338532124,14.282653334375798
s04_H0.8_c7,T18_m66_phi0.250_k045,sol_ref_T18_m66_phi0.250.pkl,18.0,66.0,45,18.4711202657882,0.8,7,1,0.20402261252584047,0.8374175924773761,0,,,"[-0.132296, -0.296198, -0.56331, -0.441072, 0.964192, -3.287087, -3.252103, 5.506546, 1.465901, 7.188521]",19.271120265788202,14.29693338532124,
s09_H0.3_c0,T18_m72_phi0.250_k120,sol_ref_T18_m72_phi0.250.pkl,18.0,72.0,120,21.37171200903044,0.3,0,1,0.09445522490602715,0.3029823472312935,1,14.897632829217546,1.2540864710994541,"[-0.06474, -1.692631, -1.567577, -1.645128, -1.586615, -0.131605, 3.113928, 0.515867, 1.245047, -0.314871]",21.67171200903044,14.946952973580537,14.992088054123574
s09_H0.3_c1,T18_m72_phi0.250_k120,sol_ref_T18_m72_phi0.250.pkl,18.0,72.0,120,21.37171200903044,0.3,1,1,0.09772769684988789,0.29652426665745146,1,14.919367882164115,1.2554584389525614,"[-0.065673, -1.729507, -1.626929, -1.6769, -1.065415, -0.174627, 2.693989, 0.538026, 0.341844, 3.763484]",21.67171200903044,14.946952973580537,15.017095579014002
s09_H0.3_c2,T18_m72_phi0.250_k120,sol_ref_T18_m72_phi0.250.pkl,18.0,72.0,120,21.37171200903044,0.3,2,1,0.09398600758312067,0.2865085602506813,0,,,"[-0.083913, -1.826248, -1.584367, -1.472256, -1.444733, -0.005962, 2.535939, 0.607713, 0.948469, 2.284233]",21.67171200903044,14.946952973580537,
s09_H0.3_c3,T18_m72_phi0.250_k120,sol_ref_T18_m72_phi0.250.pkl,18.0,72.0,120,21.37171200903044,0.3,3,1,0.08559746931825125,0.31225767727049586,0,,,"[-0.086909, -1.665169, -1.64623, -1.514509, -1.516077, -0.34882, 3.09025, 0.414864, 1.07243, 1.208502]",21.67171200903044,14.946952973580537,
s09_H0.3_c4,T18_m72_phi0.250_k120,sol_ref_T18_m72_phi0.250.pkl,18.0,72.0,120,21.37171200903044,0.3,4,1,0.0925919525411348,0.2810665136102601,0,,,"[-0.091642, -1.775027, -1.546734, -1.765165, -1.061103, -0.109794, 2.750348, 0.450127, 0.965349, 2.725088]",21.67171200903044,14.946952973580537,
s09_H0.3_c5,T18_m72_phi0.250_k120,sol_ref_T18_m72_phi0.250.pkl,18.0,72.0,120,21.37171200903044,0.3,5,1,0.08682734479676749,0.3014467226566684,0,,,"[-0.109111, -1.730009, -1.552284, -1.827519, -0.984386, -0.366656, 3.204377, 0.345204, 0.104691, 4.411778]",21.67171200903044,14.946952973580537,
s09_H0.3_c6,T18_m72_phi0.250_k120,sol_ref_T18_m72_phi0.250.pkl,18.0,72.0,120,21.37171200903044,0.3,6,1,0.09652372319168878,0.29711298490653915,1,14.879267095843913,1.2537572991250563,"[-0.065852, -1.765683, -1.587485, -1.529083, -1.530263, 0.009717, 2.9955, 0.363032, 1.140514, 1.224871]",21.67171200903044,14.946952973580537,14.975790819035602
s09_H0.3_c7,T18_m72_phi0.250_k120,sol_ref_T18_m72_phi0.250.pkl,18.0,72.0,120,21.37171200903044,0.3,7,1,0.09440361266135394,0.28812893354333624,0,,,"[-0.092508, -1.880836, -1.500645, -1.540077, -1.555607, 0.087017, 2.541423, 0.865007, 0.71557, 1.456059]",21.67171200903044,14.946952973580537,
s09_H0.8_c0,T18_m72_phi0.250_k120,sol_ref_T18_m72_phi0.250.pkl,18.0,72.0,120,21.37171200903044,0.8,0,1,0.5374455582508637,1.227986251414824,1,14.420607196785362,1.2533268931597583,"[-0.066576, -0.587178, -0.102565, 0.248813, 0.842005, -0.001609, 1.910672, 4.560659, 4.564468, 14.877317]",22.17171200903044,14.946952973580537,14.958052755036226
s09_H0.8_c1,T18_m72_phi0.250_k120,sol_ref_T18_m72_phi0.250.pkl,18.0,72.0,120,21.37171200903044,0.8,1,1,0.5325103738292707,1.357917306826323,0,,,"[-0.144374, -0.538641, 0.071428, 0.065309, 0.367389, 1.907285, 0.493378, 3.566534, 3.441492, 12.159759]",22.17171200903044,14.946952973580537,
s09_H0.8_c2,T18_m72_phi0.250_k120,sol_ref_T18_m72_phi0.250.pkl,18.0,72.0,120,21.37171200903044,0.8,2,1,0.5053220761555389,1.1307053439751107,0,,,"[-0.100111, -0.593993, 0.019429, 0.185188, 0.47703, -0.619822, 3.35757, 4.824956, 2.861672, 11.547239]",22.17171200903044,14.946952973580537,
