model_dir,seed,model,ood,state,H,n,best_pick,regret,rho,unsolved
full,models_seed0.pt,value-only,0,T18_m60_phi0.250_k045,0.3,8,1,0.0,0.14285714285714288,0
full,models_seed0.pt,value-only,0,T18_m60_phi0.250_k045,0.8,8,1,0.0,0.0,0
full,models_seed0.pt,value-only,0,T18_m60_phi0.250_k082,0.3,8,0,0.03319120914636109,0.19047619047619052,0
full,models_seed0.pt,value-only,0,T18_m60_phi0.250_k082,0.8,8,1,0.0,0.7857142857142858,0
full,models_seed0.pt,value-only,0,T18_m66_phi0.250_k022,0.3,8,0,0.10297455515142495,0.04761904761904763,0
full,models_seed0.pt,value-only,0,T18_m66_phi0.250_k022,0.8,8,0,0.02116841186309415,0.4047619047619048,0
full,models_seed0.pt,value-only,0,T18_m66_phi0.250_k045,0.3,8,1,0.0,0.6666666666666669,0
full,models_seed0.pt,value-only,0,T18_m66_phi0.250_k045,0.8,6,0,0.050343796317616096,0.028571428571428574,2
full,models_seed0.pt,value-only,0,T18_m66_phi0.250_k082,0.3,8,0,0.014594262571121064,0.3333333333333334,0
full,models_seed0.pt,value-only,0,T18_m66_phi0.250_k082,0.8,7,1,0.0,0.6071428571428572,1
full,models_seed0.pt,value-only,0,T18_m66_phi0.250_k120,0.3,3,1,0.0,1.0,5
full,models_seed0.pt,value-only,0,T18_m72_phi0.250_k045,0.3,8,0,0.026796754455606475,0.09523809523809526,0
full,models_seed0.pt,value-only,0,T18_m72_phi0.250_k045,0.8,5,0,0.042515365470562116,0.6,2
full,models_seed0.pt,value-only,0,T18_m72_phi0.250_k082,0.3,8,0,0.03410361889752345,-0.6666666666666669,0
full,models_seed0.pt,value-only,0,T18_m72_phi0.250_k082,0.8,7,0,0.08091495124287995,0.8928571428571429,1
full,models_seed0.pt,value-only,0,T18_m72_phi0.250_k120,0.3,3,1,0.0,1.0,5
full,models_seed0.pt,value-only,1,T18_m60_phi0.250_k045,0.3,8,1,0.0,0.14285714285714288,0
full,models_seed0.pt,value-only,1,T18_m60_phi0.250_k045,0.8,8,1,0.0,0.04761904761904763,0
full,models_seed0.pt,value-only,1,T18_m60_phi0.250_k082,0.3,8,0,0.03319120914636109,0.19047619047619052,0
full,models_seed0.pt,value-only,1,T18_m60_phi0.250_k082,0.8,8,1,0.0,0.8571428571428572,0
full,models_seed0.pt,value-only,1,T18_m66_phi0.250_k022,0.3,8,1,0.0,0.38095238095238104,0
full,models_seed0.pt,value-only,1,T18_m66_phi0.250_k022,0.8,8,0,0.02116841186309415,0.4761904761904762,0
full,models_seed0.pt,value-only,1,T18_m66_phi0.250_k045,0.3,8,1,0.0,0.6666666666666669,0
full,models_seed0.pt,value-only,1,T18_m66_phi0.250_k045,0.8,6,0,0.050343796317616096,0.028571428571428574,2
full,models_seed0.pt,value-only,1,T18_m66_phi0.250_k082,0.3,8,0,0.014594262571121064,0.3333333333333334,0
full,models_seed0.pt,value-only,1,T18_m66_phi0.250_k082,0.8,7,1,0.0,0.642857142857143,1
full,models_seed0.pt,value-only,1,T18_m66_phi0.250_k120,0.3,3,1,0.0,1.0,5
full,models_seed0.pt,value-only,1,T18_m72_phi0.250_k045,0.3,8,0,0.026796754455606475,0.09523809523809526,0
full,models_seed0.pt,value-only,1,T18_m72_phi0.250_k045,0.8,5,0,0.042515365470562116,0.6,2
full,models_seed0.pt,value-only,1,T18_m72_phi0.250_k082,0.3,8,0,0.03410361889752345,-0.6666666666666669,0
full,models_seed0.pt,value-only,1,T18_m72_phi0.250_k082,0.8,7,1,0.0,0.28571428571428575,1
full,models_seed0.pt,value-only,1,T18_m72_phi0.250_k120,0.3,3,1,0.0,1.0,5
full,models_seed0.pt,Sobolev,0,T18_m60_phi0.250_k045,0.3,8,0,0.06036454091702126,0.09523809523809526,0
full,models_seed0.pt,Sobolev,0,T18_m60_phi0.250_k045,0.8,8,1,0.0,0.28571428571428575,0
full,models_seed0.pt,Sobolev,0,T18_m60_phi0.250_k082,0.3,8,0,0.03727610625472266,0.14285714285714288,0
full,models_seed0.pt,Sobolev,0,T18_m60_phi0.250_k082,0.8,8,1,0.0,0.4523809523809524,0
full,models_seed0.pt,Sobolev,0,T18_m66_phi0.250_k022,0.3,8,0,0.14583775712171843,-0.5714285714285715,0
full,models_seed0.pt,Sobolev,0,T18_m66_phi0.250_k022,0.8,8,0,0.09875944140135573,0.261904761904762,0
full,models_seed0.pt,Sobolev,0,T18_m66_phi0.250_k045,0.3,8,0,0.027440379283707017,0.5714285714285715,0
full,models_seed0.pt,Sobolev,0,T18_m66_phi0.250_k045,0.8,6,0,0.046952933497452776,0.5428571428571429,2
full,models_seed0.pt,Sobolev,0,T18_m66_phi0.250_k082,0.3,8,0,0.014594262571121064,0.38095238095238104,0
full,models_seed0.pt,Sobolev,0,T18_m66_phi0.250_k082,0.8,7,0,0.08226545619185721,0.3214285714285715,1
full,models_seed0.pt,Sobolev,0,T18_m66_phi0.250_k120,0.3,3,0,0.0012460084490690804,-0.5,5
full,models_seed0.pt,Sobolev,0,T18_m72_phi0.250_k045,0.3,8,0,0.01350832952152814,0.4523809523809524,0
full,models_seed0.pt,Sobolev,0,T18_m72_phi0.250_k045,0.8,5,1,0.0,0.49999999999999994,2
full,models_seed0.pt,Sobolev,0,T18_m72_phi0.250_k082,0.3,8,0,0.03410361889752345,-0.5000000000000001,0
full,models_seed0.pt,Sobolev,0,T18_m72_phi0.250_k082,0.8,7,1,0.0,0.8928571428571429,1
full,models_seed0.pt,Sobolev,0,T18_m72_phi0.250_k120,0.3,3,0,0.04130475997840044,-1.0,5
full,models_seed0.pt,Sobolev,1,T18_m60_phi0.250_k045,0.3,8,0,0.06036454091702126,0.09523809523809526,0
full,models_seed0.pt,Sobolev,1,T18_m60_phi0.250_k045,0.8,8,1,0.0,0.4047619047619048,0
full,models_seed0.pt,Sobolev,1,T18_m60_phi0.250_k082,0.3,8,0,0.03727610625472266,0.14285714285714288,0
full,models_seed0.pt,Sobolev,1,T18_m60_phi0.250_k082,0.8,8,1,0.0,0.7380952380952381,0
full,models_seed0.pt,Sobolev,1,T18_m66_phi0.250_k022,0.3,8,0,0.040845708834687855,0.30952380952380953,0
full,models_seed0.pt,Sobolev,1,T18_m66_phi0.250_k022,0.8,8,0,0.02116841186309415,0.6190476190476191,0
full,models_seed0.pt,Sobolev,1,T18_m66_phi0.250_k045,0.3,8,0,0.027440379283707017,0.5714285714285715,0
full,models_seed0.pt,Sobolev,1,T18_m66_phi0.250_k045,0.8,6,0,0.046952933497452776,0.5428571428571429,2
full,models_seed0.pt,Sobolev,1,T18_m66_phi0.250_k082,0.3,8,0,0.014594262571121064,0.38095238095238104,0
full,models_seed0.pt,Sobolev,1,T18_m66_phi0.250_k082,0.8,7,1,0.0,0.3214285714285715,1
full,models_seed0.pt,Sobolev,1,T18_m66_phi0.250_k120,0.3,3,0,0.0012460084490690804,-0.5,5
full,models_seed0.pt,Sobolev,1,T18_m72_phi0.250_k045,0.3,8,0,0.01350832952152814,0.4523809523809524,0
full,models_seed0.pt,Sobolev,1,T18_m72_phi0.250_k045,0.8,5,1,0.0,0.49999999999999994,2
full,models_seed0.pt,Sobolev,1,T18_m72_phi0.250_k082,0.3,8,0,0.030966892951283853,-0.023809523809523815,0
full,models_seed0.pt,Sobolev,1,T18_m72_phi0.250_k082,0.8,7,1,0.0,0.21428571428571433,1
full,models_seed0.pt,Sobolev,1,T18_m72_phi0.250_k120,0.3,3,0,0.04130475997840044,-1.0,5
full,models_seed1.pt,value-only,0,T18_m60_phi0.250_k045,0.3,8,1,0.0,0.261904761904762,0
full,models_seed1.pt,value-only,0,T18_m60_phi0.250_k045,0.8,8,1,0.0,0.2142857142857143,0
full,models_seed1.pt,value-only,0,T18_m60_phi0.250_k082,0.3,8,1,0.0,0.261904761904762,0
full,models_seed1.pt,value-only,0,T18_m60_phi0.250_k082,0.8,8,1,0.0,0.8333333333333335,0
full,models_seed1.pt,value-only,0,T18_m66_phi0.250_k022,0.3,8,0,0.10297455515142495,0.2142857142857143,0
full,models_seed1.pt,value-only,0,T18_m66_phi0.250_k022,0.8,8,0,0.02116841186309415,0.4761904761904762,0
full,models_seed1.pt,value-only,0,T18_m66_phi0.250_k045,0.3,8,1,0.0,0.6666666666666669,0
full,models_seed1.pt,value-only,0,T18_m66_phi0.250_k045,0.8,6,0,0.050343796317616096,0.028571428571428574,2
full,models_seed1.pt,value-only,0,T18_m66_phi0.250_k082,0.3,8,0,0.017639178771181818,0.3333333333333334,0
full,models_seed1.pt,value-only,0,T18_m66_phi0.250_k082,0.8,7,1,0.0,0.7500000000000002,1
full,models_seed1.pt,value-only,0,T18_m66_phi0.250_k120,0.3,3,1,0.0,1.0,5
full,models_seed1.pt,value-only,0,T18_m72_phi0.250_k045,0.3,8,0,0.032798176715814975,0.023809523809523815,0
full,models_seed1.pt,value-only,0,T18_m72_phi0.250_k045,0.8,5,0,0.042515365470562116,0.6,2
full,models_seed1.pt,value-only,0,T18_m72_phi0.250_k082,0.3,8,0,0.03410361889752345,-0.6904761904761906,0
full,models_seed1.pt,value-only,0,T18_m72_phi0.250_k082,0.8,7,1,0.0,0.9642857142857145,1
full,models_seed1.pt,value-only,0,T18_m72_phi0.250_k120,0.3,3,0,0.016297235087971984,0.5,5
full,models_seed1.pt,value-only,1,T18_m60_phi0.250_k045,0.3,8,1,0.0,0.261904761904762,0
full,models_seed1.pt,value-only,1,T18_m60_phi0.250_k045,0.8,8,1,0.0,0.2380952380952381,0
full,models_seed1.pt,value-only,1,T18_m60_phi0.250_k082,0.3,8,1,0.0,0.261904761904762,0
full,models_seed1.pt,value-only,1,T18_m60_phi0.250_k082,0.8,8,1,0.0,0.6190476190476191,0
full,models_seed1.pt,value-only,1,T18_m66_phi0.250_k022,0.3,8,0,0.10297455515142495,0.2142857142857143,0
full,models_seed1.pt,value-only,1,T18_m66_phi0.250_k022,0.8,8,0,0.02116841186309415,0.4761904761904762,0
full,models_seed1.pt,value-only,1,T18_m66_phi0.250_k045,0.3,8,1,0.0,0.6666666666666669,0
full,models_seed1.pt,value-only,1,T18_m66_phi0.250_k045,0.8,6,0,0.046952933497452776,0.6,2
full,models_seed1.pt,value-only,1,T18_m66_phi0.250_k082,0.3,8,0,0.017639178771181818,0.3333333333333334,0
full,models_seed1.pt,value-only,1,T18_m66_phi0.250_k082,0.8,7,1,0.0,0.5714285714285715,1
full,models_seed1.pt,value-only,1,T18_m66_phi0.250_k120,0.3,3,1,0.0,1.0,5
full,models_seed1.pt,value-only,1,T18_m72_phi0.250_k045,0.3,8,0,0.032798176715814975,0.023809523809523815,0
full,models_seed1.pt,value-only,1,T18_m72_phi0.250_k045,0.8,5,0,0.042515365470562116,0.6,2
full,models_seed1.pt,value-only,1,T18_m72_phi0.250_k082,0.3,8,0,0.03410361889752345,-0.6904761904761906,0
full,models_seed1.pt,value-only,1,T18_m72_phi0.250_k082,0.8,7,1,0.0,0.28571428571428575,1
full,models_seed1.pt,value-only,1,T18_m72_phi0.250_k120,0.3,3,0,0.016297235087971984,0.5,5
full,models_seed1.pt,Sobolev,0,T18_m60_phi0.250_k045,0.3,8,0,0.06036454091702126,0.09523809523809526,0
full,models_seed1.pt,Sobolev,0,T18_m60_phi0.250_k045,0.8,8,1,0.0,0.11904761904761905,0
full,models_seed1.pt,Sobolev,0,T18_m60_phi0.250_k082,0.3,8,0,0.03727610625472266,0.09523809523809526,0
full,models_seed1.pt,Sobolev,0,T18_m60_phi0.250_k082,0.8,8,1,0.0,0.523809523809524,0
full,models_seed1.pt,Sobolev,0,T18_m66_phi0.250_k022,0.3,8,0,0.040845708834687855,-0.38095238095238104,0
full,models_seed1.pt,Sobolev,0,T18_m66_phi0.250_k022,0.8,8,0,0.02116841186309415,0.28571428571428575,0
full,models_seed1.pt,Sobolev,0,T18_m66_phi0.250_k045,0.3,8,0,0.08938206652317326,0.28571428571428575,0
full,models_seed1.pt,Sobolev,0,T18_m66_phi0.250_k045,0.8,6,1,0.0,0.7142857142857143,2
full,models_seed1.pt,Sobolev,0,T18_m66_phi0.250_k082,0.3,8,0,0.014594262571121064,0.4761904761904762,0
full,models_seed1.pt,Sobolev,0,T18_m66_phi0.250_k082,0.8,7,1,0.0,0.8214285714285715,1
full,models_seed1.pt,Sobolev,0,T18_m66_phi0.250_k120,0.3,3,0,0.020976648146268317,-1.0,5
full,models_seed1.pt,Sobolev,0,T18_m72_phi0.250_k045,0.3,8,0,0.01350832952152814,0.523809523809524,0
full,models_seed1.pt,Sobolev,0,T18_m72_phi0.250_k045,0.8,5,1,0.0,0.3,2
full,models_seed1.pt,Sobolev,0,T18_m72_phi0.250_k082,0.3,8,0,0.011263382624994378,0.4523809523809524,0
full,models_seed1.pt,Sobolev,0,T18_m72_phi0.250_k082,0.8,7,1,0.0,0.9285714285714288,1
full,models_seed1.pt,Sobolev,0,T18_m72_phi0.250_k120,0.3,3,0,0.04130475997840044,-0.5,5
full,models_seed1.pt,Sobolev,1,T18_m60_phi0.250_k045,0.3,8,0,0.06036454091702126,0.09523809523809526,0
full,models_seed1.pt,Sobolev,1,T18_m60_phi0.250_k045,0.8,8,1,0.0,0.4047619047619048,0
full,models_seed1.pt,Sobolev,1,T18_m60_phi0.250_k082,0.3,8,0,0.03727610625472266,0.14285714285714288,0
full,models_seed1.pt,Sobolev,1,T18_m60_phi0.250_k082,0.8,8,1,0.0,0.6428571428571429,0
full,models_seed1.pt,Sobolev,1,T18_m66_phi0.250_k022,0.3,8,0,0.040845708834687855,0.14285714285714288,0
full,models_seed1.pt,Sobolev,1,T18_m66_phi0.250_k022,0.8,8,0,0.02116841186309415,0.6190476190476191,0
full,models_seed1.pt,Sobolev,1,T18_m66_phi0.250_k045,0.3,8,0,0.08938206652317326,0.28571428571428575,0
full,models_seed1.pt,Sobolev,1,T18_m66_phi0.250_k045,0.8,6,1,0.0,0.7714285714285715,2
full,models_seed1.pt,Sobolev,1,T18_m66_phi0.250_k082,0.3,8,0,0.014594262571121064,0.4761904761904762,0
full,models_seed1.pt,Sobolev,1,T18_m66_phi0.250_k082,0.8,7,1,0.0,0.642857142857143,1
full,models_seed1.pt,Sobolev,1,T18_m66_phi0.250_k120,0.3,3,0,0.020976648146268317,-1.0,5
full,models_seed1.pt,Sobolev,1,T18_m72_phi0.250_k045,0.3,8,0,0.01350832952152814,0.523809523809524,0
full,models_seed1.pt,Sobolev,1,T18_m72_phi0.250_k045,0.8,5,1,0.0,0.3,2
full,models_seed1.pt,Sobolev,1,T18_m72_phi0.250_k082,0.3,8,0,0.011263382624994378,0.4523809523809524,0
full,models_seed1.pt,Sobolev,1,T18_m72_phi0.250_k082,0.8,7,1,0.0,0.28571428571428575,1
full,models_seed1.pt,Sobolev,1,T18_m72_phi0.250_k120,0.3,3,0,0.04130475997840044,-0.5,5
full,models_seed2.pt,value-only,0,T18_m60_phi0.250_k045,0.3,8,1,0.0,0.19047619047619052,0
full,models_seed2.pt,value-only,0,T18_m60_phi0.250_k045,0.8,8,0,0.05547485361515747,0.09523809523809526,0
full,models_seed2.pt,value-only,0,T18_m60_phi0.250_k082,0.3,8,1,0.0,0.1666666666666667,0
full,models_seed2.pt,value-only,0,T18_m60_phi0.250_k082,0.8,8,1,0.0,0.6190476190476191,0
full,models_seed2.pt,value-only,0,T18_m66_phi0.250_k022,0.3,8,0,0.10297455515142495,-0.09523809523809526,0
full,models_seed2.pt,value-only,0,T18_m66_phi0.250_k022,0.8,8,0,0.02116841186309415,0.4047619047619048,0
full,models_seed2.pt,value-only,0,T18_m66_phi0.250_k045,0.3,8,0,0.08938206652317326,0.4523809523809524,0
full,models_seed2.pt,value-only,0,T18_m66_phi0.250_k045,0.8,6,0,0.050343796317616096,0.2571428571428572,2
full,models_seed2.pt,value-only,0,T18_m66_phi0.250_k082,0.3,8,0,0.014594262571121064,0.30952380952380953,0
full,models_seed2.pt,value-only,0,T18_m66_phi0.250_k082,0.8,7,1,0.0,0.7142857142857144,1
full,models_seed2.pt,value-only,0,T18_m66_phi0.250_k120,0.3,3,1,0.0,1.0,5
full,models_seed2.pt,value-only,0,T18_m72_phi0.250_k045,0.3,8,0,0.026796754455606475,0.09523809523809526,0
full,models_seed2.pt,value-only,0,T18_m72_phi0.250_k045,0.8,5,0,0.042515365470562116,0.7,2
full,models_seed2.pt,value-only,0,T18_m72_phi0.250_k082,0.3,8,0,0.03410361889752345,-0.5714285714285715,0
full,models_seed2.pt,value-only,0,T18_m72_phi0.250_k082,0.8,7,0,0.08091495124287995,0.9285714285714288,1
full,models_seed2.pt,value-only,0,T18_m72_phi0.250_k120,0.3,3,0,0.016297235087971984,0.5,5
full,models_seed2.pt,value-only,1,T18_m60_phi0.250_k045,0.3,8,1,0.0,-0.07142857142857144,0
full,models_seed2.pt,value-only,1,T18_m60_phi0.250_k045,0.8,8,1,0.0,0.5952380952380953,0
full,models_seed2.pt,value-only,1,T18_m60_phi0.250_k082,0.3,8,1,0.0,0.1666666666666667,0
full,models_seed2.pt,value-only,1,T18_m60_phi0.250_k082,0.8,8,1,0.0,0.5476190476190477,0
full,models_seed2.pt,value-only,1,T18_m66_phi0.250_k022,0.3,8,0,0.10297455515142495,0.09523809523809526,0
full,models_seed2.pt,value-only,1,T18_m66_phi0.250_k022,0.8,8,0,0.02116841186309415,0.4761904761904762,0
full,models_seed2.pt,value-only,1,T18_m66_phi0.250_k045,0.3,8,0,0.08938206652317326,0.4523809523809524,0
full,models_seed2.pt,value-only,1,T18_m66_phi0.250_k045,0.8,6,0,0.050343796317616096,0.2571428571428572,2
full,models_seed2.pt,value-only,1,T18_m66_phi0.250_k082,0.3,8,0,0.014594262571121064,0.30952380952380953,0
full,models_seed2.pt,value-only,1,T18_m66_phi0.250_k082,0.8,7,1,0.0,0.7500000000000002,1
full,models_seed2.pt,value-only,1,T18_m66_phi0.250_k120,0.3,3,1,0.0,1.0,5
full,models_seed2.pt,value-only,1,T18_m72_phi0.250_k045,0.3,8,0,0.026796754455606475,0.09523809523809526,0
full,models_seed2.pt,value-only,1,T18_m72_phi0.250_k045,0.8,5,0,0.042515365470562116,0.7,2
full,models_seed2.pt,value-only,1,T18_m72_phi0.250_k082,0.3,8,0,0.03410361889752345,-0.5714285714285715,0
full,models_seed2.pt,value-only,1,T18_m72_phi0.250_k082,0.8,7,1,0.0,0.28571428571428575,1
full,models_seed2.pt,value-only,1,T18_m72_phi0.250_k120,0.3,3,0,0.016297235087971984,0.5,5
full,models_seed2.pt,Sobolev,0,T18_m60_phi0.250_k045,0.3,8,1,0.0,0.2380952380952381,0
full,models_seed2.pt,Sobolev,0,T18_m60_phi0.250_k045,0.8,8,1,0.0,0.261904761904762,0
full,models_seed2.pt,Sobolev,0,T18_m60_phi0.250_k082,0.3,8,0,0.03727610625472266,0.14285714285714288,0
full,models_seed2.pt,Sobolev,0,T18_m60_phi0.250_k082,0.8,8,1,0.0,0.880952380952381,0
full,models_seed2.pt,Sobolev,0,T18_m66_phi0.250_k022,0.3,8,0,0.07310323497564752,-0.5476190476190477,0
full,models_seed2.pt,Sobolev,0,T18_m66_phi0.250_k022,0.8,8,0,0.02116841186309415,0.38095238095238104,0
full,models_seed2.pt,Sobolev,0,T18_m66_phi0.250_k045,0.3,8,0,0.08938206652317326,0.5714285714285715,0
full,models_seed2.pt,Sobolev,0,T18_m66_phi0.250_k045,0.8,6,1,0.0,0.7142857142857143,2
full,models_seed2.pt,Sobolev,0,T18_m66_phi0.250_k082,0.3,8,0,0.014594262571121064,0.3571428571428572,0
full,models_seed2.pt,Sobolev,0,T18_m66_phi0.250_k082,0.8,7,1,0.0,0.7500000000000002,1
full,models_seed2.pt,Sobolev,0,T18_m66_phi0.250_k120,0.3,3,0,0.020976648146268317,-1.0,5
full,models_seed2.pt,Sobolev,0,T18_m72_phi0.250_k045,0.3,8,0,0.01350832952152814,0.5952380952380953,0
full,models_seed2.pt,Sobolev,0,T18_m72_phi0.250_k045,0.8,5,1,0.0,0.7999999999999999,2
full,models_seed2.pt,Sobolev,0,T18_m72_phi0.250_k082,0.3,8,0,0.030966892951283853,-0.4761904761904762,0
full,models_seed2.pt,Sobolev,0,T18_m72_phi0.250_k082,0.8,7,1,0.0,0.8214285714285715,1
full,models_seed2.pt,Sobolev,0,T18_m72_phi0.250_k120,0.3,3,0,0.04130475997840044,-0.5,5
full,models_seed2.pt,Sobolev,1,T18_m60_phi0.250_k045,0.3,8,1,0.0,0.09523809523809526,0
full,models_seed2.pt,Sobolev,1,T18_m60_phi0.250_k045,0.8,8,1,0.0,0.6190476190476191,0
full,models_seed2.pt,Sobolev,1,T18_m60_phi0.250_k082,0.3,8,0,0.03727610625472266,0.14285714285714288,0
full,models_seed2.pt,Sobolev,1,T18_m60_phi0.250_k082,0.8,8,1,0.0,0.6428571428571429,0
full,models_seed2.pt,Sobolev,1,T18_m66_phi0.250_k022,0.3,8,0,0.040845708834687855,0.1666666666666667,0
full,models_seed2.pt,Sobolev,1,T18_m66_phi0.250_k022,0.8,8,0,0.02116841186309415,0.4761904761904762,0
full,models_seed2.pt,Sobolev,1,T18_m66_phi0.250_k045,0.3,8,0,0.08938206652317326,0.5714285714285715,0
full,models_seed2.pt,Sobolev,1,T18_m66_phi0.250_k045,0.8,6,1,0.0,0.7714285714285715,2
full,models_seed2.pt,Sobolev,1,T18_m66_phi0.250_k082,0.3,8,0,0.014594262571121064,0.3571428571428572,0
full,models_seed2.pt,Sobolev,1,T18_m66_phi0.250_k082,0.8,7,1,0.0,0.6785714285714287,1
full,models_seed2.pt,Sobolev,1,T18_m66_phi0.250_k120,0.3,3,0,0.020976648146268317,-1.0,5
full,models_seed2.pt,Sobolev,1,T18_m72_phi0.250_k045,0.3,8,0,0.01350832952152814,0.5952380952380953,0
full,models_seed2.pt,Sobolev,1,T18_m72_phi0.250_k045,0.8,5,1,0.0,0.7999999999999999,2
full,models_seed2.pt,Sobolev,1,T18_m72_phi0.250_k082,0.3,8,0,0.030966892951283853,-0.09523809523809526,0
full,models_seed2.pt,Sobolev,1,T18_m72_phi0.250_k082,0.8,7,1,0.0,0.21428571428571433,1
full,models_seed2.pt,Sobolev,1,T18_m72_phi0.250_k120,0.3,3,0,0.04130475997840044,-0.5,5
