ok,status,iters,U_peak,effort,J,d_s,d_f,phi_l,phi_c,t_l,U_catch,U_imp,req_cap_N,req_cap_BW,U_swing,U_hold,U_catchphase,vrel_x,vrel_y,vrel_norm,wall_min_S,joint_margin_S_deg,wall_min_F,joint_margin_F_deg,wall_min_H,joint_margin_H_deg,wall_min,joint_margin_deg,u_max,task_key,fn,stature,cap_scale
True,Solve_Succeeded,82.0,1.0898321772448765,3.442357611810192,14.344662495330613,5.822419914315959,0.4665550270979097,0.2499999999999998,0.27591972372766155,22.499999999999996,1.0898319987098997,0.047453463447933796,1416.7818304183395,2.1882152262971295,1.0898311911181515,1.0898320845403493,,2.1288283335244573,-2.6190751338489036,3.375124387391103,-0.0006987248867918183,-6.516669224221014e-22,0.029999999999999805,2.5932391255495716e-05,-0.0006987789950478884,2.57212591275754e-06,-0.0006987789950478884,-6.516669224221014e-22,0.9999915009255914,"{""stature"": 1.8}",results/suite/exp8/bodies/sol_stature1.80.pkl,1.8,
True,Solve_Succeeded,92.0,1.130202162768657,3.367948506448235,14.674139820004017,5.730049974706643,0.4711042565660819,0.2499999999999998,0.2761724586981155,22.499999999999996,1.130201847852054,0.045186598192569136,1469.262811599254,2.269271942049322,1.1302002010229482,1.1302018452383251,,2.096896249246101,-2.5459639273777093,3.298318692851086,-0.0006194191586193273,-2.7059482409513706e-21,0.029999999999999805,2.265166536056163e-05,-0.0006195284336092399,5.675666382358615e-06,-0.0006195284336092399,-2.7059482409513706e-21,0.9999760007807103,"{""cap_scale"": 1.05}",results/suite/exp8/bodies/sol_cap_scale1.05.pkl,,1.05
True,Solve_Succeeded,197.0,1.3314855336242684,3.485870901764027,16.80644151605442,5.762594317002493,0.47641701893417476,0.2499999999999998,0.2764676121630095,22.499999999999996,1.3314854913368717,0.04330826340697116,1730.9311937115488,2.673417962054102,1.2237324255190838,1.3314854885707639,,2.2052539836066924,-2.534270684135073,3.3594155790374662,-0.0005049612069715163,4.3578419367155505e-25,0.029526945261107357,2.2731405733980415e-06,-0.0005049648996786615,2.2731405733980415e-06,-0.0005049648996786615,4.3578419367155505e-25,0.9999985706312033,"{""stature"": 1.65}",results/suite/exp8/bodies/sol_stature1.65.pkl,1.65,
True,Solve_Succeeded,226.0,1.054554439970034,3.4047128433294986,13.954386917329064,5.776295855045369,0.4645254728902579,0.2499999999999998,0.27580697071612525,22.499999999999996,1.0545543815585199,0.047500608315884825,1370.9207719610442,2.1173829610493993,1.0545541670391427,1.0545543879120256,,2.2593927030762324,-2.783479304439728,3.5850540337571477,-0.0008011902463207279,-5.924244749291831e-24,0.029999999999999805,1.0713781088042699e-05,-0.0008012254751892378,8.502276967261051e-07,-0.0008012254751892378,-5.924244749291831e-24,0.9999961661772172,"{""stature"": 1.85}",results/suite/exp8/bodies/sol_stature1.85.pkl,1.85,
True,Solve_Succeeded,261.0,1.0085713870454343,3.371247791346126,13.46177613628503,5.767963488953344,0.4557516130754606,0.2499999999999998,0.2753195340597476,22.499999999999996,1.0085713380492027,0.04661990195607995,1311.1428031590644,2.025056070118717,1.0085711857195294,1.0085713307893858,,2.165337066840894,-2.684175898663426,3.448693211638394,-0.0009387647527340642,-7.555390753093349e-18,0.029999999999999805,1.6833256561932025e-05,-0.0009387801601730139,3.2875917328805235e-07,-0.0009387801601730139,-7.555390753093349e-18,0.9999983558960406,"{""stature"": 1.9}",results/suite/exp8/bodies/sol_stature1.90.pkl,1.9,
True,Solve_Succeeded,293.0,1.214024150162041,3.4361894635378905,15.581240583357854,5.708877939351763,0.47367067115995737,0.2499999999999998,0.2763150372866641,22.499999999999996,1.2140240997926357,0.04247610135472958,1578.2313952106533,2.437573587882886,1.2140234102546905,1.2140240837878535,,2.081862726316095,-2.4633637028030466,3.225261717056745,-0.0005564101781941888,0.0,0.03,2.4343656127562345e-06,-0.0005564236232444841,1.7650641698350713e-06,-0.0005564236232444841,0.0,0.9999973001586611,"{""stature"": 1.7}",results/suite/exp8/bodies/sol_stature1.70.pkl,1.7,
True,Solve_Succeeded,398.0,1.1672475100346422,3.608661661782995,15.286316879286487,5.699417121125813,0.47533928638560313,0.2500000000204072,0.2764077381529406,22.50000000036733,1.167247427244178,0.044949755236865445,1517.4217630450348,2.343653296026063,1.1672470670110218,1.1672473939740744,,2.1771950505791264,-2.6481145212685013,3.42821948043286,-0.0006194723557264668,-1.261091530800109e-07,0.029999999981958236,5.201167711595464e-06,-0.0006195400352617675,2.711120293419691e-06,-0.0006195400352617675,-1.261091530800109e-07,0.9999939548480992,"{""cap_scale"": 0.9}",results/suite/exp8/bodies/sol_cap_scale0.90.pkl,,0.9
True,Solve_Succeeded,113.0,1.1214108192990524,3.3237555758483617,14.541496426043604,5.7499062953042355,0.47018473721289045,0.2499999999999996,0.2761213742896046,22.499999999999993,1.1214107469116945,0.04578522002711263,1457.834065088768,2.2516202778376546,1.1214102904593042,1.1214107909279798,,2.0441003582739716,-2.5290743630216825,3.25185537937795,-0.000619512447395304,8.886367123937747e-24,0.02999999999999936,7.653895149972099e-06,-0.0006195415285219497,9.98108178223922e-07,-0.0006195415285219497,8.886367123937747e-24,0.9999918291371562,"{""cap_scale"": 1.1}",results/suite/exp8/bodies/sol_cap_scale1.10.pkl,,1.1
True,Solve_Succeeded,397.0,1.1480808828989086,3.499507651426881,14.9850011253875,5.699110343704432,0.47297865909286535,0.25,0.27627659217182593,22.5,1.148080865285859,0.04435283330173587,1492.5051477685813,2.3051696595443443,1.1480807283690928,1.1480808632351154,,2.145686717251644,-2.5919113082024623,3.364814366079938,-0.0006195284546050683,-8.708639781458991e-22,0.03,9.737991033768559e-07,-0.0006195430203068675,1.8238266796024034e-07,-0.0006195430203068675,-8.708639781458991e-22,0.9999986455721146,"{""cap_scale"": 0.95}",results/suite/exp8/bodies/sol_cap_scale0.95.pkl,,0.95
True,Solve_Succeeded,161.0,1.11760507312265,3.2240144640683432,14.403626591935252,5.717713685784197,0.471268292273351,0.2499999999999998,0.2761815717929637,22.499999999999996,1.1176050798458617,0.04644832070883615,1452.886595059445,2.2439789254308296,1.1176050652850644,1.1176050879359072,,2.085442873449454,-2.562874906882562,3.304148871759476,-0.000619544747211577,-1.1919505225436747e-22,0.029999999999999805,-9.377097819617261e-07,-0.0006195455423254614,-9.377097819617261e-07,-0.0006195455423254614,-9.377097819617261e-07,0.9708701998168778,"{""cap_scale"": 1.2}",results/suite/exp8/bodies/sol_cap_scale1.20.pkl,,1.2
True,Solve_Succeeded,907.0,2.120433350825633,3.620367659073425,24.838132139045687,6.000000059930429,0.5223883795701465,0.25,0.2790215766427859,22.5,2.120433360744277,0.8219886604275307,2756.5633560733227,4.257503716172926,1.428187163532478,1.5924034868675632,,1.7768092530984017,-2.6618874081629573,3.2004211747256965,-0.0004622122203358798,-5.726483045948543e-07,0.021440000692590652,-1.1256748640822308e-06,-0.0004622122204400725,-5.728313518778819e-07,-0.0004622122204400725,-1.1256748640822308e-06,1.0000000098775983,"{""stature"": 1.6}",results/suite/exp8/bodies/sol_stature1.60.pkl,1.6,
False,Infeasible_Problem_Detected,,,,,,,,,,,,,,,,,,,,,,,,,,,,,"{""cap_scale"": 0.8}",results/suite/exp8/bodies/sol_cap_scale0.80.pkl,,0.8
