ctrl,ref,T,m,phi,U_star,start,knot,sig_th,sig_thd,seed,control_dt,n_fail,n_solve,solve_s,reason,t,success_held,U_peak,U_peak_A,U_peak_C,E,d_min,released,caught,release_time,catch_time,catch_off,catch_hx,catch_hy,jr_max,wall_max,slip,wall_s,swing_err,first_failure,t_first_failure,succ_1,succ_1.25,succ_1.5,succ_1.75,succ_2,succ_2.25,succ_2.5,t_exc_1,t_exc_1.25,t_exc_1.5,t_exc_1.75,t_exc_2,t_exc_2.25,t_exc_2.5,body,wrong_condition,task_key
SMPC,sol_stature1.80.pkl,18.0,66.0,0.25,1.0898321772448765,rest,,0.0,0.0,0,0.002,1,,,slipped off A,0.1919999999998936,0,1.289879929016723,1.289879929016723,0.0,0.0980047849734339,,0,0,,,,,,0.0097054202265485,0.0028646356445084,0.0,32.3,,slipped off A,0.1919999999998936,0,0,0,0,0,0,0,0.03599999999998,0.0549999999999712,,,,,,sol_stature1.80.pkl,0,sol_stature1.80.pkl_w0_s0
SMPC,sol_stature1.80.pkl,18.0,66.0,0.25,1.0898321772448765,rest,,0.01,0.1,1,0.002,6,,,no release,18.001999999994784,0,1.6167835666873172,1.6167835666873172,0.0,8.925230546081277,,0,0,,,,,,0.0240187086044429,0.0044308125107496,0.0,2103.7,,no release,18.001999999994784,0,0,0,0,0,0,0,0.0369999999999812,6.467999999996415,16.849499999993373,,,,,sol_stature1.80.pkl,0,sol_stature1.80.pkl_w0_s1
SMPC,sol_stature1.80.pkl,18.0,66.0,0.25,1.0898321772448765,rest,,0.01,0.1,2,0.002,6,,,no release,18.001999999994784,0,1.283012829636654,1.283012829636654,0.0,8.698905555595816,,0,0,,,,,,0.020646665500403,0.0080182385751937,0.0,1678.2,,no release,18.001999999994784,0,0,0,0,0,0,0,0.0364999999999788,14.190499999992134,,,,,,sol_stature1.80.pkl,0,sol_stature1.80.pkl_w0_s2
SMPC,sol_cap_scale1.05.pkl,18.0,66.0,0.25,1.130202162768657,rest,,0.01,0.1,1,0.002,5,,,slipped off A,10.251999999994318,0,1.3532071156830605,1.3532071156830605,0.0,4.8900194687857566,,0,0,,,,,,0.014276902707228256,0.005237915388662424,0.0,1340.6,,slipped off A,10.251999999994318,0,0,0,0,0,0,0,0.03349999999998232,0.05349999999997124,,,,,,sol_cap_scale1.05.pkl,0,sol_cap_scale1.05.pkl_w0_s1
SMPC,sol_cap_scale1.05.pkl,18.0,66.0,0.25,1.130202162768657,rest,,0.01,0.1,2,0.002,9,,,slipped off A,9.817999999994559,0,1.4480038215723157,1.4480038215723157,0.0,4.548201447510289,,0,0,,,,,,0.02655154030585627,0.004037203359834532,0.0,1401.9,,slipped off A,9.817999999994559,0,0,0,0,0,0,0,0.033999999999981156,4.1219999999977155,,,,,,sol_cap_scale1.05.pkl,0,sol_cap_scale1.05.pkl_w0_s2
SMPC,sol_cap_scale1.05.pkl,18.0,66.0,0.25,1.130202162768657,rest,,0.0,0.0,0,0.002,5,,,no release,18.001999999994943,0,1.4224200750602491,1.4224200750602491,0.0,9.633158623729884,,0,0,,,,,,0.03266212621554776,0.009660582623991998,0.0,2481.2,,no release,18.001999999994943,0,0,0,0,0,0,0,0.016999999999992355,0.02049999999998775,,,,,,sol_cap_scale1.05.pkl,0,sol_cap_scale1.05.pkl_w0_s0
SMPC,sol_stature1.80.pkl,18.0,66.0,0.25,1.0898321772448765,rest,,0.0,0.0,0,0.002,0,,,no release,18.001999999994784,0,0.9004807047214737,0.9004807047214737,0.0,5.77467362499748,,0,0,,,,,,0.024304075540936887,0.0022491522984108454,0.0,2847.0,,no release,18.001999999994784,0,0,0,0,0,0,0,,,,,,,,sol_stature1.80.pkl,1,sol_stature1.80.pkl_w1_s0
SMPC,sol_stature1.80.pkl,18.0,66.0,0.25,1.0898321772448765,rest,,0.01,0.1,1,0.002,2,,,no release,18.001999999994784,0,0.87694206816117,0.87694206816117,0.0,5.7256924512675305,,0,0,,,,,,0.022843368696751853,0.003208536902870358,0.0,2881.3,,no release,18.001999999994784,0,0,0,0,0,0,0,,,,,,,,sol_stature1.80.pkl,1,sol_stature1.80.pkl_w1_s1
SMPC,sol_stature1.80.pkl,18.0,66.0,0.25,1.0898321772448765,rest,,0.01,0.1,2,0.002,3,,,no release,18.001999999994784,0,1.2174056965564064,1.2174056965564064,0.0,5.6871389856708126,,0,0,,,,,,0.0564997432099712,0.002867556595245714,0.0,2926.2,,no release,18.001999999994784,0,0,0,0,0,0,0,12.947999999992824,,,,,,,sol_stature1.80.pkl,1,sol_stature1.80.pkl_w1_s2
SMPC,sol_cap_scale1.05.pkl,18.0,66.0,0.25,1.130202162768657,rest,,0.0,0.0,0,0.002,0,,,no release,18.001999999994943,0,1.4208168328169715,1.4208168328169715,0.0,8.12273132296095,,0,0,,,,,,0.009404048270235221,0.001981776352719863,0.0,2199.7,,no release,18.001999999994943,0,0,0,0,0,0,0,2.2779999999987375,4.38699999999757,,,,,,sol_cap_scale1.05.pkl,1,sol_cap_scale1.05.pkl_w1_s0
SMPC,sol_cap_scale1.05.pkl,18.0,66.0,0.25,1.130202162768657,rest,,0.01,0.1,1,0.002,1,,,no release,18.001999999994943,0,1.313335442756069,1.313335442756069,0.0,8.104152215275759,,0,0,,,,,,0.021933903968002405,0.0017441585719694744,0.0,2260.2,,no release,18.001999999994943,0,0,0,0,0,0,0,0.019999999999988916,2.6859999999985114,,,,,,sol_cap_scale1.05.pkl,1,sol_cap_scale1.05.pkl_w1_s1
SMPC,sol_stature1.65.pkl,18.0,66.0,0.25,1.3314855336242684,rest,,0.01,0.1,2,0.002,14,,,slipped off A,4.978999999997242,0,2.3129662690429034,2.3129662690429034,0.0,1.8484664001931337,,0,0,,,,,,0.04902504438735855,0.015130466056785384,0.0,854.2,,grip capacity exceeded,4.746999999997371,0,0,0,0,0,0,0,4.72949999999738,4.735999999997375,4.740499999997372,4.743999999997371,4.746999999997371,4.7514999999973675,,sol_stature1.65.pkl,0,sol_stature1.65.pkl_w0_s2
SMPC,sol_stature1.65.pkl,18.0,66.0,0.25,1.3314855336242684,rest,,0.01,0.1,1,0.002,15,,,missed B,5.502999999996952,0,1.2348217149332552,1.2348217149332552,0.0,1.500041276076563,1.3856715173466982,1,0,5.2459999999970925,,,,,0.0015573122775131183,0.0006508559319147993,0.0,978.6,,missed B,5.502999999996952,0,0,0,0,0,0,0,5.103999999997171,,,,,,,sol_stature1.65.pkl,0,sol_stature1.65.pkl_w0_s1
SMPC,sol_cap_scale1.05.pkl,18.0,66.0,0.25,1.130202162768657,rest,,0.01,0.1,2,0.002,1,,,no release,18.001999999994943,0,1.2952688640850185,1.2952688640850185,0.0,7.98706937027972,,0,0,,,,,,0.024610493826478702,0.0014914037386015832,0.0,2230.0,,no release,18.001999999994943,0,0,0,0,0,0,0,0.020999999999990138,4.78499999999735,,,,,,sol_cap_scale1.05.pkl,1,sol_cap_scale1.05.pkl_w1_s2
SMPC,sol_stature1.65.pkl,18.0,66.0,0.25,1.3314855336242684,rest,,0.0,0.0,0,0.002,23,,,slipped off A,17.39999999999415,0,1.2946970581149686,1.2946970581149686,0.0,6.56808861927755,,0,0,,,,,,0.02275011844566452,0.005842064432327765,0.0,2608.0,,slipped off A,17.39999999999415,0,0,0,0,0,0,0,0.17999999999990024,16.813999999993435,,,,,,sol_stature1.65.pkl,0,sol_stature1.65.pkl_w0_s0
SMPC,sol_stature1.85.pkl,18.0,66.0,0.25,1.054554439970034,rest,,0.0,0.0,0,0.002,3,,,no release,18.00199999999486,0,0.9176400008916109,0.9176400008916109,0.0,5.433963144861106,,0,0,,,,,,0.013454232304171865,0.0030237948637610503,0.0,2058.2,,no release,18.00199999999486,0,0,0,0,0,0,0,,,,,,,,sol_stature1.85.pkl,0,sol_stature1.85.pkl_w0_s0
SMPC,sol_stature1.65.pkl,18.0,66.0,0.25,1.3314855336242684,rest,,0.0,0.0,0,0.002,14,,,no release,18.001999999994887,0,1.1918602347350642,1.1918602347350642,0.0,6.101413117174513,,0,0,,,,,,0.018477875751120754,0.003416117637934757,0.0,2761.5,,no release,18.001999999994887,0,0,0,0,0,0,0,0.01949999999999008,,,,,,,sol_stature1.65.pkl,1,sol_stature1.65.pkl_w1_s0
SMPC,sol_stature1.65.pkl,18.0,66.0,0.25,1.3314855336242684,rest,,0.01,0.1,1,0.002,5,,,no release,18.001999999994887,0,1.2390397214386337,1.2390397214386337,0.0,6.1292493396514205,,0,0,,,,,,0.019060647980753354,0.005041326517368562,0.0,2668.2,,no release,18.001999999994887,0,0,0,0,0,0,0,0.01849999999998886,,,,,,,sol_stature1.65.pkl,1,sol_stature1.65.pkl_w1_s1
SMPC,sol_stature1.65.pkl,18.0,66.0,0.25,1.3314855336242684,rest,,0.01,0.1,2,0.002,11,,,no release,18.001999999994887,0,1.2308789740716635,1.2308789740716635,0.0,6.161116620394089,,0,0,,,,,,0.012475207184741821,0.0053831602257009194,0.0,2708.7,,no release,18.001999999994887,0,0,0,0,0,0,0,0.018999999999991246,,,,,,,sol_stature1.65.pkl,1,sol_stature1.65.pkl_w1_s2
SMPC,sol_stature1.85.pkl,18.0,66.0,0.25,1.054554439970034,rest,,0.01,0.1,1,0.002,4,,,no release,18.00199999999486,0,0.87744518946614,0.87744518946614,0.0,5.439826662054216,,0,0,,,,,,0.018626082408005007,0.00701916583233431,0.0,2055.9,,no release,18.00199999999486,0,0,0,0,0,0,0,,,,,,,,sol_stature1.85.pkl,0,sol_stature1.85.pkl_w0_s1
SMPC,sol_stature1.85.pkl,18.0,66.0,0.25,1.054554439970034,rest,,0.01,0.1,2,0.002,8,,,no release,18.00199999999486,0,0.914762790604525,0.914762790604525,0.0,5.499620601735415,,0,0,,,,,,0.020077535597921414,0.0067540278256090006,0.0,2184.4,,no release,18.00199999999486,0,0,0,0,0,0,0,,,,,,,,sol_stature1.85.pkl,0,sol_stature1.85.pkl_w0_s2
SMPC,sol_stature1.85.pkl,18.0,66.0,0.25,1.054554439970034,rest,,0.0,0.0,0,0.002,2,,,no release,18.00199999999486,0,0.8314541942419417,0.8314541942419417,0.0,5.639832230351762,,0,0,,,,,,0.015146140520168105,0.00255178132251125,0.0,3449.0,,no release,18.00199999999486,0,0,0,0,0,0,0,,,,,,,,sol_stature1.85.pkl,1,sol_stature1.85.pkl_w1_s0
SMPC,sol_stature1.90.pkl,18.0,66.0,0.25,1.0085713870454343,rest,,0.0,0.0,0,0.002,7,,,no release,18.00199999999488,0,1.0521821838410337,1.0521821838410337,0.0,6.256498502142373,,0,0,,,,,,0.03765414760926877,0.007661722640761089,0.0,3004.1,,no release,18.00199999999488,0,0,0,0,0,0,0,0.3039999999998315,,,,,,,sol_stature1.90.pkl,0,sol_stature1.90.pkl_w0_s0
SMPC,sol_stature1.85.pkl,18.0,66.0,0.25,1.054554439970034,rest,,0.01,0.1,1,0.002,0,,,no release,18.00199999999486,0,0.7924636917716676,0.7924636917716676,0.0,5.646789312169673,,0,0,,,,,,0.008489745005234361,0.001926287422410529,0.0,3438.3,,no release,18.00199999999486,0,0,0,0,0,0,0,,,,,,,,sol_stature1.85.pkl,1,sol_stature1.85.pkl_w1_s1
SMPC,sol_stature1.90.pkl,18.0,66.0,0.25,1.0085713870454343,rest,,0.01,0.1,1,0.002,4,,,no release,18.00199999999488,0,1.167161346540854,1.167161346540854,0.0,6.234873800031981,,0,0,,,,,,0.028603137899324116,0.006066656274138358,0.0,3049.7,,no release,18.00199999999488,0,0,0,0,0,0,0,0.021499999999988972,,,,,,,sol_stature1.90.pkl,0,sol_stature1.90.pkl_w0_s1
SMPC,sol_stature1.85.pkl,18.0,66.0,0.25,1.054554439970034,rest,,0.01,0.1,2,0.002,3,,,no release,18.00199999999486,0,0.9843709157949273,0.9843709157949273,0.0,5.66573840467771,,0,0,,,,,,0.02142086325519693,0.002197825126297079,0.0,3536.3,,no release,18.00199999999486,0,0,0,0,0,0,0,,,,,,,,sol_stature1.85.pkl,1,sol_stature1.85.pkl_w1_s2
SMPC,sol_stature1.90.pkl,18.0,66.0,0.25,1.0085713870454343,rest,,0.01,0.1,2,0.002,7,,,no release,18.00199999999488,0,1.219499390044046,1.219499390044046,0.0,6.170279593573038,,0,0,,,,,,0.019093991648332476,0.006989690165203687,0.0,3207.3,,no release,18.00199999999488,0,0,0,0,0,0,0,0.027499999999985647,,,,,,,sol_stature1.90.pkl,0,sol_stature1.90.pkl_w0_s2
SMPC,sol_stature1.70.pkl,18.0,66.0,0.25,1.214024150162041,rest,,0.01,0.1,2,0.002,2,,,slipped off A,10.15799999999437,0,1.3079416311117478,1.3079416311117478,0.0,4.887231440116406,,0,0,,,,,,0.021668944915473,0.002052851347131436,0.0,1647.5,,slipped off A,10.15799999999437,0,0,0,0,0,0,0,0.03449999999997999,5.053999999997199,,,,,,sol_stature1.70.pkl,0,sol_stature1.70.pkl_w0_s2
SMPC,sol_stature1.70.pkl,18.0,66.0,0.25,1.214024150162041,rest,,0.0,0.0,0,0.002,13,,,slipped off A,17.953499999994925,0,1.7847382413600295,1.7847382413600295,0.0,8.919889074290433,,0,0,,,,,,0.0697963088337365,0.00480322288674041,0.0,2979.8,,slipped off A,17.953499999994925,0,0,0,0,0,0,0,0.01749999999999119,0.019999999999988916,17.17849999999398,17.183999999993986,,,,sol_stature1.70.pkl,0,sol_stature1.70.pkl_w0_s0
SMPC,sol_stature1.90.pkl,18.0,66.0,0.25,1.0085713870454343,rest,,0.0,0.0,0,0.002,0,,,no release,18.00199999999488,0,0.7617073579377605,0.7617073579377605,0.0,5.607714692521806,,0,0,,,,,,0.01398523977251917,0.0025951733325499313,0.0,3459.0,,no release,18.00199999999488,0,0,0,0,0,0,0,,,,,,,,sol_stature1.90.pkl,1,sol_stature1.90.pkl_w1_s0
SMPC,sol_stature1.70.pkl,18.0,66.0,0.25,1.214024150162041,rest,,0.01,0.1,1,0.002,7,,,no release,18.001999999994986,0,1.4313052659208965,1.4313052659208965,0.0,8.854002042236859,,0,0,,,,,,0.02192912959261717,0.007650079800836828,0.0,3062.7,,no release,18.001999999994986,0,0,0,0,0,0,0,0.03349999999998232,0.05849999999996669,,,,,,sol_stature1.70.pkl,0,sol_stature1.70.pkl_w0_s1
SMPC,sol_stature1.90.pkl,18.0,66.0,0.25,1.0085713870454343,rest,,0.01,0.1,1,0.002,1,,,no release,18.00199999999488,0,0.8612722898556747,0.8612722898556747,0.0,5.588576068832421,,0,0,,,,,,0.01702472156399637,0.0026850753882502656,0.0,3500.9,,no release,18.00199999999488,0,0,0,0,0,0,0,,,,,,,,sol_stature1.90.pkl,1,sol_stature1.90.pkl_w1_s1
SMPC,sol_stature1.90.pkl,18.0,66.0,0.25,1.0085713870454343,rest,,0.01,0.1,2,0.002,0,,,no release,18.00199999999488,0,0.781609200624958,0.781609200624958,0.0,5.5291108904688535,,0,0,,,,,,0.010825830662063773,0.0035515809502952578,0.0,3528.7,,no release,18.00199999999488,0,0,0,0,0,0,0,,,,,,,,sol_stature1.90.pkl,1,sol_stature1.90.pkl_w1_s2
SMPC,sol_cap_scale0.90.pkl,18.0,66.0,0.25,1.1672475100346422,rest,,0.01,0.1,1,0.002,3,,,slipped off A,7.217999999996,0,1.1902368937799135,1.1902368937799135,0.0,2.237888175735344,,0,0,,,,,,0.01158634518578261,0.002301269922712538,0.0,1051.8,,slipped off A,7.217999999996,0,0,0,0,0,0,0,5.058499999997196,,,,,,,sol_cap_scale0.90.pkl,0,sol_cap_scale0.90.pkl_w0_s1
SMPC,sol_cap_scale0.90.pkl,18.0,66.0,0.25,1.1672475100346422,rest,,0.0,0.0,0,0.002,9,,,slipped off A,7.314999999995948,0,1.2856964745163755,1.2856964745163755,0.0,2.3038527006520106,,0,0,,,,,,0.11621996701148007,0.006163077316923608,0.0,1141.8,,slipped off A,7.314999999995948,0,0,0,0,0,0,0,5.513499999996945,7.217999999996,,,,,,sol_cap_scale0.90.pkl,0,sol_cap_scale0.90.pkl_w0_s0
SMPC,sol_stature1.70.pkl,18.0,66.0,0.25,1.214024150162041,rest,,0.0,0.0,0,0.002,5,,,no release,18.001999999994986,0,1.0249797085419887,1.0249797085419887,0.0,6.006543504004848,,0,0,,,,,,0.028946193797573183,0.0039309223606377,0.0,2894.4,,no release,18.001999999994986,0,0,0,0,0,0,0,0.023499999999987864,,,,,,,sol_stature1.70.pkl,1,sol_stature1.70.pkl_w1_s0
SMPC,sol_stature1.70.pkl,18.0,66.0,0.25,1.214024150162041,rest,,0.01,0.1,1,0.002,6,,,no release,18.001999999994986,0,1.1350462881047165,1.1350462881047165,0.0,6.067917315965674,,0,0,,,,,,0.017553948219158566,0.004440554972940734,0.0,3021.9,,no release,18.001999999994986,0,0,0,0,0,0,0,0.019999999999988916,,,,,,,sol_stature1.70.pkl,1,sol_stature1.70.pkl_w1_s1
SMPC,sol_stature1.70.pkl,18.0,66.0,0.25,1.214024150162041,rest,,0.01,0.1,2,0.002,5,,,no release,18.001999999994986,0,1.0795024997908327,1.0795024997908327,0.0,5.987196108117741,,0,0,,,,,,0.014260765159113842,0.003332639716852874,0.0,2992.4,,no release,18.001999999994986,0,0,0,0,0,0,0,0.021499999999988972,,,,,,,sol_stature1.70.pkl,1,sol_stature1.70.pkl_w1_s2
SMPC,sol_cap_scale0.90.pkl,18.0,66.0,0.25,1.1672475100346422,rest,,0.01,0.1,2,0.002,15,,,no release,18.001999999995,0,1.3002608960034259,1.3002608960034259,0.0,6.2589712471171035,,0,0,,,,,,0.02197903960367925,0.008826614445550853,0.0,2690.9,,no release,18.001999999995,0,0,0,0,0,0,0,6.083499999996629,8.419999999995333,,,,,,sol_cap_scale0.90.pkl,0,sol_cap_scale0.90.pkl_w0_s2
SMPC,sol_cap_scale1.10.pkl,18.0,66.0,0.25,1.1214108192990524,rest,,0.01,0.1,2,0.002,0,,,hit wall,5.43499999999699,0,1.4496463393410737,1.4496463393410737,0.0,1.6968720216217743,,0,0,,,,,,0.01187112722442718,0.02000629883380617,0.0,729.3,,hit wall,5.43499999999699,0,0,0,0,0,0,0,4.871499999997301,4.871499999997301,,,,,,sol_cap_scale1.10.pkl,0,sol_cap_scale1.10.pkl_w0_s2
SMPC,sol_cap_scale1.10.pkl,18.0,66.0,0.25,1.1214108192990524,rest,,0.0,0.0,0,0.002,12,,,hit wall,5.752999999996813,0,1.6651724461400912,1.6651724461400912,0.0,1.7196966550939676,,0,0,,,,,,0.0628314795729934,0.0200262918921425,0.0,963.1,,hit wall,5.752999999996813,0,0,0,0,0,0,0,5.172499999997132,5.181999999997128,5.189999999997124,,,,,sol_cap_scale1.10.pkl,0,sol_cap_scale1.10.pkl_w0_s0
SMPC,sol_cap_scale0.90.pkl,18.0,66.0,0.25,1.1672475100346422,rest,,0.0,0.0,0,0.002,2,,,no release,18.001999999995,0,1.2705392029802458,1.2705392029802458,0.0,10.63033754083274,,0,0,,,,,,0.014776825642470737,0.0027778065641373677,0.0,2775.6,,no release,18.001999999995,0,0,0,0,0,0,0,0.018999999999991246,5.545999999996926,,,,,,sol_cap_scale0.90.pkl,1,sol_cap_scale0.90.pkl_w1_s0
SMPC,sol_cap_scale0.90.pkl,18.0,66.0,0.25,1.1672475100346422,rest,,0.01,0.1,1,0.002,14,,,slipped off A,17.329499999994177,0,1.609979237974174,1.609979237974174,0.0,10.42598600199929,,0,0,,,,,,0.10454223240111227,0.0066411390588794125,0.0,2870.3,,slipped off A,17.329499999994177,0,0,0,0,0,0,0,0.02299999999998903,4.793499999997344,4.801999999997339,,,,,sol_cap_scale0.90.pkl,1,sol_cap_scale0.90.pkl_w1_s1
SMPC,sol_cap_scale1.10.pkl,18.0,66.0,0.25,1.1214108192990524,rest,,0.01,0.1,1,0.002,5,,,slipped off A,8.383999999995353,0,1.3794896807844566,1.3794896807844566,0.0,2.7651282619181448,,0,0,,,,,,0.04469726943686092,0.004343731276282681,0.0,1240.2,,slipped off A,8.383999999995353,0,0,0,0,0,0,0,6.522999999996387,7.701999999995731,,,,,,sol_cap_scale1.10.pkl,0,sol_cap_scale1.10.pkl_w0_s1
SMPC,sol_cap_scale0.95.pkl,18.0,66.0,0.25,1.1480808828989086,rest,,0.0,0.0,0,0.002,1,,,hit wall,6.819499999996221,0,1.2515113884808147,1.2515113884808147,0.0,2.733184386138145,2.386106904958221,1,0,6.793999999996235,,,,,0.013223724791790348,0.020094552617552074,0.0,926.5,,hit wall,6.819499999996221,0,0,0,0,0,0,0,0.03649999999997888,0.05349999999997124,,,,,,sol_cap_scale0.95.pkl,0,sol_cap_scale0.95.pkl_w0_s0
SMPC,sol_cap_scale0.95.pkl,18.0,66.0,0.25,1.1480808828989086,rest,,0.01,0.1,1,0.002,8,,,hit wall,6.831499999996215,0,1.4196340005810917,1.4196340005810917,0.0,2.82222534591906,2.386796652128376,1,0,6.80199999999623,,,,,0.04135941838365126,0.020143785407821822,0.0,1064.4,,hit wall,6.831499999996215,0,0,0,0,0,0,0,0.03699999999998127,2.2424999999987563,,,,,,sol_cap_scale0.95.pkl,0,sol_cap_scale0.95.pkl_w0_s1
SMPC,sol_cap_scale0.90.pkl,18.0,66.0,0.25,1.1672475100346422,rest,,0.01,0.1,2,0.002,5,,,slipped off A,16.982499999993756,0,1.5348873301418666,1.5348873301418666,0.0,10.235857458212095,,0,0,,,,,,0.04566639777288595,0.004002962300540888,0.0,2891.6,,slipped off A,16.982499999993756,0,0,0,0,0,0,0,0.04449999999997445,5.722499999996828,5.742999999996819,,,,,sol_cap_scale0.90.pkl,1,sol_cap_scale0.90.pkl_w1_s2
SMPC,sol_cap_scale1.10.pkl,18.0,66.0,0.25,1.1214108192990524,rest,,0.0,0.0,0,0.002,5,,,no release,18.001999999994915,0,1.601592938783801,1.601592938783801,0.0,8.126288223193626,,0,0,,,,,,0.029787214427275388,0.004831398917763793,0.0,2650.2,,no release,18.001999999994915,0,0,0,0,0,0,0,1.6049999999991122,4.393499999997566,4.402499999997559,,,,,sol_cap_scale1.10.pkl,1,sol_cap_scale1.10.pkl_w1_s0
SMPC,sol_cap_scale1.10.pkl,18.0,66.0,0.25,1.1214108192990524,rest,,0.01,0.1,1,0.002,1,,,no release,18.001999999994915,0,1.3206950572957583,1.3206950572957583,0.0,8.006905444048678,,0,0,,,,,,0.009620108511420089,0.002161032044024182,0.0,2573.7,,no release,18.001999999994915,0,0,0,0,0,0,0,0.020999999999990138,2.7224999999984902,,,,,,sol_cap_scale1.10.pkl,1,sol_cap_scale1.10.pkl_w1_s1
SMPC,sol_cap_scale1.10.pkl,18.0,66.0,0.25,1.1214108192990524,rest,,0.01,0.1,2,0.002,1,,,no release,18.001999999994915,0,1.400379131299999,1.400379131299999,0.0,7.987840716832005,,0,0,,,,,,0.014201916748358467,0.003770548133429221,0.0,2619.6,,no release,18.001999999994915,0,0,0,0,0,0,0,0.02299999999998903,4.469999999997523,,,,,,sol_cap_scale1.10.pkl,1,sol_cap_scale1.10.pkl_w1_s2
SMPC,sol_cap_scale0.95.pkl,18.0,66.0,0.25,1.1480808828989086,rest,,0.01,0.1,2,0.002,2,,,slipped off A,10.374999999994252,0,1.5069668391980902,1.5069668391980902,0.0,5.176830367725386,,0,0,,,,,,0.03906692394666078,0.003291055314380266,0.0,1576.1,,slipped off A,10.374999999994252,0,0,0,0,0,0,0,0.03699999999998127,0.7814999999995678,6.89199999999618,,,,,sol_cap_scale0.95.pkl,0,sol_cap_scale0.95.pkl_w0_s2
SMPC,sol_cap_scale0.95.pkl,18.0,66.0,0.25,1.1480808828989086,rest,,0.01,0.1,2,0.002,4,,,slipped off A,2.728499999998487,0,1.0859998991774629,1.0859998991774629,0.0,1.1475122992502425,,0,0,,,,,,0.04815671468189997,0.003033663338233029,0.0,441.6,,slipped off A,2.728499999998487,0,0,0,0,0,0,0,0.03699999999998127,,,,,,,sol_cap_scale0.95.pkl,1,sol_cap_scale0.95.pkl_w1_s2
SMPC,sol_cap_scale0.95.pkl,18.0,66.0,0.25,1.1480808828989086,rest,,0.0,0.0,0,0.002,10,,,hit wall,12.256499999993206,0,1.443271234656276,1.443271234656276,0.0,7.489692529804506,,0,0,,,,,,0.019892661115858856,0.02041643135700258,0.0,2028.7,,hit wall,12.256499999993206,0,0,0,0,0,0,0,0.017999999999990024,0.021499999999988972,,,,,,sol_cap_scale0.95.pkl,1,sol_cap_scale0.95.pkl_w1_s0
SMPC,sol_cap_scale0.95.pkl,18.0,66.0,0.25,1.1480808828989086,rest,,0.01,0.1,1,0.002,9,,,hit wall,12.345499999993159,0,2.434639416819437,2.434639416819437,0.0,7.655271185837615,,0,0,,,,,,0.01846939648652768,0.020463064266246028,0.0,1972.5,,grip capacity exceeded,4.657999999997418,0,0,0,0,0,0,0,0.03649999999997888,0.05449999999996891,4.651999999997422,4.655499999997421,4.657999999997418,4.6609999999974185,,sol_cap_scale0.95.pkl,1,sol_cap_scale0.95.pkl_w1_s1
SMPC,sol_cap_scale1.20.pkl,18.0,66.0,0.25,1.11760507312265,rest,,0.0,0.0,0,0.002,3,,,no release,18.00199999999497,0,1.3238835437912972,1.3238835437912972,0.0,7.951026828609271,,0,0,,,,,,0.017277681473667872,0.0022846437291810188,0.0,2758.1,,no release,18.00199999999497,0,0,0,0,0,0,0,1.5199999999991576,4.348499999997589,,,,,,sol_cap_scale1.20.pkl,0,sol_cap_scale1.20.pkl_w0_s0
SMPC,sol_cap_scale1.20.pkl,18.0,66.0,0.25,1.11760507312265,rest,,0.01,0.1,2,0.002,2,,,no release,18.00199999999497,0,1.3087252210173872,1.3087252210173872,0.0,7.927840005157496,,0,0,,,,,,0.023687346319266722,0.007801131582541036,0.0,2694.8,,no release,18.00199999999497,0,0,0,0,0,0,0,0.021499999999988972,4.3799999999975725,,,,,,sol_cap_scale1.20.pkl,0,sol_cap_scale1.20.pkl_w0_s2
SMPC,sol_cap_scale1.20.pkl,18.0,66.0,0.25,1.11760507312265,rest,,0.01,0.1,1,0.002,2,,,no release,18.00199999999497,0,1.3034028170227905,1.3034028170227905,0.0,7.911447885611786,,0,0,,,,,,0.021094150060699396,0.004583418383541373,0.0,2753.9,,no release,18.00199999999497,0,0,0,0,0,0,0,0.02049999999998775,2.56499999999858,,,,,,sol_cap_scale1.20.pkl,0,sol_cap_scale1.20.pkl_w0_s1
SMPC,sol_cap_scale1.20.pkl,18.0,66.0,0.25,1.11760507312265,rest,,0.0,0.0,0,0.002,0,,,no release,18.00199999999497,0,1.350370590660537,1.350370590660537,0.0,7.638737460317931,,0,0,,,,,,0.01404762467586329,0.0015284166482066978,0.0,2612.9,,no release,18.00199999999497,0,0,0,0,0,0,0,1.2199999999993238,4.38549999999757,,,,,,sol_cap_scale1.20.pkl,1,sol_cap_scale1.20.pkl_w1_s0
SMPC,sol_cap_scale1.20.pkl,18.0,66.0,0.25,1.11760507312265,rest,,0.01,0.1,1,0.002,0,,,no release,18.00199999999497,0,1.2996119111095457,1.2996119111095457,0.0,7.465220665548264,,0,0,,,,,,0.025807969154919674,0.004278073694957335,0.0,2732.9,,no release,18.00199999999497,0,0,0,0,0,0,0,0.04999999999997229,1.3434999999992563,,,,,,sol_cap_scale1.20.pkl,1,sol_cap_scale1.20.pkl_w1_s1
SMPC,sol_cap_scale1.20.pkl,18.0,66.0,0.25,1.11760507312265,rest,,0.01,0.1,2,0.002,0,,,no release,18.00199999999497,0,1.2631162969248233,1.2631162969248233,0.0,7.6221430198483135,,0,0,,,,,,0.010029907826525353,0.0017067780327080905,0.0,2760.4,,no release,18.00199999999497,0,0,0,0,0,0,0,1.5094999999991643,2.6474999999985336,,,,,,sol_cap_scale1.20.pkl,1,sol_cap_scale1.20.pkl_w1_s2
SMPC,sol_stature1.60.pkl,18.0,66.0,0.25,2.120433350825633,rest,,0.0,0.0,0,0.002,1,,,no release,18.001999999994467,0,1.356888128556629,1.356888128556629,0.0,7.001111706651108,,0,0,,,,,,0.026246466278086363,0.0013471665184299972,0.0,2752.3,,no release,18.001999999994467,0,0,0,0,0,0,0,2.2184999999987696,4.143999999997703,,,,,,sol_stature1.60.pkl,0,sol_stature1.60.pkl_w0_s0
SMPC,sol_stature1.60.pkl,18.0,66.0,0.25,2.120433350825633,rest,,0.01,0.1,2,0.002,2,,,no release,18.001999999994467,0,1.6228577622445193,1.6228577622445193,0.0,7.063663829669036,,0,0,,,,,,0.01597847278226007,0.0023293789515102126,0.0,2730.0,,no release,18.001999999994467,0,0,0,0,0,0,0,0.016499999999989967,0.018999999999991246,0.021999999999987807,,,,,sol_stature1.60.pkl,0,sol_stature1.60.pkl_w0_s2
SMPC,sol_stature1.60.pkl,18.0,66.0,0.25,2.120433350825633,rest,,0.01,0.1,1,0.002,1,,,no release,18.001999999994467,0,1.6263756716502205,1.6263756716502205,0.0,6.992256188015469,,0,0,,,,,,0.017857415051848097,0.002202285168162843,0.0,2800.3,,no release,18.001999999994467,0,0,0,0,0,0,0,0.017999999999990024,0.020999999999990138,0.02499999999998792,,,,,sol_stature1.60.pkl,0,sol_stature1.60.pkl_w0_s1
SMPC,sol_stature1.60.pkl,18.0,66.0,0.25,2.120433350825633,rest,,0.0,0.0,0,0.002,3,,,no release,18.001999999994467,0,1.3478274532121541,1.3478274532121541,0.0,9.785345305366553,,0,0,,,,,,0.017444829198270284,0.0012524324097124232,0.0,2826.0,,no release,18.001999999994467,0,0,0,0,0,0,0,0.01849999999998886,5.220999999997108,,,,,,sol_stature1.60.pkl,1,sol_stature1.60.pkl_w1_s0
SMPC,sol_stature1.60.pkl,18.0,66.0,0.25,2.120433350825633,rest,,0.01,0.1,1,0.002,9,,,no release,18.001999999994467,0,1.711895939220823,1.711895939220823,0.0,9.947066190398413,,0,0,,,,,,0.042338736558785506,0.0019457728768217126,0.0,2956.1,,no release,18.001999999994467,0,0,0,0,0,0,0,0.026999999999986812,3.889999999997844,5.749999999996813,,,,,sol_stature1.60.pkl,1,sol_stature1.60.pkl_w1_s1
SMPC,sol_stature1.60.pkl,18.0,66.0,0.25,2.120433350825633,rest,,0.01,0.1,2,0.002,7,,,no release,18.001999999994467,0,1.2682574598574876,1.2682574598574876,0.0,9.890142275615018,,0,0,,,,,,0.021274825270146458,0.017256774607604275,0.0,2860.6,,no release,18.001999999994467,0,0,0,0,0,0,0,0.03549999999998121,3.911999999997832,,,,,,sol_stature1.60.pkl,1,sol_stature1.60.pkl_w1_s2
