task_key,variant,ok,J_base,J_resolve,J_pred_envelope,err_envelope,err_none,U_base,U_resolve,dlnp_tau,dlnp_mu
tau0.99,tau_cap x0.99,1,14.825625839268465,14.853517726472477,14.85988139730372,0.00636367083124334,0.027891887204011923,1.1394770860773114,1.141278441232574,-0.01005033585350145,0.0
tau1.01,tau_cap x1.01,1,14.825625839268465,14.803842092560117,14.7917111382098,0.01213095435031697,0.021783746708347707,1.1394770860773114,1.1381204159027098,0.009950330853168092,0.0
tau1.05,tau_cap x1.05,1,14.825625839268465,14.674139820004017,14.65932947617993,0.014810343824086303,0.15148601926444805,1.1394770860773114,1.130202162768657,0.04879016416943204,0.0
tau1.1,tau_cap x1.1,1,14.825625839268465,14.541496426043604,14.500770685845891,0.04072574019771302,0.2841294132248606,1.1394770860773114,1.1214108192990524,0.09531017980432493,0.0
mu1.1,mu x1.1,1,14.825625839268465,14.820128065504406,14.777174190773575,0.04295387473083068,0.005497773764059133,1.1394770860773114,1.1382996008342368,0.0,0.09531017980432493
tau0.95,tau_cap x0.95,1,14.825625839268465,14.9850011253875,15.000453869726769,0.015452744339269131,0.15937528611903495,1.1394770860773114,1.1480808828989086,-0.05129329438755058,0.0
tau0.9,tau_cap x0.9,1,14.825625839268465,15.286316879286487,15.184736550726294,0.10158032856019261,0.4606910400180215,1.1394770860773114,1.1672475100346422,-0.10536051565782628,0.0
tau1.2,tau_cap x1.2,1,14.825625839268465,14.403626591935252,14.20420116641463,0.19942542552062115,0.42199924733321303,1.1394770860773114,1.11760507312265,0.1823215567939546,0.0
mu0.9,mu x0.9,1,14.825625839268465,15.039411592163077,14.879186651769016,0.16022494039406077,0.2137857528946121,1.1394770860773114,1.1585689459839539,0.0,-0.10536051565782628
mu1.2,mu x1.2,1,14.825625839268465,14.816678624532623,14.732941301258382,0.08373732327424044,0.00894721473584248,1.1394770860773114,1.138024065068089,0.0,0.1823215567939546
mu0.8,mu x0.8,1,14.825625839268465,15.205636334604996,14.939062545970458,0.2665737886345383,0.3800104953365313,1.1394770860773114,1.1731965351127804,0.0,-0.2231435513142097
tau0.8,tau_cap x0.8,0,14.825625839268465,29.90345936412264,15.586188171080856,,,1.1394770860773114,2.499999580850678,-0.2231435513142097,0.0
