models,model,T,m,stature,cap_scale,n,r2_V,rmse_V,rmse_tau,rho_p,sign_p
models_seed0.pt,value-only,16.0,60.0,1.75,1.0,44,0.9190815300990859,0.23567768748537926,0.12034560851677512,0.14023960535588442,0.5431818181818182
models_seed0.pt,value-only,16.0,63.0,1.75,1.0,43,0.7221213336120922,0.4743602856627033,0.19706458547969116,0.1366656599214739,0.5465116279069767
models_seed0.pt,value-only,16.0,66.0,1.75,1.0,28,0.9805447376927383,0.09735897174064419,0.07087622296850635,0.27504105090311987,0.5857142857142857
models_seed0.pt,value-only,16.0,69.0,1.75,1.0,28,0.9691664520158945,0.08936711709101264,0.058372031168501655,0.24521072796934867,0.5214285714285715
models_seed0.pt,value-only,16.0,72.0,1.75,1.0,37,0.964724296181255,0.1541105137019527,0.06639556480715796,0.46171171171171166,0.6081081081081081
models_seed0.pt,value-only,17.0,60.0,1.75,1.0,188,0.8956230817785372,0.990542258275658,0.5896688926341123,0.21300254466712537,0.5367021276595745
models_seed0.pt,value-only,17.0,63.0,1.75,1.0,44,0.9557010009591668,0.1978895327723534,0.14976891702447434,0.15750528541226214,0.5545454545454546
models_seed0.pt,value-only,17.0,66.0,1.75,1.0,27,0.9470719180334467,0.11666057515043275,0.07575725716930401,0.35866910866910867,0.6444444444444445
models_seed0.pt,value-only,17.0,69.0,1.75,1.0,32,0.9766121731632639,0.07476938746966036,0.07625621141969718,0.19024926686217009,0.553125
models_seed0.pt,value-only,17.0,72.0,1.75,1.0,31,0.9436152135713639,0.15866554609033892,0.05870498754506495,0.4223790322580646,0.5709677419354838
models_seed0.pt,value-only,18.0,60.0,1.75,1.0,128,0.997725653173747,0.2019359680657675,0.21337860550623988,0.2070505630836843,0.565625
models_seed0.pt,value-only,18.0,63.0,1.75,1.0,35,0.8726487635548054,0.3802027664499239,0.2784872294988302,0.1470588235294118,0.5485714285714286
models_seed0.pt,value-only,18.0,66.0,1.65,1.0,20,0.9935526299177508,0.0391615342671798,0.04058610473319599,0.5954887218045113,0.62
models_seed0.pt,value-only,18.0,66.0,1.75,1.0,37,0.8980673951876756,0.1753076844682734,0.09752909357847274,0.26671408250355616,0.5972972972972973
models_seed0.pt,value-only,18.0,66.0,1.75,1.05,20,0.8519519816412778,0.24243039960693255,0.16626664042274095,0.5105263157894737,0.63
models_seed0.pt,value-only,18.0,66.0,1.75,1.1,20,0.9671114849691134,0.0961112676205685,0.0530902902282355,0.4240601503759398,0.645
models_seed0.pt,value-only,18.0,66.0,1.75,1.2,20,0.4080715826528821,0.4567039488508216,1.3510232655446786,0.2639097744360902,0.56
models_seed0.pt,value-only,18.0,66.0,1.8,1.0,20,0.754034493690664,0.3064660759868574,0.21074661332782688,0.40977443609022557,0.63
models_seed0.pt,value-only,18.0,69.0,1.75,1.0,26,0.9846568535429704,0.06971720347077814,0.036848087157431694,0.24478632478632478,0.6230769230769231
models_seed0.pt,value-only,18.0,72.0,1.75,1.0,26,0.9764535577778791,0.1080597392865665,0.06017207011831102,0.5377777777777777,0.5961538461538461
models_seed0.pt,value-only,19.0,60.0,1.75,1.0,43,0.9820914656190157,0.16008222510024542,0.10722927571082787,0.30270311084264573,0.586046511627907
models_seed0.pt,value-only,19.0,63.0,1.75,1.0,40,0.544291787771533,0.6756478834000277,0.4180396269000504,0.032551594746716705,0.57
models_seed0.pt,value-only,19.0,66.0,1.75,1.0,32,0.8842228938574137,0.18946638261937188,0.07155712592967085,0.14882697947214074,0.55625
models_seed0.pt,value-only,19.0,69.0,1.75,1.0,31,0.8295708920868081,0.20992030895433958,0.23298133732985118,0.24616935483870972,0.5645161290322581
models_seed0.pt,value-only,19.0,72.0,1.75,1.0,30,0.9833505042204006,0.07704236539784057,0.050317850516346824,0.44872080088987765,0.5766666666666667
models_seed0.pt,value-only,19.0,75.0,1.75,1.0,22,0.9075777013853693,0.22180133620220602,0.05483363363583998,0.5527950310559007,0.6136363636363636
models_seed0.pt,Sobolev,16.0,60.0,1.75,1.0,44,0.16277955598269345,0.7580791455137719,0.3159078257308348,0.7880902043692741,0.7909090909090909
models_seed0.pt,Sobolev,16.0,63.0,1.75,1.0,43,0.18252590329978646,0.813612699922119,0.33942939485898177,0.6121262458471761,0.6883720930232559
models_seed0.pt,Sobolev,16.0,66.0,1.75,1.0,28,0.7098672409061035,0.3759722722874486,0.15888755436097768,0.9277504105090311,0.85
models_seed0.pt,Sobolev,16.0,69.0,1.75,1.0,28,0.8183708201141626,0.21689962864578313,0.16096080906320515,0.7999452654625068,0.8392857142857143
models_seed0.pt,Sobolev,16.0,72.0,1.75,1.0,37,0.6307669394701054,0.4985913209291554,0.17243383292560385,0.9215267899478425,0.8675675675675676
models_seed0.pt,Sobolev,17.0,60.0,1.75,1.0,188,0.7243273267758317,1.6097840940057488,0.7132544744045815,0.5928478419091685,0.7101063829787234
models_seed0.pt,Sobolev,17.0,63.0,1.75,1.0,44,0.09888839793347326,0.8925142466180042,0.32837965939447467,0.7412966878083157,0.7704545454545455
models_seed0.pt,Sobolev,17.0,66.0,1.75,1.0,27,0.5959140709724776,0.3223427443560056,0.17153258371227867,0.7503052503052503,0.774074074074074
models_seed0.pt,Sobolev,17.0,69.0,1.75,1.0,32,0.8382492661162778,0.19663101357078525,0.1376487036572149,0.9001099706744867,0.85
models_seed0.pt,Sobolev,17.0,72.0,1.75,1.0,31,0.7612074346673705,0.3265217094413551,0.13387760685223293,0.9415322580645162,0.8870967741935484
models_seed0.pt,Sobolev,18.0,60.0,1.75,1.0,128,0.649879759771403,2.5054973230107382,0.4109645438357878,0.6753828282365867,0.74375
models_seed0.pt,Sobolev,18.0,63.0,1.75,1.0,35,0.06622747427611941,1.0295186904353772,0.404479937356058,0.7628851540616246,0.7657142857142857
models_seed0.pt,Sobolev,18.0,66.0,1.65,1.0,20,0.8859028483307483,0.16474255598421597,0.09298691404607251,0.8984962406015037,0.83
models_seed0.pt,Sobolev,18.0,66.0,1.75,1.0,37,0.707913739014235,0.29675630635501243,0.18168626329790102,0.8818160265528685,0.8405405405405405
models_seed0.pt,Sobolev,18.0,66.0,1.75,1.05,20,0.4501985581792267,0.4671848116068556,0.25058284975520306,0.524812030075188,0.695
models_seed0.pt,Sobolev,18.0,66.0,1.75,1.1,20,0.9344589365896042,0.13567783801274658,0.12671348054074774,0.8338345864661654,0.795
models_seed0.pt,Sobolev,18.0,66.0,1.75,1.2,20,-1.5374569970394814,0.9455826981726408,0.7093187157739979,0.6172932330827068,0.535
models_seed0.pt,Sobolev,18.0,66.0,1.8,1.0,20,0.6352321112044143,0.3732102853525628,0.2587625460520522,0.48195488721804514,0.64
models_seed0.pt,Sobolev,18.0,69.0,1.75,1.0,26,0.5907463317324482,0.36006344573135507,0.13740606765116778,0.9254700854700855,0.85
models_seed0.pt,Sobolev,18.0,72.0,1.75,1.0,26,0.8227568736077339,0.2964735599637362,0.11367898927684358,0.911111111111111,0.8615384615384616
models_seed0.pt,Sobolev,19.0,60.0,1.75,1.0,43,0.33645385572338127,0.9744255316277773,0.24726343417524418,0.7843551797040169,0.7930232558139535
models_seed0.pt,Sobolev,19.0,63.0,1.75,1.0,40,0.030606603544259148,0.9854328180741039,0.36735365987585394,0.6984052532833023,0.78
models_seed0.pt,Sobolev,19.0,66.0,1.75,1.0,32,0.5991698881950198,0.3525339834361984,0.2572585719332876,0.753848973607038,0.746875
models_seed0.pt,Sobolev,19.0,69.0,1.75,1.0,31,0.5892856890807032,0.32587608438291304,0.40144891688629847,0.7788306451612903,0.832258064516129
models_seed0.pt,Sobolev,19.0,72.0,1.75,1.0,30,0.6935784581171984,0.33051312636552754,0.13111946020769635,0.9054505005561735,0.8866666666666667
models_seed0.pt,Sobolev,19.0,75.0,1.75,1.0,22,0.7176466287696861,0.3876789888906012,0.07708938987645718,0.9203839638622248,0.8181818181818182
models_seed1.pt,value-only,16.0,60.0,1.75,1.0,44,0.918133390280881,0.23705441048707404,0.11745194850330497,0.15123326286116984,0.5681818181818182
models_seed1.pt,value-only,16.0,63.0,1.75,1.0,43,0.6951892280481727,0.4968163437540286,0.13325315186558523,0.22598912715191785,0.5558139534883721
models_seed1.pt,value-only,16.0,66.0,1.75,1.0,28,0.9763666261635043,0.10730508317426722,0.06318523137986948,0.30870279146141216,0.5857142857142857
models_seed1.pt,value-only,16.0,69.0,1.75,1.0,28,0.9679653366936606,0.09109112785404276,0.05674386005711745,0.210727969348659,0.5392857142857143
models_seed1.pt,value-only,16.0,72.0,1.75,1.0,37,0.9636194258915072,0.15650535372058524,0.07905144884395471,0.3494547178757704,0.5675675675675675
models_seed1.pt,value-only,17.0,60.0,1.75,1.0,188,0.8871952355850113,1.0297563874075255,0.5460554759126149,0.20253130265645908,0.5484042553191489
models_seed1.pt,value-only,17.0,63.0,1.75,1.0,44,0.9547503663165713,0.20000156793254334,0.15638753416707954,0.08386187455954897,0.5568181818181818
models_seed1.pt,value-only,17.0,66.0,1.75,1.0,27,0.9370311065532159,0.1272459785594956,0.06241823554178789,0.34004884004884006,0.6296296296296297
models_seed1.pt,value-only,17.0,69.0,1.75,1.0,32,0.9660981786395956,0.09002028913922062,0.06493088656186234,0.24578445747800587,0.5625
models_seed1.pt,value-only,17.0,72.0,1.75,1.0,31,0.9449007634066552,0.15684636269702312,0.05368424063448429,0.33185483870967747,0.6193548387096774
models_seed1.pt,value-only,18.0,60.0,1.75,1.0,128,0.9974147362871311,0.21529689146852393,0.21020760603932118,0.19860144662149787,0.58046875
models_seed1.pt,value-only,18.0,63.0,1.75,1.0,35,0.8588941115472697,0.4002084539974209,0.25563540628289894,0.14691876750700283,0.54
models_seed1.pt,value-only,18.0,66.0,1.65,1.0,20,0.9775800899386892,0.07302731470142639,0.04605283295081831,0.6526315789473683,0.635
models_seed1.pt,value-only,18.0,66.0,1.75,1.0,37,0.7025517638604135,0.2994677717800433,0.12399304998032268,0.3111664295874822,0.6270270270270271
models_seed1.pt,value-only,18.0,66.0,1.75,1.05,20,0.890127045601999,0.20884841289210065,0.15090015272588733,0.3834586466165413,0.63
models_seed1.pt,value-only,18.0,66.0,1.75,1.1,20,0.9706752374824852,0.09075476251871446,0.0444359267375902,0.43157894736842106,0.605
models_seed1.pt,value-only,18.0,66.0,1.75,1.2,20,0.2228412032361945,0.5233052060032373,1.2815705783728781,0.4413533834586466,0.58
models_seed1.pt,value-only,18.0,66.0,1.8,1.0,20,0.8254338782092366,0.25818159890521974,0.24403514473267648,0.11278195488721804,0.54
models_seed1.pt,value-only,18.0,69.0,1.75,1.0,26,0.9598906731338717,0.11272115486697405,0.0501193470674227,0.29709401709401706,0.6038461538461538
models_seed1.pt,value-only,18.0,72.0,1.75,1.0,26,0.9791372588878055,0.10171545631077676,0.07853596721303843,0.292991452991453,0.5807692307692308
models_seed1.pt,value-only,19.0,60.0,1.75,1.0,43,0.9691470304199956,0.21011718568690835,0.11420017440900952,0.1686801570522501,0.5697674418604651
models_seed1.pt,value-only,19.0,63.0,1.75,1.0,40,0.735005740802117,0.5152229807805493,0.2883131729819683,0.08114446529080677,0.595
models_seed1.pt,value-only,19.0,66.0,1.75,1.0,32,0.8191210588512234,0.23681806152847884,0.09299668111361006,0.07459677419354838,0.571875
models_seed1.pt,value-only,19.0,69.0,1.75,1.0,31,0.810752080263752,0.22120662448323924,0.2643234339531079,0.20423387096774195,0.5580645161290323
models_seed1.pt,value-only,19.0,72.0,1.75,1.0,30,0.9737652068921385,0.09670922149344192,0.048739729074138545,0.4525027808676307,0.6166666666666667
models_seed1.pt,value-only,19.0,75.0,1.75,1.0,22,0.8914176214698936,0.2404116176921506,0.04703278242803894,0.30604178430265394,0.5954545454545455
models_seed1.pt,Sobolev,16.0,60.0,1.75,1.0,44,0.17290950421891216,0.7534789992273289,0.29702713053842233,0.7594080338266385,0.7886363636363637
models_seed1.pt,Sobolev,16.0,63.0,1.75,1.0,43,0.18555958470582157,0.8121016209007474,0.32200432780673854,0.6068408335850195,0.7372093023255814
models_seed1.pt,Sobolev,16.0,66.0,1.75,1.0,28,0.7147501346050028,0.3727950672433002,0.16190543187935014,0.9198139025725232,0.8642857142857143
models_seed1.pt,Sobolev,16.0,69.0,1.75,1.0,28,0.8083915247638433,0.22277854076780496,0.1460458402890456,0.8319649698960044,0.8428571428571429
models_seed1.pt,Sobolev,16.0,72.0,1.75,1.0,37,0.7210597928077169,0.4333611588305456,0.17897015490532836,0.9231863442389757,0.8810810810810811
models_seed1.pt,Sobolev,17.0,60.0,1.75,1.0,188,0.7342446319205616,1.5805629445755849,0.7240041836400202,0.6174402707569165,0.7414893617021276
models_seed1.pt,Sobolev,17.0,63.0,1.75,1.0,44,0.15082267941975402,0.8664131992425376,0.3365644743607561,0.80338266384778,0.8090909090909091
models_seed1.pt,Sobolev,17.0,66.0,1.75,1.0,27,0.5665073849774567,0.33386576387335737,0.1521016952901999,0.7799145299145298,0.8148148148148148
models_seed1.pt,Sobolev,17.0,69.0,1.75,1.0,32,0.8291869263087632,0.20206423072653162,0.16189423398667485,0.9142228739002931,0.8625
models_seed1.pt,Sobolev,17.0,72.0,1.75,1.0,31,0.775298172188214,0.31674149592008255,0.11477237134661333,0.9500000000000001,0.9
models_seed1.pt,Sobolev,18.0,60.0,1.75,1.0,128,0.6688383353549924,2.436718511843129,0.38417823741600937,0.6807532960996154,0.765625
models_seed1.pt,Sobolev,18.0,63.0,1.75,1.0,35,0.0623250077696168,1.0316677541228663,0.4016471815493054,0.7690476190476192,0.7771428571428571
models_seed1.pt,Sobolev,18.0,66.0,1.65,1.0,20,0.8701330445729469,0.175759062733432,0.11600132083943143,0.8857142857142857,0.8
models_seed1.pt,Sobolev,18.0,66.0,1.75,1.0,37,0.7240143444884044,0.2884613603281666,0.16634330286973767,0.7773826458036983,0.8216216216216217
models_seed1.pt,Sobolev,18.0,66.0,1.75,1.05,20,0.5621289884872999,0.41692590029155857,0.18079500734373777,0.7962406015037593,0.815
models_seed1.pt,Sobolev,18.0,66.0,1.75,1.1,20,0.9085407451873835,0.16027507991133927,0.09555478681712208,0.8812030075187969,0.795
models_seed1.pt,Sobolev,18.0,66.0,1.75,1.2,20,0.5723148958787946,0.38820599145550827,0.47513791850347337,0.47518796992481194,0.585
models_seed1.pt,Sobolev,18.0,66.0,1.8,1.0,20,0.7515315528843147,0.308021425985171,0.16534740290318664,0.5714285714285714,0.715
models_seed1.pt,Sobolev,18.0,69.0,1.75,1.0,26,0.7247155019798481,0.29530691780597246,0.10962088586702294,0.9323076923076922,0.8307692307692308
models_seed1.pt,Sobolev,18.0,72.0,1.75,1.0,26,0.7826068524193447,0.32834030148038346,0.1655405100072449,0.916923076923077,0.8615384615384616
models_seed1.pt,Sobolev,19.0,60.0,1.75,1.0,43,0.3030529010229036,0.9986492888703815,0.2393371975018344,0.7438840229537904,0.7674418604651163
models_seed1.pt,Sobolev,19.0,63.0,1.75,1.0,40,0.07899286039128506,0.9605245988036193,0.4149150332071552,0.7097560975609757,0.765
models_seed1.pt,Sobolev,19.0,66.0,1.75,1.0,32,0.6525545834622268,0.32821929765651464,0.20655141720605988,0.7248900293255132,0.771875
models_seed1.pt,Sobolev,19.0,69.0,1.75,1.0,31,0.5472064789650806,0.3421627072559028,0.31941479942690665,0.8153225806451614,0.8193548387096774
models_seed1.pt,Sobolev,19.0,72.0,1.75,1.0,30,0.7192828153075634,0.31634688709010733,0.11766344705812827,0.9083426028921023,0.8633333333333333
models_seed1.pt,Sobolev,19.0,75.0,1.75,1.0,22,0.723182929979258,0.38385942563343406,0.1031877615976395,0.9113495200451723,0.8318181818181818
