models,model,T,m,stature,cap_scale,n,r2_V,rmse_V,rmse_tau,rho_p,sign_p,train
models_seed0.pt,value-only,16.0,60.0,1.75,1.0,44,0.9556314769090636,0.17451474353032106,0.06823002798865933,0.10796335447498237,0.55,True
models_seed0.pt,value-only,16.0,63.0,1.75,1.0,43,0.9390486579727402,0.22216331911883294,0.0655639594617956,0.21368166717003925,0.5627906976744186,True
models_seed0.pt,value-only,16.0,66.0,1.75,1.0,28,0.8429965697187598,0.27657441580449205,0.08077779624303938,0.16912972085385877,0.5857142857142857,True
models_seed0.pt,value-only,16.0,69.0,1.75,1.0,28,0.9631063727552763,0.0977556066619303,0.044739287237191776,0.2687465790914067,0.5535714285714286,True
models_seed0.pt,value-only,16.0,72.0,1.75,1.0,37,0.9732026130611211,0.1343199891228312,0.04754375450031071,0.3411569464201043,0.6054054054054054,True
models_seed0.pt,value-only,17.0,60.0,1.75,1.0,188,0.5926807785084511,1.9567629900080903,0.9468718141211788,0.1467165847641442,0.551595744680851,False
models_seed0.pt,value-only,17.0,63.0,1.75,1.0,44,0.38880658531365686,0.7350471527211339,0.38861870914463537,0.0872445384073291,0.5613636363636364,False
models_seed0.pt,value-only,17.0,66.0,1.75,1.0,27,-0.17294397847351228,0.549186268910544,0.21753386739413377,0.20238095238095238,0.5962962962962963,False
models_seed0.pt,value-only,17.0,69.0,1.75,1.0,32,0.8245097773584841,0.2048119773407341,0.2060439943253016,0.2032624633431085,0.590625,False
models_seed0.pt,value-only,17.0,72.0,1.75,1.0,31,0.2132860168327021,0.592666112241164,0.1937663363329697,0.26008064516129037,0.567741935483871,False
models_seed0.pt,value-only,18.0,60.0,1.75,1.0,128,0.998546209355047,0.1614493381902327,0.1563161771231808,0.20407491759750962,0.57109375,True
models_seed0.pt,value-only,18.0,63.0,1.75,1.0,35,0.7295273844980441,0.5540836562505094,0.3281796914065793,0.14761904761904762,0.5514285714285714,True
models_seed0.pt,value-only,18.0,66.0,1.75,1.0,37,0.980736033042439,0.07621092881088032,0.04506322556099526,0.14378852536747272,0.5648648648648649,True
models_seed0.pt,value-only,18.0,69.0,1.75,1.0,26,0.9768275688277315,0.08567784675066856,0.03915883803176027,0.22051282051282048,0.5807692307692308,True
models_seed0.pt,value-only,18.0,72.0,1.75,1.0,26,0.9936537674582444,0.056099534570108515,0.047389324343822606,0.2899145299145299,0.6384615384615384,True
models_seed0.pt,value-only,19.0,60.0,1.75,1.0,43,-0.32201012835265597,1.3754046268015785,0.5611607278980614,-0.020160072485653883,0.5465116279069767,False
models_seed0.pt,value-only,19.0,63.0,1.75,1.0,40,0.16784059734939105,0.9130199252338592,0.40148072043064315,0.13667917448405253,0.5625,False
models_seed0.pt,value-only,19.0,66.0,1.75,1.0,32,0.1260941130067721,0.5205388530775417,0.3653605297880012,0.22195747800586507,0.590625,False
models_seed0.pt,value-only,19.0,69.0,1.75,1.0,31,0.24711785081018245,0.44121073597631083,0.28371840126671005,0.053024193548387104,0.5258064516129032,False
models_seed0.pt,value-only,19.0,72.0,1.75,1.0,30,0.8705749284756762,0.21480197603287804,0.22564503939744623,0.3824249165739711,0.5966666666666667,False
models_seed0.pt,value-only,19.0,75.0,1.75,1.0,22,0.8533337388227786,0.2794093184068236,0.11813486940552163,0.43083003952569177,0.6863636363636364,False
models_seed0.pt,Sobolev,16.0,60.0,1.75,1.0,44,0.15350211644451583,0.7622678015702838,0.26074019598362685,0.6732205778717406,0.7795454545454545,True
models_seed0.pt,Sobolev,16.0,63.0,1.75,1.0,43,0.2226253873065066,0.7934067586345135,0.1771217437190844,0.7962096043491392,0.7930232558139535,True
models_seed0.pt,Sobolev,16.0,66.0,1.75,1.0,28,0.5831907920693933,0.450636209748078,0.17532013985194164,0.7818828680897646,0.8321428571428572,True
models_seed0.pt,Sobolev,16.0,69.0,1.75,1.0,28,0.7922346358784539,0.23198108332197742,0.07907035029673158,0.7889983579638753,0.8428571428571429,True
models_seed0.pt,Sobolev,16.0,72.0,1.75,1.0,37,0.6765565577011354,0.4666525029128055,0.12501578599204766,0.9342105263157894,0.8756756756756757,True
models_seed0.pt,Sobolev,17.0,60.0,1.75,1.0,188,0.6791833718785578,1.7365976461590802,0.926786477048382,0.26461738789648676,0.5909574468085106,False
models_seed0.pt,Sobolev,17.0,63.0,1.75,1.0,44,-0.0010645714508064064,0.9407124943961753,0.4222482021321127,0.5705426356589147,0.7113636363636363,False
models_seed0.pt,Sobolev,17.0,66.0,1.75,1.0,27,0.621442746316329,0.31199441608838807,0.19531553274157354,0.6974969474969475,0.7814814814814814,False
models_seed0.pt,Sobolev,17.0,69.0,1.75,1.0,32,0.8421570561588454,0.1942412543875306,0.15052345454725177,0.7745601173020527,0.809375,False
models_seed0.pt,Sobolev,17.0,72.0,1.75,1.0,31,0.7525533656223833,0.3323857806214651,0.23891983089953564,0.7985887096774195,0.8290322580645161,False
models_seed0.pt,Sobolev,18.0,60.0,1.75,1.0,128,0.7498361250532677,2.117861872242637,0.3497001882145894,0.7766949734480864,0.77265625,True
models_seed0.pt,Sobolev,18.0,63.0,1.75,1.0,35,0.03227193597347955,1.0480701631736415,0.42167897926841225,0.7247899159663866,0.7685714285714286,True
models_seed0.pt,Sobolev,18.0,66.0,1.75,1.0,37,0.8132393549312927,0.2372941735943832,0.14880128414295113,0.9113323850165955,0.8675675675675676,True
models_seed0.pt,Sobolev,18.0,69.0,1.75,1.0,26,0.6493967533253058,0.3332657702951688,0.1281378342052252,0.9514529914529914,0.8692307692307693,True
models_seed0.pt,Sobolev,18.0,72.0,1.75,1.0,26,0.8702334860430577,0.25367787220275545,0.10699519631021216,0.9456410256410255,0.9038461538461539,True
models_seed0.pt,Sobolev,19.0,60.0,1.75,1.0,43,0.1306416444712727,1.1153534269886471,0.44921124423511544,0.46353065539112054,0.6534883720930232,False
models_seed0.pt,Sobolev,19.0,63.0,1.75,1.0,40,0.0672431598306793,0.9666321027383192,0.4690041222580507,0.47091932457786123,0.6725,False
models_seed0.pt,Sobolev,19.0,66.0,1.75,1.0,32,0.5907603399877281,0.3562129269733092,0.49320918654530277,0.5408724340175952,0.671875,False
models_seed0.pt,Sobolev,19.0,69.0,1.75,1.0,31,0.3841630917424159,0.3990390778859236,0.45592372391460506,0.6393145161290323,0.7387096774193549,False
models_seed0.pt,Sobolev,19.0,72.0,1.75,1.0,30,0.5318841788092015,0.4085128529312319,0.2338795117833733,0.6278086763070077,0.7366666666666667,False
models_seed0.pt,Sobolev,19.0,75.0,1.75,1.0,22,0.36609802558917837,0.5808805401671666,0.17455491948922885,0.6047430830039526,0.7181818181818181,False
models_seed1.pt,value-only,16.0,60.0,1.75,1.0,44,0.9326841895467359,0.21495778412479785,0.060285758022009396,0.16363636363636364,0.5204545454545455,True
models_seed1.pt,value-only,16.0,63.0,1.75,1.0,43,0.928642992217673,0.2403803893043848,0.060782135517292814,0.09528843249773483,0.5488372093023256,True
models_seed1.pt,value-only,16.0,66.0,1.75,1.0,28,0.8639389164142451,0.25746867368437815,0.08169584150488692,0.30295566502463056,0.5714285714285714,True
models_seed1.pt,value-only,16.0,69.0,1.75,1.0,28,0.9699261785166542,0.08825926495179555,0.03796707098350416,0.2164750957854406,0.5607142857142857,True
models_seed1.pt,value-only,16.0,72.0,1.75,1.0,37,0.9715674607882215,0.13835735397005228,0.04353154629035189,0.32681365576102417,0.5891891891891892,True
models_seed1.pt,value-only,17.0,60.0,1.75,1.0,188,0.5822487619424164,1.9816622937622252,0.9577150765916435,0.1378960352677499,0.5579787234042554,False
models_seed1.pt,value-only,17.0,63.0,1.75,1.0,44,0.2925873874158671,0.7907919976009165,0.37483489399800146,0.05137420718816067,0.5340909090909091,False
models_seed1.pt,value-only,17.0,66.0,1.75,1.0,27,0.351683943935186,0.408295340609942,0.16779528661342757,0.25396825396825395,0.5814814814814815,False
models_seed1.pt,value-only,17.0,69.0,1.75,1.0,32,0.659132177646222,0.28544463912921175,0.1924997236255901,0.3082844574780058,0.58125,False
models_seed1.pt,value-only,17.0,72.0,1.75,1.0,31,0.2282129186991091,0.5870166414294616,0.14097925136136116,0.25705645161290325,0.6129032258064516,False
models_seed1.pt,value-only,18.0,60.0,1.75,1.0,128,0.9986292818079013,0.15676872366545502,0.14010666587034518,0.21911623329060612,0.5625,True
models_seed1.pt,value-only,18.0,63.0,1.75,1.0,35,0.6722937453124547,0.6098963789714889,0.3426825471206822,0.022549019607843137,0.4857142857142857,True
models_seed1.pt,value-only,18.0,66.0,1.75,1.0,37,0.9814080620972611,0.07486980850317651,0.0458288671836678,0.20104314841156945,0.5648648648648649,True
models_seed1.pt,value-only,18.0,69.0,1.75,1.0,26,0.9727554877016533,0.09290140067176482,0.037545828133883664,0.4782905982905983,0.5807692307692308,True
models_seed1.pt,value-only,18.0,72.0,1.75,1.0,26,0.9846541103680262,0.08723631309262847,0.046483506127105015,0.33641025641025635,0.6230769230769231,True
models_seed1.pt,value-only,19.0,60.0,1.75,1.0,43,0.02156460895883261,1.1832572287553813,0.5139024651091253,-0.017366354575656898,0.5116279069767442,False
models_seed1.pt,value-only,19.0,63.0,1.75,1.0,40,0.07844102912088424,0.9608123100029609,0.356963934302107,0.06960600375234524,0.55,False
models_seed1.pt,value-only,19.0,66.0,1.75,1.0,32,-0.31823655008783014,0.6393188253575146,0.41895167139258804,0.027859237536656888,0.54375,False
models_seed1.pt,value-only,19.0,69.0,1.75,1.0,31,0.642635751306524,0.3039751790231696,0.29009847730269944,0.13891129032258065,0.5290322580645161,False
models_seed1.pt,value-only,19.0,72.0,1.75,1.0,30,0.4954371914672313,0.4241179788837506,0.19244397862355284,0.19065628476084537,0.53,False
models_seed1.pt,value-only,19.0,75.0,1.75,1.0,22,0.6121502547270047,0.45436778357627755,0.1307752314240729,0.41276115189158674,0.5954545454545455,False
models_seed1.pt,Sobolev,16.0,60.0,1.75,1.0,44,0.1986562618612503,0.7416586408432072,0.2534354392141016,0.7498942917547569,0.7977272727272727,True
models_seed1.pt,Sobolev,16.0,63.0,1.75,1.0,43,0.22964538883581898,0.7898162452232824,0.13467159616869306,0.8243733011174872,0.8186046511627907,True
models_seed1.pt,Sobolev,16.0,66.0,1.75,1.0,28,0.7558225782366333,0.3449134935879984,0.17070207510252283,0.8902572523262179,0.8392857142857143,True
models_seed1.pt,Sobolev,16.0,69.0,1.75,1.0,28,0.7851532541913404,0.2359013289409045,0.1323829682038384,0.7939244663382594,0.8357142857142857,True
models_seed1.pt,Sobolev,16.0,72.0,1.75,1.0,37,0.7295615002719615,0.42670593488223585,0.10270613731744646,0.924845898530109,0.8702702702702703,True
models_seed1.pt,Sobolev,17.0,60.0,1.75,1.0,188,0.6338807156745866,1.8551630061247473,1.1806774845367163,0.21524019020890106,0.5718085106382979,False
models_seed1.pt,Sobolev,17.0,63.0,1.75,1.0,44,0.006844348795910338,0.9369890715368667,0.42567175203687146,0.5849189570119802,0.6954545454545454,False
models_seed1.pt,Sobolev,17.0,66.0,1.75,1.0,27,0.5445608076707431,0.34221278880197553,0.1880052849901943,0.7081807081807082,0.7703703703703704,False
models_seed1.pt,Sobolev,17.0,69.0,1.75,1.0,32,0.8564376592951689,0.1852461340328736,0.16775868863237442,0.6537756598240468,0.803125,False
models_seed1.pt,Sobolev,17.0,72.0,1.75,1.0,31,0.819649135803409,0.28376627207389077,0.20156211152636686,0.6852822580645161,0.8258064516129032,False
models_seed1.pt,Sobolev,18.0,60.0,1.75,1.0,128,0.769421150997178,2.0332700691537897,0.34167639765711844,0.7908092611243362,0.7921875,True
models_seed1.pt,Sobolev,18.0,63.0,1.75,1.0,35,0.04208552786209219,1.04274245706708,0.4109485348294244,0.735014005602241,0.7885714285714286,True
models_seed1.pt,Sobolev,18.0,66.0,1.75,1.0,37,0.834498354843474,0.22338064974971672,0.12083759147009916,0.9224751066856328,0.8621621621621621,True
models_seed1.pt,Sobolev,18.0,69.0,1.75,1.0,26,0.7466064716372216,0.28332213271382506,0.1039933968508201,0.9548717948717949,0.8615384615384616,True
models_seed1.pt,Sobolev,18.0,72.0,1.75,1.0,26,0.8411897094166418,0.2806341945037592,0.09250822829138013,0.9497435897435897,0.9076923076923077,True
models_seed1.pt,Sobolev,19.0,60.0,1.75,1.0,43,-0.034288174779803615,1.2165609425396808,0.4137410681527022,0.4013138024765932,0.5953488372093023,False
models_seed1.pt,Sobolev,19.0,63.0,1.75,1.0,40,0.040275783208521654,0.9805059193406679,0.43173036136852894,0.4161350844277674,0.6625,False
models_seed1.pt,Sobolev,19.0,66.0,1.75,1.0,32,0.38774193746050556,0.43570051653014213,0.43893337417966766,0.5478372434017594,0.66875,False
models_seed1.pt,Sobolev,19.0,69.0,1.75,1.0,31,0.5493557287027273,0.3413496790054648,0.3437019585349737,0.645766129032258,0.7677419354838709,False
models_seed1.pt,Sobolev,19.0,72.0,1.75,1.0,30,0.3905755442756702,0.4661106268271449,0.22421945870956983,0.7045606229143493,0.7733333333333333,False
models_seed1.pt,Sobolev,19.0,75.0,1.75,1.0,22,0.5410731403401763,0.494250950960935,0.20541146607283967,0.5302089215132694,0.6727272727272727,False
